{"type":"FeatureCollection","metadata":{"bbox":{"s":35.648,"w":139.788,"n":35.662,"e":139.806},"source":"OpenStreetMap contributors (ODbL)","count":545},"features":[{"type":"Feature","geometry":{"type":"Polygon","coordinates":[[[139.793757,35.6552705],[139.7937214,35.6552477],[139.7936598,35.6552083],[139.7936323,35.65519],[139.793609,35.6551745],[139.7930364,35.6547901],[139.7931032,35.6547206],[139.7929931,35.6546462],[139.7928839,35.6545723],[139.7929779,35.65448],[139.7929893,35.6544688],[139.7930014,35.6544569],[139.7923802,35.6540407],[139.7919384,35.6544893],[139.7920079,35.6545373],[139.79195,35.6545948],[139.7919362,35.6545861],[139.791903,35.654618],[139.791881,35.6546047],[139.7917861,35.6546837],[139.7917178,35.6547595],[139.7917785,35.6548235],[139.7918459,35.6548833],[139.7919321,35.6549462],[139.7920063,35.6549938],[139.7920939,35.6550417],[139.7921895,35.6550861],[139.7923358,35.6551369],[139.7924489,35.6551643],[139.792494,35.6551752],[139.7925565,35.6553125],[139.7926198,35.6553955],[139.7926875,35.6554659],[139.7927604,35.655525],[139.792858,35.6555776],[139.792868,35.6556077],[139.7927424,35.6557311],[139.7926157,35.655736],[139.7924979,35.6557547],[139.7923761,35.6557986],[139.7922823,35.6558452],[139.7921694,35.6559123],[139.792051,35.656001],[139.7920086,35.6559719],[139.7920624,35.6559609],[139.7920154,35.6559197],[139.7919675,35.6558845],[139.7919517,35.6558729],[139.7918773,35.6558292],[139.7918129,35.655798],[139.7917162,35.6557612],[139.7916198,35.6557301],[139.791612,35.6557502],[139.7915107,35.6557247],[139.7914108,35.6557101],[139.7913413,35.6557054],[139.7913054,35.6557864],[139.791286,35.6558651],[139.7912766,35.6559413],[139.7913132,35.6559524],[139.7910255,35.6562459],[139.7909324,35.6563409],[139.7915359,35.6567393],[139.7915695,35.6567088],[139.7920131,35.657003],[139.7934063,35.6556174],[139.7934246,35.6556008],[139.7934413,35.6555824],[139.793757,35.6552705]]]},"properties":{"id":22823727,"height":50,"heightSource":"height","kind":"retail","name":"アーバンドック ららぽーと豊洲","startDate":null}},{"type":"Feature","geometry":{"type":"Polygon","coordinates":[[[139.794029,35.655432],[139.7947574,35.6559173],[139.79419,35.6564808],[139.7935066,35.6560299],[139.7936767,35.655859],[139.7936264,35.6558217],[139.7936625,35.6557862],[139.7936811,35.6557688],[139.7936975,35.6557512],[139.794029,35.655432]]]},"properties":{"id":22823728,"height":19.2,"heightSource":"levels","kind":"retail","name":"アーバンドック ららぽーと豊洲 ANNEX","startDate":null}},{"type":"Feature","geometry":{"type":"Polygon","coordinates":[[[139.7962709,35.6555682],[139.7959037,35.6559245],[139.7963161,35.6562052],[139.7966833,35.655849],[139.7962709,35.6555682]]]},"properties":{"id":22918543,"height":150,"heightSource":"height","kind":"commercial","name":"豊洲センタービル","startDate":null}},{"type":"Feature","geometry":{"type":"Polygon","coordinates":[[[139.7965725,35.6561321],[139.7971257,35.6555808],[139.7976368,35.6559194],[139.7970836,35.6564707],[139.7965725,35.6561321]]]},"properties":{"id":22918544,"height":150,"heightSource":"height","kind":"commercial","name":"豊洲センタービル アネックス","startDate":null}},{"type":"Feature","geometry":{"type":"Polygon","coordinates":[[[139.7958715,35.6546821],[139.7959446,35.6547322],[139.7959634,35.6547251],[139.7959828,35.6547126],[139.7959902,35.654699],[139.7959922,35.6546832],[139.7959862,35.6546652],[139.7959661,35.6546478],[139.7959453,35.6546385],[139.7959231,35.6546369],[139.7958997,35.6546418],[139.7958849,35.6546554],[139.7958742,35.6546712],[139.7958715,35.6546821]]]},"properties":{"id":97790278,"height":10,"heightSource":"default","kind":"yes","name":null,"startDate":null}},{"type":"Feature","geometry":{"type":"Polygon","coordinates":[[[139.7958843,35.654505],[139.7959138,35.6545323],[139.7959439,35.6545508],[139.7959788,35.6545606],[139.7960096,35.6545595],[139.7960264,35.6545513],[139.7960398,35.654541],[139.7960459,35.6545268],[139.7960452,35.6545099],[139.7960412,35.6544914],[139.7960251,35.6544712],[139.7960003,35.6544478],[139.7959728,35.6544309],[139.7959413,35.6544233],[139.7959138,35.6544216],[139.7958876,35.6544293],[139.7958749,35.6544429],[139.7958702,35.6544647],[139.7958769,35.6544903],[139.7958843,35.654505]]]},"properties":{"id":97790279,"height":10,"heightSource":"default","kind":"yes","name":null,"startDate":null}},{"type":"Feature","geometry":{"type":"Polygon","coordinates":[[[139.7971888,35.6569716],[139.7975547,35.6565999],[139.7977598,35.6567281],[139.7977795,35.6567084],[139.7981037,35.6563846],[139.7981802,35.6563714],[139.7982519,35.656359],[139.7983655,35.6562462],[139.7990627,35.6566999],[139.7990428,35.6567208],[139.7991292,35.6567777],[139.7982372,35.6576641],[139.7980878,35.6576805],[139.7974013,35.6572212],[139.7974154,35.6572081],[139.7972054,35.6570686],[139.7972599,35.6570145],[139.7971888,35.6569716]]]},"properties":{"id":97919207,"height":12,"heightSource":"default","kind":"retail","name":"スーパービバホーム豊洲店","startDate":null}},{"type":"Feature","geometry":{"type":"Polygon","coordinates":[[[139.7973377,35.6555924],[139.7976853,35.6558215],[139.7978019,35.6557048],[139.7974543,35.6554757],[139.7973377,35.6555924]]]},"properties":{"id":99978676,"height":10,"heightSource":"default","kind":"yes","name":null,"startDate":null}},{"type":"Feature","geometry":{"type":"Polygon","coordinates":[[[139.7956944,35.6561402],[139.7961153,35.6564176],[139.7961693,35.6563636],[139.7962466,35.6562862],[139.7958257,35.6560087],[139.795722,35.6561126],[139.7956944,35.6561402]]]},"properties":{"id":99978678,"height":10,"heightSource":"default","kind":"yes","name":null,"startDate":null}},{"type":"Feature","geometry":{"type":"Polygon","coordinates":[[[139.7959799,35.655504],[139.795859,35.6556239],[139.7959441,35.6556805],[139.796065,35.6555606],[139.7959799,35.655504]]]},"properties":{"id":99978679,"height":10,"heightSource":"default","kind":"yes","name":null,"startDate":null}},{"type":"Feature","geometry":{"type":"Polygon","coordinates":[[[139.7984644,35.6540643],[139.7986238,35.6539088],[139.7982202,35.6536357],[139.7982024,35.6536531],[139.7981272,35.6536022],[139.7979901,35.6537359],[139.7980701,35.65379],[139.7980533,35.6538065],[139.7983037,35.653976],[139.7982755,35.6540034],[139.7983748,35.6540706],[139.7984153,35.6540311],[139.7984644,35.6540643]]]},"properties":{"id":102240932,"height":10,"heightSource":"default","kind":"yes","name":null,"startDate":null}},{"type":"Feature","geometry":{"type":"Polygon","coordinates":[[[139.7969765,35.6580515],[139.7970209,35.6580913],[139.797097,35.6580353],[139.7970526,35.6579955],[139.7969765,35.6580515]]]},"properties":{"id":102240933,"height":10,"heightSource":"default","kind":"yes","name":null,"startDate":null}},{"type":"Feature","geometry":{"type":"Polygon","coordinates":[[[139.7961279,35.6582373],[139.7966073,35.6585516],[139.7967132,35.658445],[139.7962338,35.6581306],[139.7961279,35.6582373]]]},"properties":{"id":102240934,"height":25.6,"heightSource":"levels","kind":"yes","name":null,"startDate":null}},{"type":"Feature","geometry":{"type":"Polygon","coordinates":[[[139.7959738,35.6588576],[139.7960521,35.6589079],[139.7962778,35.6588914],[139.7965093,35.6586586],[139.7964807,35.6586398],[139.7965361,35.6585841],[139.7964715,35.6585417],[139.7964161,35.6585974],[139.7963731,35.6585691],[139.7961992,35.6587439],[139.7960788,35.6587519],[139.7959738,35.6588576]]]},"properties":{"id":102240938,"height":22.4,"heightSource":"levels","kind":"yes","name":null,"startDate":null}},{"type":"Feature","geometry":{"type":"Polygon","coordinates":[[[139.7958676,35.6584832],[139.7962198,35.6581307],[139.7962005,35.6581179],[139.7962064,35.658112],[139.796114,35.6580511],[139.7961056,35.6580595],[139.7960041,35.6579926],[139.7956652,35.6583319],[139.7957068,35.6583593],[139.795696,35.6583701],[139.7958676,35.6584832]]]},"properties":{"id":102240939,"height":25.6,"heightSource":"levels","kind":"yes","name":"Royal Parks Toyosu","startDate":null}},{"type":"Feature","geometry":{"type":"Polygon","coordinates":[[[139.7969203,35.6592559],[139.7969846,35.6592991],[139.7974844,35.6592542],[139.7975317,35.6592027],[139.7974828,35.6587921],[139.797408,35.6587475],[139.7969088,35.6587898],[139.7968609,35.6588401],[139.7969203,35.6592559]]]},"properties":{"id":102379220,"height":150,"heightSource":"height","kind":"yes","name":"THE TOYOSU TOWER","startDate":null}},{"type":"Feature","geometry":{"type":"Polygon","coordinates":[[[139.793451,35.6597314],[139.7934217,35.6597612],[139.7936773,35.6599227],[139.7943419,35.6592306],[139.7940975,35.6590712],[139.7940523,35.6591169],[139.793983,35.6591869],[139.793451,35.6597314]]]},"properties":{"id":102519004,"height":16,"heightSource":"levels","kind":"yes","name":null,"startDate":null}},{"type":"Feature","geometry":{"type":"Polygon","coordinates":[[[139.7929253,35.6592756],[139.7933838,35.65924],[139.7935494,35.6592254],[139.7934911,35.6587466],[139.7934876,35.6587184],[139.7928635,35.6587686],[139.7929253,35.6592756]]]},"properties":{"id":102519005,"height":110,"heightSource":"height","kind":"yes","name":"豊洲IHIビル","startDate":null}},{"type":"Feature","geometry":{"type":"Polygon","coordinates":[[[139.7935494,35.6592254],[139.7934911,35.6587466],[139.7940523,35.6591169],[139.793983,35.6591869],[139.7935494,35.6592254]]]},"properties":{"id":102519006,"height":10,"heightSource":"default","kind":"yes","name":null,"startDate":null}},{"type":"Feature","geometry":{"type":"Polygon","coordinates":[[[139.793983,35.6591869],[139.7935494,35.6592254],[139.7933838,35.65924],[139.793451,35.6597314],[139.793983,35.6591869]]]},"properties":{"id":102519008,"height":16,"heightSource":"levels","kind":"yes","name":null,"startDate":null}},{"type":"Feature","geometry":{"type":"Polygon","coordinates":[[[139.7919047,35.6618954],[139.7918788,35.6619205],[139.792054,35.6620397],[139.7920799,35.6620146],[139.7919047,35.6618954]]]},"properties":{"id":103096477,"height":10,"heightSource":"default","kind":"yes","name":null,"startDate":null}},{"type":"Feature","geometry":{"type":"Polygon","coordinates":[[[139.7917875,35.6615415],[139.7916825,35.6616415],[139.791757,35.6616899],[139.7917667,35.6616811],[139.7923446,35.6620725],[139.7923209,35.662094],[139.7923951,35.6621443],[139.7925154,35.662028],[139.7917875,35.6615415]]]},"properties":{"id":103096478,"height":35,"heightSource":"height","kind":"yes","name":"シティコープ豊洲","startDate":null}},{"type":"Feature","geometry":{"type":"Polygon","coordinates":[[[139.7911973,35.6599665],[139.7914827,35.6596903],[139.7912501,35.6595314],[139.7911834,35.6595988],[139.7911258,35.6595644],[139.7910597,35.6596269],[139.7910033,35.659589],[139.7909347,35.6596554],[139.7908802,35.6596195],[139.7908002,35.6596955],[139.7911973,35.6599665]]]},"properties":{"id":103096480,"height":10,"heightSource":"default","kind":"yes","name":null,"startDate":null}},{"type":"Feature","geometry":{"type":"Polygon","coordinates":[[[139.7903126,35.6600119],[139.7903334,35.6600286],[139.790309,35.6600511],[139.7907828,35.6603681],[139.7908035,35.6603482],[139.790815,35.6603559],[139.7908282,35.6603447],[139.7908554,35.6603623],[139.7911682,35.660051],[139.791144,35.6600361],[139.79116,35.6600203],[139.7911454,35.6600101],[139.7911667,35.6599897],[139.7906954,35.6596744],[139.7906774,35.6596921],[139.7906557,35.6596779],[139.7906404,35.6596913],[139.790619,35.6596765],[139.7903034,35.6599873],[139.7903225,35.6599995],[139.7903126,35.6600119]]]},"properties":{"id":103096481,"height":140,"heightSource":"height","kind":"yes","name":"日本ユニシス","startDate":null}},{"type":"Feature","geometry":{"type":"Polygon","coordinates":[[[139.7916246,35.6614604],[139.7916933,35.6615058],[139.7917703,35.661429],[139.7917016,35.6613836],[139.7916246,35.6614604]]]},"properties":{"id":103096482,"height":10,"heightSource":"default","kind":"yes","name":null,"startDate":null}},{"type":"Feature","geometry":{"type":"Polygon","coordinates":[[[139.7915197,35.6615648],[139.7915799,35.6616044],[139.7916514,35.6615325],[139.7915912,35.6614929],[139.7915197,35.6615648]]]},"properties":{"id":103096484,"height":10,"heightSource":"default","kind":"yes","name":null,"startDate":null}},{"type":"Feature","geometry":{"type":"Polygon","coordinates":[[[139.7904542,35.6606987],[139.7907391,35.6604258],[139.7903478,35.6601562],[139.7902669,35.6602337],[139.7903259,35.6602743],[139.7902555,35.6603417],[139.7903099,35.6603792],[139.790243,35.6604433],[139.7902967,35.6604803],[139.7902301,35.6605442],[139.7904542,35.6606987]]]},"properties":{"id":103096485,"height":10,"heightSource":"default","kind":"yes","name":null,"startDate":null}},{"type":"Feature","geometry":{"type":"Polygon","coordinates":[[[139.7918386,35.6619284],[139.7922254,35.662188],[139.7922436,35.6621701],[139.7918568,35.6619105],[139.7918386,35.6619284]]]},"properties":{"id":103096486,"height":10,"heightSource":"default","kind":"yes","name":null,"startDate":null}},{"type":"Feature","geometry":{"type":"Polygon","coordinates":[[[139.7927782,35.6618304],[139.7932649,35.6614869],[139.7931445,35.6613743],[139.7926578,35.6617178],[139.7927782,35.6618304]]]},"properties":{"id":103379228,"height":10,"heightSource":"default","kind":"yes","name":null,"startDate":null}},{"type":"Feature","geometry":{"type":"Polygon","coordinates":[[[139.793511,35.660879],[139.7934671,35.6609108],[139.7934581,35.6609025],[139.7924579,35.6616299],[139.7925615,35.661724],[139.7935575,35.6610026],[139.7935474,35.6609934],[139.793599,35.660956],[139.7937686,35.66111],[139.7938848,35.6610247],[139.7935854,35.6607553],[139.7934692,35.6608406],[139.793511,35.660879]]]},"properties":{"id":103379229,"height":35.2,"heightSource":"levels","kind":"yes","name":"豊洲ハイライズ","startDate":null}},{"type":"Feature","geometry":{"type":"Polygon","coordinates":[[[139.7941669,35.6613285],[139.7940649,35.6614067],[139.7941041,35.6614404],[139.7940779,35.6614605],[139.7941878,35.661555],[139.7943159,35.6614567],[139.7941669,35.6613285]]]},"properties":{"id":103379232,"height":10,"heightSource":"default","kind":"yes","name":"太平洋会館","startDate":null}},{"type":"Feature","geometry":{"type":"Polygon","coordinates":[[[139.7939013,35.6615377],[139.7940415,35.6616616],[139.7940949,35.6616217],[139.7939547,35.6614978],[139.7939013,35.6615377]]]},"properties":{"id":103379235,"height":10,"heightSource":"default","kind":"yes","name":null,"startDate":null}},{"type":"Feature","geometry":{"type":"Polygon","coordinates":[[[139.7932425,35.6619365],[139.7933423,35.6620285],[139.793394,35.6619918],[139.7933655,35.6619665],[139.7937332,35.6616978],[139.793763,35.6617272],[139.7938643,35.6616547],[139.7938303,35.6616254],[139.7938806,35.6615916],[139.7938073,35.6615262],[139.793784,35.6615433],[139.7937767,35.6615373],[139.7937326,35.6615688],[139.7937432,35.6615779],[139.7936911,35.6616152],[139.7936816,35.6616071],[139.7936409,35.661637],[139.7936487,35.6616456],[139.7935963,35.6616831],[139.7935846,35.6616768],[139.7935453,35.6617072],[139.7935543,35.6617132],[139.7935009,35.6617514],[139.7934944,35.661745],[139.7934532,35.6617726],[139.7934612,35.6617799],[139.7934066,35.661819],[139.7933984,35.6618128],[139.7933586,35.6618423],[139.7933656,35.6618483],[139.7933138,35.6618854],[139.7933081,35.6618802],[139.7932625,35.6619105],[139.7932709,35.6619162],[139.7932425,35.6619365]]]},"properties":{"id":103379236,"height":10,"heightSource":"default","kind":"yes","name":"都営豊洲一丁目アパート15号棟","startDate":null}},{"type":"Feature","geometry":{"type":"Polygon","coordinates":[[[139.7938901,35.6614862],[139.7941885,35.6612649],[139.7940849,35.6611727],[139.7937864,35.661394],[139.7938901,35.6614862]]]},"properties":{"id":103379238,"height":32,"heightSource":"levels","kind":"yes","name":"豊洲ハイツ","startDate":null}},{"type":"Feature","geometry":{"type":"Polygon","coordinates":[[[139.794016,35.6614976],[139.7941287,35.6615985],[139.7941791,35.6615613],[139.7940663,35.6614604],[139.794016,35.6614976]]]},"properties":{"id":103379240,"height":10,"heightSource":"default","kind":"yes","name":null,"startDate":null}},{"type":"Feature","geometry":{"type":"Polygon","coordinates":[[[139.7935839,35.6607362],[139.7933398,35.6605187],[139.7927484,35.6609568],[139.7929925,35.6611743],[139.7935839,35.6607362]]]},"properties":{"id":103379241,"height":10,"heightSource":"default","kind":"yes","name":"ＫＤＸレジデンス豊洲","startDate":null}},{"type":"Feature","geometry":{"type":"Polygon","coordinates":[[[139.7934907,35.6612123],[139.7935483,35.6612655],[139.7936515,35.6611916],[139.7935939,35.6611384],[139.7934907,35.6612123]]]},"properties":{"id":103379243,"height":10,"heightSource":"default","kind":"yes","name":null,"startDate":null}},{"type":"Feature","geometry":{"type":"Polygon","coordinates":[[[139.7912697,35.6568882],[139.791168,35.6576665],[139.7915386,35.6576985],[139.7916284,35.657011],[139.7915336,35.6570029],[139.7915358,35.6569862],[139.7914647,35.6569801],[139.7914744,35.6569059],[139.7912697,35.6568882]]]},"properties":{"id":103614189,"height":10,"heightSource":"default","kind":"yes","name":null,"startDate":null}},{"type":"Feature","geometry":{"type":"Polygon","coordinates":[[[139.7920415,35.6611472],[139.7922206,35.6611606],[139.7922904,35.661114],[139.792348,35.6606654],[139.7922944,35.6606099],[139.7920959,35.6605965],[139.7920382,35.6606339],[139.7919824,35.6610916],[139.7920415,35.6611472]]]},"properties":{"id":103614192,"height":70,"heightSource":"height","kind":"yes","name":null,"startDate":null}},{"type":"Feature","geometry":{"type":"Polygon","coordinates":[[[139.792116,35.6600461],[139.792476,35.6603677],[139.792843,35.6600966],[139.7924831,35.6597749],[139.792116,35.6600461]]]},"properties":{"id":103614194,"height":50,"heightSource":"height","kind":"yes","name":null,"startDate":null}},{"type":"Feature","geometry":{"type":"Polygon","coordinates":[[[139.7909716,35.657957],[139.7908963,35.658636],[139.7915702,35.6586853],[139.7916456,35.6580064],[139.7909716,35.657957]]]},"properties":{"id":103614208,"height":180,"heightSource":"height","kind":"yes","name":"アーバンドックパークシティ豊洲Ａ棟","startDate":null}},{"type":"Feature","geometry":{"type":"Polygon","coordinates":[[[139.7908759,35.6576465],[139.7911408,35.6576691],[139.791249,35.65683],[139.7909841,35.6568074],[139.7909831,35.6568151],[139.7908759,35.6576465]]]},"properties":{"id":103614209,"height":130,"heightSource":"height","kind":"yes","name":"アーバンドックパークシティ豊洲Ｂ棟","startDate":null}},{"type":"Feature","geometry":{"type":"Polygon","coordinates":[[[139.7916779,35.6516774],[139.7916975,35.6516604],[139.7916465,35.6516254],[139.7918508,35.6514289],[139.7919018,35.6514639],[139.7919206,35.6514507],[139.7925707,35.6518784],[139.7926151,35.6519076],[139.7930117,35.6521685],[139.7928843,35.6522923],[139.7925615,35.6521279],[139.7925232,35.6521657],[139.7923565,35.6520372],[139.7923208,35.6520097],[139.7923073,35.6519993],[139.7916779,35.6516774]]]},"properties":{"id":107771605,"height":10,"heightSource":"default","kind":"yes","name":"がすてなーに","startDate":null}},{"type":"Feature","geometry":{"type":"Polygon","coordinates":[[[139.8032597,35.6488166],[139.804029,35.6488909],[139.8040515,35.6487395],[139.803879,35.6487227],[139.8038755,35.6486904],[139.8035254,35.6486442],[139.803534,35.6485797],[139.8034443,35.6485769],[139.8033805,35.6486484],[139.8033063,35.6487143],[139.8032701,35.6487381],[139.8032597,35.6488166]]]},"properties":{"id":154125414,"height":44.8,"heightSource":"levels","kind":"apartments","name":null,"startDate":null}},{"type":"Feature","geometry":{"type":"Polygon","coordinates":[[[139.8018709,35.6480819],[139.8018174,35.6485049],[139.8017608,35.6489008],[139.8017271,35.6491724],[139.801716,35.6492764],[139.8017351,35.6492777],[139.8017233,35.6493914],[139.8018084,35.6494622],[139.8019435,35.6494716],[139.8019418,35.6494878],[139.8028427,35.6495741],[139.802941,35.649506],[139.8029977,35.6490224],[139.8028193,35.6490043],[139.8026947,35.6489404],[139.8026707,35.6489225],[139.8026109,35.6488778],[139.8025959,35.6488861],[139.8025838,35.6488928],[139.8024248,35.648725],[139.8024404,35.6485721],[139.802535,35.647823],[139.801953,35.6477745],[139.8019137,35.6480855],[139.8018709,35.6480819]]]},"properties":{"id":154125417,"height":12,"heightSource":"default","kind":"retail","name":"イオン","startDate":null}},{"type":"Feature","geometry":{"type":"Polygon","coordinates":[[[139.8039549,35.6487003],[139.8041118,35.6487143],[139.8041032,35.648783],[139.8041843,35.648783],[139.8042136,35.6487423],[139.8043085,35.6480989],[139.8041481,35.6480695],[139.8040463,35.6480569],[139.8039549,35.6487003]]]},"properties":{"id":154125431,"height":44.8,"heightSource":"levels","kind":"apartments","name":null,"startDate":null}},{"type":"Feature","geometry":{"type":"Polygon","coordinates":[[[139.8032632,35.6486021],[139.8033667,35.6478677],[139.8033408,35.6478635],[139.8033529,35.6477709],[139.8035978,35.6477948],[139.8035443,35.6481284],[139.8034805,35.6483162],[139.803377,35.6484802],[139.8032632,35.6486021]]]},"properties":{"id":154125432,"height":12.8,"heightSource":"levels","kind":"yes","name":null,"startDate":null}},{"type":"Feature","geometry":{"type":"Polygon","coordinates":[[[139.8035392,35.6484353],[139.8038117,35.6484592],[139.8038393,35.6484087],[139.803879,35.6480625],[139.8038514,35.6480387],[139.8037341,35.6480275],[139.8036737,35.6480625],[139.8036427,35.6482139],[139.8035995,35.648319],[139.8035392,35.6484353]]]},"properties":{"id":154125434,"height":35.2,"heightSource":"levels","kind":"apartments","name":null,"startDate":null}},{"type":"Feature","geometry":{"type":"Polygon","coordinates":[[[139.7987623,35.6504998],[139.7994563,35.650949],[139.7996133,35.6507888],[139.7995546,35.6507508],[139.7996083,35.6506961],[139.7996683,35.650735],[139.7998252,35.6505749],[139.7991311,35.6501256],[139.7989791,35.6502806],[139.7990307,35.650314],[139.7989773,35.6503685],[139.7989245,35.6503343],[139.7987623,35.6504998]]]},"properties":{"id":161393450,"height":45,"heightSource":"height","kind":"yes","name":null,"startDate":null}},{"type":"Feature","geometry":{"type":"Polygon","coordinates":[[[139.7987605,35.6518337],[139.7989773,35.6516101],[139.7990371,35.6516485],[139.7991131,35.6515701],[139.7990533,35.6515318],[139.7990683,35.6515163],[139.7988977,35.6514071],[139.7985394,35.6517765],[139.7986993,35.6518789],[139.7986983,35.6518801],[139.7987503,35.6519129],[139.7988013,35.6518594],[139.7987605,35.6518337]]]},"properties":{"id":161393451,"height":10,"heightSource":"default","kind":"yes","name":null,"startDate":null}},{"type":"Feature","geometry":{"type":"Polygon","coordinates":[[[139.7972514,35.6619025],[139.7975553,35.6621152],[139.7976387,35.6620364],[139.7973334,35.6618242],[139.7972514,35.6619025]]]},"properties":{"id":161393455,"height":10,"heightSource":"default","kind":"yes","name":null,"startDate":null}},{"type":"Feature","geometry":{"type":"Polygon","coordinates":[[[139.7999685,35.6615007],[139.8001422,35.6615807],[139.8004793,35.6610971],[139.8003056,35.6610171],[139.7999685,35.6615007]]]},"properties":{"id":161393459,"height":64,"heightSource":"levels","kind":"apartments","name":null,"startDate":null}},{"type":"Feature","geometry":{"type":"Polygon","coordinates":[[[139.7970385,35.6621413],[139.7971172,35.662192],[139.7973081,35.6620006],[139.7972328,35.6619509],[139.7971785,35.6620075],[139.7972362,35.6620457],[139.7971885,35.6620941],[139.7971234,35.6620518],[139.7970385,35.6621413]]]},"properties":{"id":161393460,"height":10,"heightSource":"default","kind":"yes","name":null,"startDate":null}},{"type":"Feature","geometry":{"type":"Polygon","coordinates":[[[139.8015691,35.661016],[139.8017729,35.6611084],[139.8021313,35.6605861],[139.8019275,35.6604937],[139.8015691,35.661016]]]},"properties":{"id":161393462,"height":10,"heightSource":"default","kind":"yes","name":null,"startDate":null}},{"type":"Feature","geometry":{"type":"Polygon","coordinates":[[[139.8004106,35.6612988],[139.8012429,35.6618466],[139.801374,35.6617151],[139.8005417,35.6611673],[139.8004106,35.6612988]]]},"properties":{"id":161393464,"height":10,"heightSource":"default","kind":"yes","name":null,"startDate":null}},{"type":"Feature","geometry":{"type":"Polygon","coordinates":[[[139.8011746,35.6606727],[139.8012652,35.6607177],[139.8017223,35.66011],[139.8016316,35.660065],[139.8011746,35.6606727]]]},"properties":{"id":161393467,"height":10,"heightSource":"default","kind":"yes","name":null,"startDate":null}},{"type":"Feature","geometry":{"type":"Polygon","coordinates":[[[139.8004957,35.6495571],[139.8007332,35.6497192],[139.8009599,35.6494998],[139.8007225,35.6493377],[139.8004957,35.6495571]]]},"properties":{"id":161393472,"height":10,"heightSource":"default","kind":"yes","name":null,"startDate":null}},{"type":"Feature","geometry":{"type":"Polygon","coordinates":[[[139.8036771,35.6511209],[139.8039003,35.6511419],[139.8039633,35.6506998],[139.8037402,35.6506788],[139.8036771,35.6511209]]]},"properties":{"id":161393479,"height":10,"heightSource":"default","kind":"yes","name":null,"startDate":null}},{"type":"Feature","geometry":{"type":"Polygon","coordinates":[[[139.8039922,35.6517149],[139.8042587,35.6517391],[139.8042754,35.6516177],[139.8040089,35.6515934],[139.8039922,35.6517149]]]},"properties":{"id":161393485,"height":10,"heightSource":"default","kind":"yes","name":null,"startDate":null}},{"type":"Feature","geometry":{"type":"Polygon","coordinates":[[[139.8036064,35.6515611],[139.8038363,35.6515801],[139.8038838,35.6511982],[139.8036539,35.6511793],[139.8036064,35.6515611]]]},"properties":{"id":161393487,"height":10,"heightSource":"default","kind":"yes","name":null,"startDate":null}},{"type":"Feature","geometry":{"type":"Polygon","coordinates":[[[139.7979103,35.6513412],[139.7980507,35.6514385],[139.7984139,35.6510926],[139.7982735,35.6509952],[139.7979103,35.6513412]]]},"properties":{"id":161393493,"height":10,"heightSource":"default","kind":"yes","name":null,"startDate":null}},{"type":"Feature","geometry":{"type":"Polygon","coordinates":[[[139.7983261,35.6512582],[139.7986109,35.6514349],[139.7987217,35.651317],[139.798437,35.6511403],[139.7983261,35.6512582]]]},"properties":{"id":161393497,"height":10,"heightSource":"default","kind":"yes","name":null,"startDate":null}},{"type":"Feature","geometry":{"type":"Polygon","coordinates":[[[139.801893,35.6603041],[139.8023895,35.6604684],[139.80247,35.6603078],[139.8019735,35.6601435],[139.801893,35.6603041]]]},"properties":{"id":161393498,"height":10,"heightSource":"default","kind":"yes","name":null,"startDate":null}},{"type":"Feature","geometry":{"type":"Polygon","coordinates":[[[139.8004919,35.6608397],[139.8011786,35.6612925],[139.8012842,35.6611867],[139.8005976,35.6607339],[139.8004919,35.6608397]]]},"properties":{"id":161393500,"height":10,"heightSource":"default","kind":"yes","name":null,"startDate":null}},{"type":"Feature","geometry":{"type":"Polygon","coordinates":[[[139.7995193,35.6622248],[139.799685,35.6623014],[139.800134,35.6616605],[139.7999684,35.6615839],[139.7995193,35.6622248]]]},"properties":{"id":161393502,"height":64,"heightSource":"levels","kind":"apartments","name":null,"startDate":null}},{"type":"Feature","geometry":{"type":"Polygon","coordinates":[[[139.800752,35.6604042],[139.800838,35.6604425],[139.8011947,35.6599135],[139.8011088,35.6598753],[139.800752,35.6604042]]]},"properties":{"id":161393505,"height":10,"heightSource":"default","kind":"yes","name":null,"startDate":null}},{"type":"Feature","geometry":{"type":"Polygon","coordinates":[[[139.8012355,35.6614313],[139.801654,35.661709],[139.8017226,35.6616408],[139.801304,35.6613631],[139.8012355,35.6614313]]]},"properties":{"id":161393506,"height":10,"heightSource":"default","kind":"yes","name":null,"startDate":null}},{"type":"Feature","geometry":{"type":"Polygon","coordinates":[[[139.7998024,35.6487661],[139.7995926,35.6489791],[139.7996668,35.6490274],[139.7996457,35.6490489],[139.8000906,35.6493382],[139.8003216,35.6491036],[139.7998024,35.6487661]]]},"properties":{"id":161393510,"height":10,"heightSource":"default","kind":"yes","name":null,"startDate":null}},{"type":"Feature","geometry":{"type":"Polygon","coordinates":[[[139.8001298,35.6493401],[139.8002659,35.6494281],[139.8003886,35.6493027],[139.8003582,35.649283],[139.8003879,35.6492526],[139.8002822,35.6491843],[139.8001298,35.6493401]]]},"properties":{"id":161393517,"height":10,"heightSource":"default","kind":"yes","name":null,"startDate":null}},{"type":"Feature","geometry":{"type":"Polygon","coordinates":[[[139.7992247,35.648378],[139.7990698,35.6485301],[139.7994266,35.6487654],[139.7995851,35.6486125],[139.7992247,35.648378]]]},"properties":{"id":161393518,"height":10,"heightSource":"default","kind":"yes","name":null,"startDate":null}},{"type":"Feature","geometry":{"type":"Polygon","coordinates":[[[139.7996008,35.648005],[139.7996307,35.6480079],[139.7996282,35.6480256],[139.7996916,35.6480317],[139.7996872,35.6480619],[139.7997317,35.6480662],[139.7997361,35.6480364],[139.8005903,35.6481185],[139.8006096,35.6479855],[139.799659,35.6478941],[139.7996528,35.6479368],[139.7996113,35.6479328],[139.7996008,35.648005]]]},"properties":{"id":161393522,"height":10,"heightSource":"default","kind":"yes","name":null,"startDate":null}},{"type":"Feature","geometry":{"type":"Polygon","coordinates":[[[139.8040483,35.6512157],[139.8047827,35.6512859],[139.8048987,35.6504851],[139.8041642,35.6504149],[139.8040483,35.6512157]]]},"properties":{"id":161393526,"height":10,"heightSource":"default","kind":"yes","name":null,"startDate":null}},{"type":"Feature","geometry":{"type":"Polygon","coordinates":[[[139.7967031,35.6623302],[139.7972076,35.6618501],[139.7969361,35.6616595],[139.7966474,35.6619362],[139.7967446,35.6620081],[139.7965335,35.6622111],[139.7967031,35.6623302]]]},"properties":{"id":161393528,"height":10,"heightSource":"default","kind":"yes","name":null,"startDate":null}},{"type":"Feature","geometry":{"type":"Polygon","coordinates":[[[139.8043096,35.6517509],[139.804806,35.6517976],[139.8048422,35.6515442],[139.8043457,35.6514975],[139.8043096,35.6517509]]]},"properties":{"id":161393535,"height":10,"heightSource":"default","kind":"yes","name":null,"startDate":null}},{"type":"Feature","geometry":{"type":"Polygon","coordinates":[[[139.8009235,35.649139],[139.8012091,35.6491676],[139.8012445,35.6489344],[139.8009588,35.6489058],[139.8009565,35.6489212],[139.8007166,35.6488971],[139.8006978,35.6490214],[139.8009377,35.6490454],[139.8009235,35.649139]]]},"properties":{"id":161393538,"height":41.6,"heightSource":"levels","kind":"yes","name":"Hotel MONday TOYOSU","startDate":null}},{"type":"Feature","geometry":{"type":"Polygon","coordinates":[[[139.7947724,35.6592212],[139.7952658,35.6595448],[139.7952656,35.6595449],[139.7953368,35.6595881],[139.7955613,35.6595716],[139.7956239,35.6595114],[139.7958244,35.6593122],[139.7956962,35.6592306],[139.7954852,35.6594263],[139.7953708,35.6594391],[139.7948774,35.6591155],[139.7947724,35.6592212]]]},"properties":{"id":187753904,"height":44.8,"heightSource":"levels","kind":"yes","name":null,"startDate":null}},{"type":"Feature","geometry":{"type":"Polygon","coordinates":[[[139.7939737,35.657698],[139.793439,35.6582401],[139.7942088,35.6587413],[139.79425,35.6586995],[139.7945983,35.6583429],[139.7947414,35.6581978],[139.7939737,35.657698]]]},"properties":{"id":187753905,"height":80,"heightSource":"height","kind":"yes","name":"豊洲キュービックガーデン","startDate":null}},{"type":"Feature","geometry":{"type":"Polygon","coordinates":[[[139.7959192,35.6597048],[139.7960098,35.6602056],[139.7966259,35.660132],[139.7965353,35.6596312],[139.7959192,35.6597048]]]},"properties":{"id":187753906,"height":140,"heightSource":"height","kind":"yes","name":"シティタワーズ豊洲","startDate":null}},{"type":"Feature","geometry":{"type":"Polygon","coordinates":[[[139.7992615,35.6573948],[139.7996972,35.6573563],[139.79965,35.6570025],[139.7992142,35.6570408],[139.7992615,35.6573948]]]},"properties":{"id":187753908,"height":171.2,"heightSource":"height","kind":"yes","name":"シティタワーズ豊洲ザ・ツインS棟","startDate":null}},{"type":"Feature","geometry":{"type":"Polygon","coordinates":[[[139.795101,35.6592304],[139.7954773,35.6588429],[139.7953521,35.6587627],[139.7949758,35.6591501],[139.795101,35.6592304]]]},"properties":{"id":187753914,"height":25.6,"heightSource":"levels","kind":"yes","name":null,"startDate":null}},{"type":"Feature","geometry":{"type":"Polygon","coordinates":[[[139.7927604,35.6603386],[139.7930697,35.6605991],[139.793245,35.6604616],[139.7929357,35.6602012],[139.7927604,35.6603386]]]},"properties":{"id":187753915,"height":10,"heightSource":"default","kind":"yes","name":null,"startDate":null}},{"type":"Feature","geometry":{"type":"Polygon","coordinates":[[[139.7953972,35.6589549],[139.7958766,35.6592692],[139.7959826,35.6591626],[139.7955031,35.6588482],[139.7953972,35.6589549]]]},"properties":{"id":187753919,"height":25.6,"heightSource":"levels","kind":"yes","name":null,"startDate":null}},{"type":"Feature","geometry":{"type":"Polygon","coordinates":[[[139.7986324,35.6580211],[139.7990687,35.657986],[139.7990254,35.6576317],[139.7989603,35.657637],[139.7985892,35.6576668],[139.7986324,35.6580211]]]},"properties":{"id":187753921,"height":180,"heightSource":"height","kind":"yes","name":null,"startDate":null}},{"type":"Feature","geometry":{"type":"Polygon","coordinates":[[[139.7950435,35.6568063],[139.7950038,35.6568455],[139.7958946,35.6574427],[139.7963079,35.6570357],[139.79624,35.6569901],[139.7962791,35.6569517],[139.7954011,35.6563631],[139.7949884,35.6567694],[139.7950435,35.6568063]]]},"properties":{"id":187753924,"height":80,"heightSource":"height","kind":"yes","name":"豊洲フロント","startDate":null}},{"type":"Feature","geometry":{"type":"Polygon","coordinates":[[[139.7977515,35.6548039],[139.7977146,35.6548401],[139.7978134,35.6549064],[139.7978502,35.6548702],[139.7977515,35.6548039]]]},"properties":{"id":188431847,"height":10,"heightSource":"default","kind":"yes","name":null,"startDate":null}},{"type":"Feature","geometry":{"type":"Polygon","coordinates":[[[139.7979602,35.6550281],[139.7980043,35.6550577],[139.798028,35.6550343],[139.797984,35.6550047],[139.7979602,35.6550281]]]},"properties":{"id":188431848,"height":10,"heightSource":"default","kind":"yes","name":null,"startDate":null}},{"type":"Feature","geometry":{"type":"Polygon","coordinates":[[[139.7977515,35.6548039],[139.7978514,35.654871],[139.7978871,35.654836],[139.7977871,35.6547688],[139.7977515,35.6548039]]]},"properties":{"id":188431849,"height":10,"heightSource":"default","kind":"yes","name":null,"startDate":null}},{"type":"Feature","geometry":{"type":"Polygon","coordinates":[[[139.7977279,35.6551335],[139.7977625,35.6551563],[139.7978403,35.6550782],[139.7978057,35.6550554],[139.7977279,35.6551335]]]},"properties":{"id":188431850,"height":10,"heightSource":"default","kind":"yes","name":null,"startDate":null}},{"type":"Feature","geometry":{"type":"Polygon","coordinates":[[[139.7979319,35.6551211],[139.7979938,35.6550602],[139.7979545,35.6550338],[139.7978926,35.6550946],[139.7979319,35.6551211]]]},"properties":{"id":188431851,"height":10,"heightSource":"default","kind":"yes","name":null,"startDate":null}},{"type":"Feature","geometry":{"type":"Polygon","coordinates":[[[139.7975382,35.65501],[139.7976467,35.6550808],[139.7977334,35.6549931],[139.7976249,35.6549224],[139.7975382,35.65501]]]},"properties":{"id":188431852,"height":10,"heightSource":"default","kind":"yes","name":null,"startDate":null}},{"type":"Feature","geometry":{"type":"Polygon","coordinates":[[[139.7979001,35.6549778],[139.7979654,35.6550217],[139.7980398,35.6549486],[139.7979745,35.6549047],[139.7979001,35.6549778]]]},"properties":{"id":188431853,"height":10,"heightSource":"default","kind":"yes","name":null,"startDate":null}},{"type":"Feature","geometry":{"type":"Polygon","coordinates":[[[139.798043,35.6550256],[139.7981069,35.6550686],[139.7981554,35.6550209],[139.7980915,35.654978],[139.798043,35.6550256]]]},"properties":{"id":188431854,"height":10,"heightSource":"default","kind":"yes","name":null,"startDate":null}},{"type":"Feature","geometry":{"type":"Polygon","coordinates":[[[139.7977668,35.6551599],[139.7978035,35.655184],[139.7978906,35.6550966],[139.7978539,35.6550725],[139.7977668,35.6551599]]]},"properties":{"id":188431855,"height":10,"heightSource":"default","kind":"yes","name":null,"startDate":null}},{"type":"Feature","geometry":{"type":"Polygon","coordinates":[[[139.7979426,35.6551297],[139.7980016,35.6551682],[139.7980935,35.6550794],[139.7980331,35.6550388],[139.7979426,35.6551297]]]},"properties":{"id":188431856,"height":10,"heightSource":"default","kind":"yes","name":null,"startDate":null}},{"type":"Feature","geometry":{"type":"Polygon","coordinates":[[[139.7976467,35.6550808],[139.7977231,35.6551307],[139.7978264,35.6550262],[139.79775,35.6549763],[139.7977334,35.6549931],[139.7976467,35.6550808]]]},"properties":{"id":188431857,"height":10,"heightSource":"default","kind":"yes","name":null,"startDate":null}},{"type":"Feature","geometry":{"type":"Polygon","coordinates":[[[139.7980003,35.654997],[139.798043,35.6550256],[139.7980717,35.6549974],[139.798029,35.6549688],[139.7980003,35.654997]]]},"properties":{"id":188431858,"height":10,"heightSource":"default","kind":"yes","name":null,"startDate":null}},{"type":"Feature","geometry":{"type":"Polygon","coordinates":[[[139.7977786,35.6549519],[139.7978512,35.6550007],[139.7979602,35.6548935],[139.7978877,35.6548447],[139.7977786,35.6549519]]]},"properties":{"id":188431860,"height":10,"heightSource":"default","kind":"yes","name":null,"startDate":null}},{"type":"Feature","geometry":{"type":"Polygon","coordinates":[[[139.7976645,35.6549414],[139.7977339,35.654988],[139.7977662,35.6549562],[139.7976969,35.6549096],[139.7976645,35.6549414]]]},"properties":{"id":188431862,"height":10,"heightSource":"default","kind":"yes","name":null,"startDate":null}},{"type":"Feature","geometry":{"type":"Polygon","coordinates":[[[139.7978588,35.6550684],[139.7978926,35.6550898],[139.7979179,35.6550635],[139.7978842,35.655042],[139.7978588,35.6550684]]]},"properties":{"id":188431863,"height":10,"heightSource":"default","kind":"yes","name":null,"startDate":null}},{"type":"Feature","geometry":{"type":"Polygon","coordinates":[[[139.7977161,35.654846],[139.7976747,35.6548868],[139.7977709,35.6549514],[139.7978124,35.6549107],[139.7977161,35.654846]]]},"properties":{"id":188431864,"height":10,"heightSource":"default","kind":"yes","name":null,"startDate":null}},{"type":"Feature","geometry":{"type":"Polygon","coordinates":[[[139.7976324,35.6549198],[139.7976645,35.6549414],[139.7976972,35.6549093],[139.7976651,35.6548877],[139.7976324,35.6549198]]]},"properties":{"id":188431865,"height":10,"heightSource":"default","kind":"yes","name":null,"startDate":null}},{"type":"Feature","geometry":{"type":"Polygon","coordinates":[[[139.797893,35.6551038],[139.7978046,35.6551915],[139.7978349,35.6552117],[139.7979572,35.655202],[139.7979908,35.6551689],[139.797893,35.6551038]]]},"properties":{"id":188431866,"height":10,"heightSource":"default","kind":"yes","name":null,"startDate":null}},{"type":"Feature","geometry":{"type":"Polygon","coordinates":[[[139.7978154,35.6550486],[139.7978471,35.65507],[139.7978946,35.6550236],[139.7979287,35.6550467],[139.7979522,35.6550237],[139.7978865,35.6549792],[139.7978154,35.6550486]]]},"properties":{"id":188431867,"height":10,"heightSource":"default","kind":"yes","name":null,"startDate":null}},{"type":"Feature","geometry":{"type":"Polygon","coordinates":[[[139.7969984,35.6544653],[139.796947,35.6545166],[139.7969569,35.6545232],[139.7969461,35.654534],[139.7969575,35.6545416],[139.7969446,35.6545544],[139.7969606,35.654565],[139.796947,35.6545786],[139.7969649,35.6545905],[139.7969542,35.6546012],[139.7969648,35.6546082],[139.7969541,35.654619],[139.7970268,35.654667],[139.797137,35.6545568],[139.7969984,35.6544653]]]},"properties":{"id":188552603,"height":10,"heightSource":"default","kind":"yes","name":null,"startDate":null}},{"type":"Feature","geometry":{"type":"Polygon","coordinates":[[[139.7973518,35.65488],[139.7974654,35.6547679],[139.7974367,35.6547487],[139.7973232,35.6548609],[139.7973518,35.65488]]]},"properties":{"id":188552605,"height":10,"heightSource":"default","kind":"yes","name":null,"startDate":null}},{"type":"Feature","geometry":{"type":"Polygon","coordinates":[[[139.7974375,35.6549356],[139.797522,35.6548506],[139.7974884,35.6548286],[139.7974039,35.6549136],[139.7974375,35.6549356]]]},"properties":{"id":188552606,"height":10,"heightSource":"default","kind":"yes","name":null,"startDate":null}},{"type":"Feature","geometry":{"type":"Polygon","coordinates":[[[139.7971614,35.6547515],[139.7972216,35.6546921],[139.7971779,35.6546628],[139.7971177,35.6547222],[139.7971614,35.6547515]]]},"properties":{"id":188552607,"height":10,"heightSource":"default","kind":"yes","name":null,"startDate":null}},{"type":"Feature","geometry":{"type":"Polygon","coordinates":[[[139.7972188,35.6542309],[139.7973698,35.6543332],[139.7974389,35.654266],[139.7972879,35.6541636],[139.7972188,35.6542309]]]},"properties":{"id":188552608,"height":10,"heightSource":"default","kind":"yes","name":"小幡ビル","startDate":null}},{"type":"Feature","geometry":{"type":"Polygon","coordinates":[[[139.7974906,35.6547167],[139.7975531,35.6547563],[139.7976311,35.654675],[139.7975686,35.6546354],[139.7974906,35.6547167]]]},"properties":{"id":188552610,"height":10,"heightSource":"default","kind":"yes","name":null,"startDate":null}},{"type":"Feature","geometry":{"type":"Polygon","coordinates":[[[139.7972922,35.6541571],[139.7974666,35.6542753],[139.7975065,35.6542363],[139.7973322,35.6541181],[139.7972922,35.6541571]]]},"properties":{"id":188552611,"height":10,"heightSource":"default","kind":"yes","name":null,"startDate":null}},{"type":"Feature","geometry":{"type":"Polygon","coordinates":[[[139.7972392,35.6548038],[139.7973621,35.6546825],[139.7972863,35.6546318],[139.7971634,35.6547532],[139.7972392,35.6548038]]]},"properties":{"id":188552612,"height":10,"heightSource":"default","kind":"yes","name":null,"startDate":null}},{"type":"Feature","geometry":{"type":"Polygon","coordinates":[[[139.7973743,35.6546873],[139.7974502,35.654736],[139.7974952,35.6546899],[139.7974193,35.6546411],[139.7973743,35.6546873]]]},"properties":{"id":188552613,"height":10,"heightSource":"default","kind":"yes","name":null,"startDate":null}},{"type":"Feature","geometry":{"type":"Polygon","coordinates":[[[139.7973881,35.654433],[139.797439,35.6544671],[139.7974866,35.6544201],[139.7974357,35.654386],[139.7973881,35.654433]]]},"properties":{"id":188552614,"height":10,"heightSource":"default","kind":"yes","name":null,"startDate":null}},{"type":"Feature","geometry":{"type":"Polygon","coordinates":[[[139.797006,35.6544407],[139.7971631,35.6545423],[139.7973323,35.6545016],[139.7970992,35.6543487],[139.797006,35.6544407]]]},"properties":{"id":188552615,"height":10,"heightSource":"default","kind":"yes","name":null,"startDate":null}},{"type":"Feature","geometry":{"type":"Polygon","coordinates":[[[139.7972094,35.6542404],[139.797153,35.654305],[139.7973502,35.6544486],[139.7974163,35.6543787],[139.7972094,35.6542404]]]},"properties":{"id":188552616,"height":10,"heightSource":"default","kind":"yes","name":null,"startDate":null}},{"type":"Feature","geometry":{"type":"Polygon","coordinates":[[[139.7973165,35.6548557],[139.7974293,35.6547445],[139.7973894,35.6547178],[139.7973665,35.6547403],[139.7973369,35.6547205],[139.797247,35.6548092],[139.7973165,35.6548557]]]},"properties":{"id":188552618,"height":10,"heightSource":"default","kind":"yes","name":null,"startDate":null}},{"type":"Feature","geometry":{"type":"Polygon","coordinates":[[[139.797384,35.6543423],[139.7975086,35.6544235],[139.7975787,35.6543524],[139.7975103,35.6543079],[139.7974977,35.6543206],[139.7974416,35.654284],[139.797384,35.6543423]]]},"properties":{"id":188552619,"height":10,"heightSource":"default","kind":"yes","name":null,"startDate":null}},{"type":"Feature","geometry":{"type":"Polygon","coordinates":[[[139.7975091,35.6549826],[139.7976336,35.6548573],[139.7975412,35.6547967],[139.7975064,35.6548318],[139.7975363,35.6548514],[139.7974467,35.6549416],[139.7975091,35.6549826]]]},"properties":{"id":188552620,"height":10,"heightSource":"default","kind":"yes","name":null,"startDate":null}},{"type":"Feature","geometry":{"type":"Polygon","coordinates":[[[139.7970728,35.6546932],[139.7971139,35.6547207],[139.7971781,35.6546572],[139.7972185,35.6546837],[139.7973652,35.6545389],[139.7973574,35.6545332],[139.7971985,35.6545694],[139.7970728,35.6546932]]]},"properties":{"id":188552621,"height":10,"heightSource":"default","kind":"yes","name":null,"startDate":null}},{"type":"Feature","geometry":{"type":"Polygon","coordinates":[[[139.7975742,35.6547399],[139.7976791,35.6548074],[139.7977231,35.6547623],[139.7977281,35.6547521],[139.7977258,35.6547396],[139.7977121,35.654725],[139.7976362,35.6546762],[139.7975742,35.6547399]]]},"properties":{"id":188552622,"height":10,"heightSource":"default","kind":"yes","name":null,"startDate":null}},{"type":"Feature","geometry":{"type":"Polygon","coordinates":[[[139.7973968,35.6549089],[139.7974896,35.6548172],[139.7975037,35.6548266],[139.7975358,35.6547949],[139.7975202,35.6547845],[139.797546,35.6547591],[139.7975122,35.6547365],[139.7973615,35.6548853],[139.7973968,35.6549089]]]},"properties":{"id":188552623,"height":10,"heightSource":"default","kind":"yes","name":null,"startDate":null}},{"type":"Feature","geometry":{"type":"Polygon","coordinates":[[[139.7999489,35.6561623],[139.7997402,35.6563668],[139.7997808,35.6563941],[139.7997465,35.6564277],[139.8002116,35.6567412],[139.8002488,35.6567048],[139.8002945,35.6567356],[139.8004655,35.6565681],[139.8004156,35.6565345],[139.8004505,35.6565004],[139.7999489,35.6561623]]]},"properties":{"id":189162821,"height":60,"heightSource":"height","kind":"yes","name":null,"startDate":null}},{"type":"Feature","geometry":{"type":"Polygon","coordinates":[[[139.7989379,35.6548146],[139.7988926,35.6547867],[139.7988763,35.654803],[139.7988212,35.6547665],[139.7984385,35.6551473],[139.798538,35.6552134],[139.7985659,35.6552316],[139.7986096,35.6551876],[139.798582,35.6551696],[139.7989208,35.6548325],[139.7989202,35.6548321],[139.7989379,35.6548146]]]},"properties":{"id":189162822,"height":16,"heightSource":"levels","kind":"apartments","name":null,"startDate":"1971-03-24"}},{"type":"Feature","geometry":{"type":"Polygon","coordinates":[[[139.800021,35.6556385],[139.7998727,35.6555464],[139.7997418,35.6556841],[139.7998751,35.6558047],[139.799368,35.6561604],[139.7994378,35.6562019],[139.7994266,35.65621],[139.7995051,35.6562637],[139.7997045,35.656132],[139.7997469,35.6561695],[139.7997992,35.6561371],[139.7997544,35.6560956],[139.8000909,35.6558586],[139.79997,35.6557381],[139.7999333,35.6557638],[139.7999026,35.6557358],[139.800021,35.6556385]]]},"properties":{"id":189162823,"height":60,"heightSource":"height","kind":"yes","name":null,"startDate":null}},{"type":"Feature","geometry":{"type":"Polygon","coordinates":[[[139.8001263,35.6559117],[139.8005064,35.6561602],[139.8011496,35.6555107],[139.8013035,35.6556113],[139.8011584,35.6557579],[139.8012039,35.6557877],[139.8011661,35.6558258],[139.8011162,35.6557932],[139.8009078,35.6560036],[139.8009485,35.6560302],[139.8009265,35.6560524],[139.8008872,35.6560267],[139.8008354,35.656079],[139.8008835,35.6561104],[139.8008431,35.6561512],[139.800796,35.6561205],[139.800635,35.6562831],[139.8005441,35.6562236],[139.8004439,35.6563247],[139.8003024,35.6562321],[139.800271,35.6562638],[139.8002458,35.6562473],[139.800278,35.6562147],[139.8001257,35.6561152],[139.8000885,35.6561528],[139.8000298,35.6561144],[139.8000701,35.6560736],[139.8000192,35.6560402],[139.8000836,35.6559752],[139.8000714,35.6559672],[139.8001263,35.6559117]]]},"properties":{"id":189162824,"height":60,"heightSource":"height","kind":"yes","name":null,"startDate":null}},{"type":"Feature","geometry":{"type":"Polygon","coordinates":[[[139.8007427,35.6547008],[139.800618,35.6548269],[139.801124,35.6551571],[139.8012487,35.6550309],[139.8007427,35.6547008]]]},"properties":{"id":189162825,"height":10,"heightSource":"default","kind":"yes","name":null,"startDate":null}},{"type":"Feature","geometry":{"type":"Polygon","coordinates":[[[139.7986395,35.6551684],[139.7987039,35.6552103],[139.7987628,35.6551504],[139.7986985,35.6551085],[139.7986395,35.6551684]]]},"properties":{"id":189162826,"height":10,"heightSource":"default","kind":"yes","name":null,"startDate":null}},{"type":"Feature","geometry":{"type":"Polygon","coordinates":[[[139.7982928,35.6555179],[139.7983641,35.655567],[139.798444,35.6554903],[139.7983727,35.6554412],[139.7982928,35.6555179]]]},"properties":{"id":189162827,"height":10,"heightSource":"default","kind":"yes","name":null,"startDate":null}},{"type":"Feature","geometry":{"type":"Polygon","coordinates":[[[139.7983811,35.6554361],[139.7984501,35.6554821],[139.798487,35.6554456],[139.798418,35.6553996],[139.7983811,35.6554361]]]},"properties":{"id":189162829,"height":10,"heightSource":"default","kind":"yes","name":null,"startDate":null}},{"type":"Feature","geometry":{"type":"Polygon","coordinates":[[[139.7988539,35.6557856],[139.7987975,35.655843],[139.7988691,35.6558894],[139.7989255,35.6558319],[139.7988539,35.6557856]]]},"properties":{"id":189162830,"height":10,"heightSource":"default","kind":"yes","name":null,"startDate":null}},{"type":"Feature","geometry":{"type":"Polygon","coordinates":[[[139.7984955,35.6556402],[139.7985622,35.6556838],[139.7986328,35.6556125],[139.7985662,35.6555689],[139.7984955,35.6556402]]]},"properties":{"id":189162831,"height":10,"heightSource":"default","kind":"yes","name":null,"startDate":null}},{"type":"Feature","geometry":{"type":"Polygon","coordinates":[[[139.7984578,35.6555487],[139.7985321,35.6555961],[139.7985634,35.6555638],[139.7984891,35.6555163],[139.7984578,35.6555487]]]},"properties":{"id":189162834,"height":10,"heightSource":"default","kind":"yes","name":null,"startDate":null}},{"type":"Feature","geometry":{"type":"Polygon","coordinates":[[[139.7989624,35.6559082],[139.7991805,35.6560529],[139.7992881,35.6559459],[139.79907,35.6558012],[139.7989624,35.6559082]]]},"properties":{"id":189162835,"height":10,"heightSource":"default","kind":"yes","name":"SUNFULL 豊洲 baystage","startDate":null}},{"type":"Feature","geometry":{"type":"Polygon","coordinates":[[[139.7986235,35.6557202],[139.7987049,35.6557735],[139.7987691,35.6557087],[139.7986877,35.6556555],[139.7986235,35.6557202]]]},"properties":{"id":189162836,"height":10,"heightSource":"default","kind":"yes","name":null,"startDate":null}},{"type":"Feature","geometry":{"type":"Polygon","coordinates":[[[139.7984731,35.6553393],[139.7985433,35.6553858],[139.7985729,35.6553563],[139.7985027,35.6553098],[139.7984731,35.6553393]]]},"properties":{"id":189162838,"height":10,"heightSource":"default","kind":"yes","name":null,"startDate":null}},{"type":"Feature","geometry":{"type":"Polygon","coordinates":[[[139.7990141,35.6557626],[139.7990603,35.6557924],[139.7991075,35.6557443],[139.7990613,35.6557144],[139.7990141,35.6557626]]]},"properties":{"id":189162839,"height":10,"heightSource":"default","kind":"yes","name":null,"startDate":null}},{"type":"Feature","geometry":{"type":"Polygon","coordinates":[[[139.7983275,35.6553465],[139.7983609,35.6553688],[139.7984542,35.6552766],[139.7984208,35.6552542],[139.7983275,35.6553465]]]},"properties":{"id":189162841,"height":10,"heightSource":"default","kind":"yes","name":null,"startDate":null}},{"type":"Feature","geometry":{"type":"Polygon","coordinates":[[[139.7990644,35.6551702],[139.799157,35.655232],[139.7992312,35.6551587],[139.7991386,35.6550969],[139.7990644,35.6551702]]]},"properties":{"id":189162842,"height":10,"heightSource":"default","kind":"yes","name":null,"startDate":null}},{"type":"Feature","geometry":{"type":"Polygon","coordinates":[[[139.7984088,35.6555904],[139.7984896,35.6556417],[139.7985272,35.6556025],[139.7984464,35.6555513],[139.7984088,35.6555904]]]},"properties":{"id":189162843,"height":10,"heightSource":"default","kind":"yes","name":null,"startDate":null}},{"type":"Feature","geometry":{"type":"Polygon","coordinates":[[[139.7988757,35.655896],[139.7989261,35.6559286],[139.7989799,35.6558737],[139.7989295,35.6558411],[139.7988757,35.655896]]]},"properties":{"id":189162844,"height":10,"heightSource":"default","kind":"yes","name":null,"startDate":null}},{"type":"Feature","geometry":{"type":"Polygon","coordinates":[[[139.7983075,35.6552292],[139.7983909,35.6552828],[139.7984213,35.6552516],[139.7983379,35.655198],[139.7983075,35.6552292]]]},"properties":{"id":189162845,"height":10,"heightSource":"default","kind":"yes","name":null,"startDate":null}},{"type":"Feature","geometry":{"type":"Polygon","coordinates":[[[139.7984943,35.6555113],[139.7985371,35.6555388],[139.7985837,35.6554909],[139.7985409,35.6554634],[139.7984943,35.6555113]]]},"properties":{"id":189162847,"height":10,"heightSource":"default","kind":"yes","name":null,"startDate":null}},{"type":"Feature","geometry":{"type":"Polygon","coordinates":[[[139.7985692,35.6556862],[139.7986189,35.6557188],[139.7986901,35.6556469],[139.7986404,35.6556144],[139.7985692,35.6556862]]]},"properties":{"id":189162848,"height":10,"heightSource":"default","kind":"yes","name":null,"startDate":null}},{"type":"Feature","geometry":{"type":"Polygon","coordinates":[[[139.7988539,35.6557856],[139.7989255,35.6558319],[139.7989592,35.6558538],[139.7989925,35.6558199],[139.7988871,35.6557517],[139.7988539,35.6557856]]]},"properties":{"id":189162849,"height":10,"heightSource":"default","kind":"yes","name":null,"startDate":null}},{"type":"Feature","geometry":{"type":"Polygon","coordinates":[[[139.7988871,35.6557517],[139.7989925,35.6558199],[139.7990203,35.6558376],[139.7990592,35.6557976],[139.7989259,35.6557119],[139.7988871,35.6557517]]]},"properties":{"id":189162850,"height":10,"heightSource":"default","kind":"yes","name":null,"startDate":null}},{"type":"Feature","geometry":{"type":"Polygon","coordinates":[[[139.7986146,35.6554098],[139.7985582,35.6554689],[139.7986161,35.655507],[139.7985653,35.6555576],[139.7987656,35.6556886],[139.7988739,35.6555794],[139.7986146,35.6554098]]]},"properties":{"id":189162852,"height":10,"heightSource":"default","kind":"yes","name":null,"startDate":null}},{"type":"Feature","geometry":{"type":"Polygon","coordinates":[[[139.7982913,35.655512],[139.7985002,35.6553045],[139.798463,35.6552795],[139.7983559,35.6553865],[139.7983188,35.6553621],[139.7982187,35.6554611],[139.7982913,35.655512]]]},"properties":{"id":189162853,"height":10,"heightSource":"default","kind":"yes","name":null,"startDate":null}},{"type":"Feature","geometry":{"type":"Polygon","coordinates":[[[139.7986653,35.6552821],[139.7989688,35.65548],[139.7990394,35.6554085],[139.798757,35.6552244],[139.7987292,35.6552525],[139.7987081,35.6552388],[139.7986653,35.6552821]]]},"properties":{"id":189162854,"height":16,"heightSource":"levels","kind":"apartments","name":null,"startDate":"1973-04-23"}},{"type":"Feature","geometry":{"type":"Polygon","coordinates":[[[139.7983909,35.6552828],[139.7983075,35.6552292],[139.798171,35.6553612],[139.7981774,35.6554088],[139.7981883,35.6554393],[139.7982153,35.6554535],[139.7983909,35.6552828]]]},"properties":{"id":189162856,"height":10,"heightSource":"default","kind":"yes","name":null,"startDate":null}},{"type":"Feature","geometry":{"type":"Polygon","coordinates":[[[139.7996926,35.6553575],[139.7997877,35.6554225],[139.7998967,35.6553172],[139.7998016,35.6552522],[139.7995966,35.655112],[139.7992275,35.6554685],[139.7994325,35.6556086],[139.7996926,35.6553575]]]},"properties":{"id":189162857,"height":10,"heightSource":"default","kind":"yes","name":null,"startDate":null}},{"type":"Feature","geometry":{"type":"Polygon","coordinates":[[[139.8005001,35.6552192],[139.8005331,35.655239],[139.8005506,35.6552198],[139.8005184,35.6552005],[139.800756,35.6549578],[139.8006043,35.6548598],[139.8002217,35.6552507],[139.8003733,35.6553487],[139.8005001,35.6552192]]]},"properties":{"id":189162860,"height":10,"heightSource":"default","kind":"yes","name":null,"startDate":null}},{"type":"Feature","geometry":{"type":"Polygon","coordinates":[[[139.8014943,35.6554247],[139.8015362,35.6554525],[139.8015578,35.6554309],[139.8015159,35.6554032],[139.8016574,35.6552622],[139.8015117,35.6551656],[139.8011639,35.655512],[139.8013097,35.6556086],[139.8014943,35.6554247]]]},"properties":{"id":189162861,"height":10,"heightSource":"default","kind":"yes","name":null,"startDate":null}},{"type":"Feature","geometry":{"type":"Polygon","coordinates":[[[139.8002403,35.6554473],[139.8003428,35.6553431],[139.8001943,35.6552466],[139.7999213,35.6555241],[139.8000699,35.6556206],[139.8002184,35.6554696],[139.8002553,35.6554937],[139.8002773,35.6554716],[139.8002403,35.6554473]]]},"properties":{"id":189162863,"height":10,"heightSource":"default","kind":"yes","name":null,"startDate":null}},{"type":"Feature","geometry":{"type":"Polygon","coordinates":[[[139.8020169,35.6534522],[139.8020961,35.6534526],[139.8020957,35.6535046],[139.8022405,35.6535052],[139.8022433,35.6530882],[139.8021829,35.6530879],[139.8021831,35.6530649],[139.8020987,35.6530645],[139.8020965,35.6533828],[139.8020174,35.6533824],[139.8020169,35.6534522]]]},"properties":{"id":189473466,"height":38.4,"heightSource":"levels","kind":"apartments","name":null,"startDate":null}},{"type":"Feature","geometry":{"type":"Polygon","coordinates":[[[139.8019318,35.6534428],[139.8018524,35.6534434],[139.8018496,35.6531967],[139.8017044,35.6531978],[139.8017104,35.6537197],[139.8017706,35.6537193],[139.8017709,35.6537422],[139.8018557,35.6537416],[139.8018531,35.6535132],[139.8019326,35.6535126],[139.8019318,35.6534428]]]},"properties":{"id":189473467,"height":38.4,"heightSource":"levels","kind":"apartments","name":null,"startDate":null}},{"type":"Feature","geometry":{"type":"Polygon","coordinates":[[[139.8019378,35.6531944],[139.8018855,35.6531594],[139.8018544,35.6531901],[139.8017426,35.6531154],[139.8020687,35.6527933],[139.8021154,35.6528245],[139.8021334,35.6528067],[139.8021985,35.6528502],[139.8019369,35.6531087],[139.8019892,35.6531436],[139.8019378,35.6531944]]]},"properties":{"id":189473468,"height":38.4,"heightSource":"levels","kind":"apartments","name":null,"startDate":null}},{"type":"Feature","geometry":{"type":"Polygon","coordinates":[[[139.8014552,35.6539981],[139.801376,35.6539984],[139.8013764,35.6540504],[139.8012316,35.6540511],[139.8012287,35.653634],[139.8012892,35.6536338],[139.801289,35.6536107],[139.8013734,35.6536104],[139.8013756,35.6539287],[139.8014547,35.6539283],[139.8014552,35.6539981]]]},"properties":{"id":189473469,"height":38.4,"heightSource":"levels","kind":"apartments","name":null,"startDate":null}},{"type":"Feature","geometry":{"type":"Polygon","coordinates":[[[139.8012133,35.6546325],[139.8013583,35.654728],[139.8014819,35.6546041],[139.8015144,35.6546255],[139.8015293,35.6546107],[139.8014968,35.6545892],[139.8016096,35.6544762],[139.8016413,35.6544971],[139.8016591,35.6544792],[139.8016272,35.6544582],[139.8016935,35.6543917],[139.8017396,35.6544221],[139.8017749,35.6543867],[139.8017277,35.6543557],[139.8017932,35.6542901],[139.8016494,35.6541954],[139.8012133,35.6546325]]]},"properties":{"id":189473470,"height":10,"heightSource":"default","kind":"yes","name":null,"startDate":null}},{"type":"Feature","geometry":{"type":"Polygon","coordinates":[[[139.801866,35.6544116],[139.8014801,35.6547942],[139.8015236,35.6548264],[139.8015171,35.6548327],[139.8014864,35.6548622],[139.801694,35.6549993],[139.8017295,35.654967],[139.8017583,35.6549873],[139.8020748,35.6546708],[139.8020401,35.6546495],[139.8020582,35.6546313],[139.8020474,35.654561],[139.8020309,35.6545496],[139.8020485,35.6545321],[139.801866,35.6544116]]]},"properties":{"id":189473471,"height":10,"heightSource":"default","kind":"parking","name":null,"startDate":null}},{"type":"Feature","geometry":{"type":"Polygon","coordinates":[[[139.8018155,35.6540311],[139.8016763,35.6541681],[139.8017122,35.6541922],[139.8017258,35.6541789],[139.8020184,35.6543752],[139.8019695,35.6544234],[139.8020126,35.6544523],[139.8020645,35.6544012],[139.8021107,35.6544337],[139.8021458,35.654751],[139.8021125,35.6547535],[139.8021197,35.654819],[139.8021718,35.6548152],[139.802173,35.6548263],[139.802339,35.6548141],[139.8022873,35.6543481],[139.8018155,35.6540311]]]},"properties":{"id":189473472,"height":60,"heightSource":"height","kind":"yes","name":null,"startDate":null}},{"type":"Feature","geometry":{"type":"Polygon","coordinates":[[[139.8010189,35.654133],[139.8010186,35.6540674],[139.8006584,35.6540688],[139.8006587,35.6541208],[139.8005942,35.654121],[139.8005943,35.6541492],[139.8005627,35.6541493],[139.8005631,35.6542233],[139.8005876,35.6542232],[139.8005878,35.6542563],[139.8006567,35.654256],[139.8006565,35.6542176],[139.8007838,35.6542171],[139.800784,35.654256],[139.8008103,35.6542559],[139.8008101,35.654217],[139.8008423,35.6542169],[139.8008425,35.6542522],[139.8008628,35.6542522],[139.8009036,35.654252],[139.8009034,35.6542167],[139.800931,35.6542166],[139.8009312,35.6542562],[139.8009537,35.6542561],[139.8009535,35.6542165],[139.8010203,35.6542163],[139.8010205,35.6542632],[139.8010878,35.6542629],[139.801088,35.6542997],[139.8011493,35.6542995],[139.8011491,35.654274],[139.8011831,35.6542739],[139.8011828,35.6542221],[139.8011488,35.6542222],[139.8011486,35.6541713],[139.8010818,35.6541716],[139.8010816,35.6541328],[139.8010189,35.654133]]]},"properties":{"id":189473473,"height":48,"heightSource":"levels","kind":"apartments","name":null,"startDate":null}},{"type":"Feature","geometry":{"type":"Polygon","coordinates":[[[139.8014174,35.6538661],[139.801638,35.6538651],[139.8016365,35.6536465],[139.8014159,35.6536475],[139.8014174,35.6538661]]]},"properties":{"id":189473474,"height":10,"heightSource":"default","kind":"yes","name":null,"startDate":null}},{"type":"Feature","geometry":{"type":"Polygon","coordinates":[[[139.8021749,35.6540614],[139.8022536,35.6541132],[139.8023672,35.6539992],[139.8022886,35.6539474],[139.8021749,35.6540614]]]},"properties":{"id":189473475,"height":10,"heightSource":"default","kind":"yes","name":null,"startDate":null}},{"type":"Feature","geometry":{"type":"Polygon","coordinates":[[[139.8028863,35.6538171],[139.8024447,35.6542579],[139.8025489,35.6543268],[139.8029905,35.653886],[139.8028863,35.6538171]]]},"properties":{"id":189473476,"height":30,"heightSource":"height","kind":"yes","name":null,"startDate":null}},{"type":"Feature","geometry":{"type":"Polygon","coordinates":[[[139.802039,35.6539523],[139.8021337,35.6540147],[139.8022292,35.6539189],[139.8021345,35.6538565],[139.802039,35.6539523]]]},"properties":{"id":189473477,"height":10,"heightSource":"default","kind":"yes","name":null,"startDate":null}},{"type":"Feature","geometry":{"type":"Polygon","coordinates":[[[139.8028795,35.6538069],[139.8030253,35.6538227],[139.8031797,35.6528822],[139.8031041,35.652874],[139.8030998,35.6528998],[139.8030297,35.6528922],[139.8028795,35.6538069]]]},"properties":{"id":189473478,"height":30,"heightSource":"height","kind":"apartments","name":null,"startDate":null}},{"type":"Feature","geometry":{"type":"Polygon","coordinates":[[[139.8033106,35.6535014],[139.8034547,35.6535008],[139.803452,35.6531083],[139.8033798,35.6531087],[139.8033796,35.653085],[139.8033078,35.6530853],[139.8033106,35.6535014]]]},"properties":{"id":189473479,"height":30,"heightSource":"height","kind":"apartments","name":null,"startDate":null}},{"type":"Feature","geometry":{"type":"Polygon","coordinates":[[[139.8003737,35.6527221],[139.8003401,35.6527562],[139.8005432,35.6528883],[139.8005787,35.6528522],[139.8006234,35.6528813],[139.8011503,35.6523463],[139.8011098,35.6523199],[139.80114,35.6522894],[139.8008924,35.6521284],[139.8003335,35.652696],[139.8003737,35.6527221]]]},"properties":{"id":189627760,"height":19.2,"heightSource":"levels","kind":"parking","name":null,"startDate":null}},{"type":"Feature","geometry":{"type":"Polygon","coordinates":[[[139.8001326,35.6535621],[139.8003498,35.6533428],[139.8002789,35.6532965],[139.8002921,35.6532832],[139.7998746,35.6530103],[139.799756,35.65313],[139.7999236,35.6532396],[139.7998989,35.6532644],[139.7999245,35.6532811],[139.7999491,35.6532562],[139.8001501,35.6533877],[139.8000384,35.6535005],[139.8001326,35.6535621]]]},"properties":{"id":189627761,"height":10,"heightSource":"default","kind":"yes","name":null,"startDate":null}},{"type":"Feature","geometry":{"type":"Polygon","coordinates":[[[139.8003244,35.6539482],[139.800564,35.653707],[139.8005895,35.6537237],[139.8006086,35.6537046],[139.8005709,35.6536799],[139.8006662,35.653584],[139.8005489,35.653507],[139.800085,35.6539741],[139.8002109,35.6540567],[139.8002662,35.654001],[139.8002974,35.6540214],[139.8003358,35.6539828],[139.8003512,35.6539929],[139.8003675,35.6539765],[139.8003244,35.6539482]]]},"properties":{"id":189627762,"height":38.4,"heightSource":"levels","kind":"apartments","name":"ブリリアントヨス","startDate":null}},{"type":"Feature","geometry":{"type":"Polygon","coordinates":[[[139.7995804,35.6530979],[139.7992949,35.6533867],[139.7994385,35.6534804],[139.7996388,35.6532779],[139.7996767,35.6533027],[139.7996969,35.6532822],[139.799659,35.6532575],[139.7996935,35.6532225],[139.7997557,35.6532631],[139.7997955,35.6532229],[139.7997333,35.6531823],[139.7997698,35.6531453],[139.7997237,35.6531152],[139.8000811,35.6527545],[139.8001249,35.6527831],[139.8001399,35.6527679],[139.8000962,35.6527393],[139.8006341,35.6521963],[139.8006783,35.6522252],[139.8006913,35.6522121],[139.8006471,35.6521832],[139.8008134,35.6520154],[139.8006682,35.6519204],[139.7995326,35.6530666],[139.7995804,35.6530979]]]},"properties":{"id":189627764,"height":30,"heightSource":"default","kind":"apartments","name":"スターコート豊洲","startDate":null}},{"type":"Feature","geometry":{"type":"Polygon","coordinates":[[[139.8023838,35.6526205],[139.8024177,35.6526433],[139.8024351,35.6526262],[139.8024012,35.6526034],[139.8025247,35.6524822],[139.8025346,35.6524889],[139.8025067,35.6525163],[139.8025299,35.6525319],[139.8025578,35.6525045],[139.8026129,35.6525416],[139.8025943,35.6525599],[139.8026157,35.6525742],[139.8026041,35.6525856],[139.8026327,35.6526048],[139.8026629,35.6525752],[139.8028398,35.6526943],[139.8028025,35.6527309],[139.8028246,35.6527458],[139.8028619,35.6527092],[139.8029692,35.6527814],[139.8030944,35.6526586],[139.8024994,35.6522582],[139.8023742,35.652381],[139.8023933,35.6523939],[139.8021368,35.6526455],[139.8022682,35.6527339],[139.8023838,35.6526205]]]},"properties":{"id":189627765,"height":10,"heightSource":"default","kind":"yes","name":null,"startDate":null}},{"type":"Feature","geometry":{"type":"Polygon","coordinates":[[[139.802791,35.6529008],[139.8028916,35.6527994],[139.8027944,35.6527356],[139.8026937,35.652837],[139.802791,35.6529008]]]},"properties":{"id":189627766,"height":16,"heightSource":"levels","kind":"apartments","name":null,"startDate":null}},{"type":"Feature","geometry":{"type":"Polygon","coordinates":[[[139.8012089,35.6513993],[139.8011371,35.6514666],[139.8012468,35.6515439],[139.8013186,35.6514767],[139.8012089,35.6513993]]]},"properties":{"id":189627768,"height":10,"heightSource":"default","kind":"yes","name":null,"startDate":null}},{"type":"Feature","geometry":{"type":"Polygon","coordinates":[[[139.8007996,35.6517908],[139.8006839,35.6519076],[139.80134,35.6523367],[139.8014557,35.6522199],[139.8007996,35.6517908]]]},"properties":{"id":189627769,"height":10,"heightSource":"default","kind":"yes","name":null,"startDate":null}},{"type":"Feature","geometry":{"type":"Polygon","coordinates":[[[139.8019632,35.6523476],[139.8020875,35.6524302],[139.8023322,35.6521869],[139.8022078,35.6521043],[139.8019632,35.6523476]]]},"properties":{"id":189627770,"height":10,"heightSource":"default","kind":"yes","name":null,"startDate":null}},{"type":"Feature","geometry":{"type":"Polygon","coordinates":[[[139.8004726,35.6512757],[139.8005957,35.6513569],[139.8008051,35.6511472],[139.8006819,35.651066],[139.8004726,35.6512757]]]},"properties":{"id":189627771,"height":10,"heightSource":"default","kind":"yes","name":null,"startDate":null}},{"type":"Feature","geometry":{"type":"Polygon","coordinates":[[[139.8003083,35.6540529],[139.8003848,35.6541031],[139.8004945,35.6539926],[139.800418,35.6539425],[139.8003083,35.6540529]]]},"properties":{"id":189627772,"height":10,"heightSource":"default","kind":"yes","name":null,"startDate":null}},{"type":"Feature","geometry":{"type":"Polygon","coordinates":[[[139.8009022,35.6516179],[139.8009597,35.6516585],[139.8010738,35.6515516],[139.8010163,35.6515111],[139.8009022,35.6516179]]]},"properties":{"id":189627773,"height":10,"heightSource":"default","kind":"yes","name":null,"startDate":null}},{"type":"Feature","geometry":{"type":"Polygon","coordinates":[[[139.8005937,35.6537393],[139.8007,35.653809],[139.8007968,35.6537114],[139.8006906,35.6536418],[139.8005937,35.6537393]]]},"properties":{"id":189627774,"height":19.2,"heightSource":"levels","kind":"apartments","name":null,"startDate":null}},{"type":"Feature","geometry":{"type":"Polygon","coordinates":[[[139.7998859,35.6538561],[139.8000125,35.6539399],[139.8002803,35.6536729],[139.8001537,35.6535891],[139.7998859,35.6538561]]]},"properties":{"id":189627775,"height":30,"heightSource":"default","kind":"apartments","name":"豊洲ガーデンハウス","startDate":null}},{"type":"Feature","geometry":{"type":"Polygon","coordinates":[[[139.8010556,35.6515774],[139.801136,35.6516341],[139.8011797,35.6515932],[139.8010992,35.6515364],[139.8010556,35.6515774]]]},"properties":{"id":189627776,"height":10,"heightSource":"default","kind":"yes","name":null,"startDate":null}},{"type":"Feature","geometry":{"type":"Polygon","coordinates":[[[139.800716,35.6515269],[139.8008404,35.6516095],[139.8010095,35.6514414],[139.8008852,35.6513588],[139.800716,35.6515269]]]},"properties":{"id":189627777,"height":10,"heightSource":"default","kind":"yes","name":null,"startDate":null}},{"type":"Feature","geometry":{"type":"Polygon","coordinates":[[[139.8012917,35.651884],[139.8014,35.6519591],[139.8014637,35.6518985],[139.8013554,35.6518233],[139.8012917,35.651884]]]},"properties":{"id":189627779,"height":10,"heightSource":"default","kind":"yes","name":null,"startDate":null}},{"type":"Feature","geometry":{"type":"Polygon","coordinates":[[[139.799829,35.6517098],[139.7996193,35.6519207],[139.7998017,35.6520405],[139.7998681,35.6519737],[139.7999416,35.6520219],[139.7998754,35.6520885],[139.8000524,35.6522047],[139.8002619,35.651994],[139.799829,35.6517098]]]},"properties":{"id":189627780,"height":10,"heightSource":"default","kind":"yes","name":null,"startDate":null}},{"type":"Feature","geometry":{"type":"Polygon","coordinates":[[[139.7962094,35.6531708],[139.7963221,35.6532456],[139.7963411,35.6532267],[139.7963546,35.6532357],[139.7964745,35.6531165],[139.7965186,35.6531457],[139.7965679,35.6530967],[139.7965231,35.653067],[139.7966479,35.6529429],[139.7965223,35.6528595],[139.7962094,35.6531708]]]},"properties":{"id":189783987,"height":30,"heightSource":"height","kind":"yes","name":null,"startDate":null}},{"type":"Feature","geometry":{"type":"Polygon","coordinates":[[[139.7964544,35.653459],[139.796688,35.6536099],[139.7966337,35.6536628],[139.7966014,35.6536399],[139.7964909,35.6537498],[139.7964544,35.653459]]]},"properties":{"id":189783988,"height":10,"heightSource":"default","kind":"yes","name":null,"startDate":null}},{"type":"Feature","geometry":{"type":"Polygon","coordinates":[[[139.7967525,35.6538862],[139.7968933,35.6537491],[139.796688,35.6536099],[139.7966337,35.6536628],[139.7965472,35.6537471],[139.7967525,35.6538862]]]},"properties":{"id":189783989,"height":10,"heightSource":"default","kind":"yes","name":null,"startDate":null}},{"type":"Feature","geometry":{"type":"Polygon","coordinates":[[[139.7965089,35.654168],[139.7966791,35.6539995],[139.7965559,35.653917],[139.7964756,35.6539973],[139.7964183,35.6539594],[139.7962997,35.654078],[139.7964293,35.6541717],[139.7965089,35.654168]]]},"properties":{"id":189783990,"height":10,"heightSource":"default","kind":"yes","name":null,"startDate":null}},{"type":"Feature","geometry":{"type":"Polygon","coordinates":[[[139.7985444,35.6520738],[139.7983218,35.6519256],[139.7982762,35.6519627],[139.7982225,35.6519212],[139.7982708,35.6518842],[139.7980402,35.6517316],[139.7976271,35.6521588],[139.798134,35.6524901],[139.7985444,35.6520738]]]},"properties":{"id":189783991,"height":50,"heightSource":"height","kind":"yes","name":null,"startDate":null}},{"type":"Feature","geometry":{"type":"Polygon","coordinates":[[[139.7963288,35.6538534],[139.7963345,35.6539139],[139.7960388,35.6539381],[139.7958909,35.6538257],[139.795912,35.6538176],[139.7958759,35.6535548],[139.7959114,35.6535279],[139.7959545,35.6538065],[139.7960401,35.6538795],[139.7963288,35.6538534]]]},"properties":{"id":189783992,"height":10,"heightSource":"default","kind":"yes","name":null,"startDate":null}},{"type":"Feature","geometry":{"type":"Polygon","coordinates":[[[139.7955256,35.6522553],[139.7961508,35.6526747],[139.7961289,35.6526963],[139.7961731,35.6527259],[139.7962939,35.6526071],[139.7961409,35.6525045],[139.7960578,35.6525864],[139.7960322,35.6525692],[139.7960795,35.6525227],[139.7960519,35.6525042],[139.7960877,35.6524689],[139.7956243,35.6521581],[139.7955256,35.6522553]]]},"properties":{"id":190375061,"height":30,"heightSource":"height","kind":"yes","name":null,"startDate":null}},{"type":"Feature","geometry":{"type":"Polygon","coordinates":[[[139.7985349,35.6498694],[139.7985062,35.649898],[139.7985294,35.6499134],[139.7985581,35.6498848],[139.7987437,35.6500075],[139.7987245,35.6500267],[139.7987457,35.6500407],[139.7987649,35.6500215],[139.7989117,35.6501186],[139.799024,35.6500064],[139.7982033,35.6494637],[139.7977241,35.6499422],[139.7978838,35.6500478],[139.7979991,35.6499326],[139.7980236,35.6499489],[139.7980443,35.6499282],[139.7980198,35.649912],[139.7981651,35.6497668],[139.7981972,35.649788],[139.7982577,35.6497276],[139.7982257,35.6497064],[139.7982506,35.6496814],[139.7982812,35.6497017],[139.7982649,35.6497179],[139.7982858,35.6497318],[139.7983021,35.6497155],[139.7985349,35.6498694]]]},"properties":{"id":190375062,"height":10,"heightSource":"default","kind":"yes","name":null,"startDate":null}},{"type":"Feature","geometry":{"type":"Polygon","coordinates":[[[139.795381,35.653424],[139.7954443,35.6534643],[139.795524,35.6533818],[139.7954607,35.6533415],[139.795381,35.653424]]]},"properties":{"id":190375064,"height":10,"heightSource":"default","kind":"yes","name":null,"startDate":null}},{"type":"Feature","geometry":{"type":"Polygon","coordinates":[[[139.7954007,35.6532759],[139.7955099,35.6533459],[139.7955853,35.6532684],[139.7954761,35.6531983],[139.7954007,35.6532759]]]},"properties":{"id":190375067,"height":10,"heightSource":"default","kind":"yes","name":null,"startDate":null}},{"type":"Feature","geometry":{"type":"Polygon","coordinates":[[[139.7956284,35.6533601],[139.7956843,35.653398],[139.7957414,35.6533424],[139.7956854,35.6533045],[139.7956284,35.6533601]]]},"properties":{"id":190375068,"height":10,"heightSource":"default","kind":"yes","name":null,"startDate":null}},{"type":"Feature","geometry":{"type":"Polygon","coordinates":[[[139.7958447,35.6529315],[139.7959497,35.6530005],[139.796035,35.6529148],[139.79593,35.6528458],[139.7958447,35.6529315]]]},"properties":{"id":190375069,"height":10,"heightSource":"default","kind":"yes","name":null,"startDate":null}},{"type":"Feature","geometry":{"type":"Polygon","coordinates":[[[139.795535,35.6533965],[139.7956177,35.6534518],[139.7956712,35.653399],[139.7955885,35.6533437],[139.795535,35.6533965]]]},"properties":{"id":190375070,"height":10,"heightSource":"default","kind":"yes","name":null,"startDate":null}},{"type":"Feature","geometry":{"type":"Polygon","coordinates":[[[139.7950845,35.6527522],[139.7952013,35.6528298],[139.7952514,35.65278],[139.7951346,35.6527024],[139.7950845,35.6527522]]]},"properties":{"id":190375071,"height":10,"heightSource":"default","kind":"yes","name":null,"startDate":null}},{"type":"Feature","geometry":{"type":"Polygon","coordinates":[[[139.7954433,35.6534883],[139.7954746,35.6535109],[139.7955476,35.6535056],[139.7956051,35.6534479],[139.7955317,35.6533996],[139.7954433,35.6534883]]]},"properties":{"id":190375074,"height":10,"heightSource":"default","kind":"yes","name":null,"startDate":null}},{"type":"Feature","geometry":{"type":"Polygon","coordinates":[[[139.7954733,35.6531813],[139.7956305,35.6532878],[139.7956507,35.6532681],[139.795746,35.6533326],[139.795789,35.6532907],[139.7955365,35.6531197],[139.7954733,35.6531813]]]},"properties":{"id":190375077,"height":10,"heightSource":"default","kind":"yes","name":null,"startDate":null}},{"type":"Feature","geometry":{"type":"Polygon","coordinates":[[[139.7971716,35.6504813],[139.7978733,35.6509428],[139.7982489,35.6505657],[139.7976116,35.6501467],[139.7975585,35.6502],[139.797494,35.6501576],[139.7971716,35.6504813]]]},"properties":{"id":190375078,"height":30,"heightSource":"height","kind":"yes","name":null,"startDate":null}},{"type":"Feature","geometry":{"type":"Polygon","coordinates":[[[139.795264,35.6532712],[139.7953403,35.6532032],[139.7953275,35.6531937],[139.7953611,35.6531636],[139.7948851,35.6528112],[139.7947954,35.6528912],[139.7947856,35.652884],[139.7947654,35.652902],[139.795264,35.6532712]]]},"properties":{"id":190375079,"height":35,"heightSource":"height","kind":"yes","name":null,"startDate":null}},{"type":"Feature","geometry":{"type":"Polygon","coordinates":[[[139.7954489,35.6522289],[139.7951239,35.6525489],[139.7952697,35.6526466],[139.7953086,35.6526083],[139.795277,35.6525871],[139.7955771,35.6522916],[139.7955601,35.6522802],[139.795546,35.652294],[139.7954489,35.6522289]]]},"properties":{"id":190375080,"height":30,"heightSource":"height","kind":"yes","name":null,"startDate":null}},{"type":"Feature","geometry":{"type":"Polygon","coordinates":[[[139.7972389,35.6494159],[139.7974551,35.6495618],[139.7975387,35.64948],[139.7973226,35.6493341],[139.7972389,35.6494159]]]},"properties":{"id":190538224,"height":10,"heightSource":"default","kind":"yes","name":null,"startDate":null}},{"type":"Feature","geometry":{"type":"Polygon","coordinates":[[[139.7944095,35.6526512],[139.7944874,35.6527087],[139.7945554,35.652648],[139.7944775,35.6525904],[139.7944095,35.6526512]]]},"properties":{"id":190538226,"height":10,"heightSource":"default","kind":"yes","name":null,"startDate":null}},{"type":"Feature","geometry":{"type":"Polygon","coordinates":[[[139.7984558,35.6490059],[139.7985139,35.6490467],[139.7989049,35.6486785],[139.7988422,35.648636],[139.7984558,35.6490059]]]},"properties":{"id":190538229,"height":10,"heightSource":"default","kind":"yes","name":"東雲水門","startDate":null}},{"type":"Feature","geometry":{"type":"Polygon","coordinates":[[[139.798067,35.6494576],[139.7981068,35.6494833],[139.7981561,35.6494327],[139.7981163,35.649407],[139.798067,35.6494576]]]},"properties":{"id":190538232,"height":10,"heightSource":"default","kind":"yes","name":null,"startDate":null}},{"type":"Feature","geometry":{"type":"Polygon","coordinates":[[[139.7944081,35.6523564],[139.7945321,35.65245],[139.7945656,35.6524207],[139.7945061,35.6523758],[139.7945563,35.6523319],[139.7944918,35.6522832],[139.7944081,35.6523564]]]},"properties":{"id":190538234,"height":10,"heightSource":"default","kind":"yes","name":null,"startDate":null}},{"type":"Feature","geometry":{"type":"Polygon","coordinates":[[[139.7996939,35.6588418],[139.8005369,35.6594028],[139.8007419,35.6594997],[139.8007629,35.659474],[139.8008032,35.6594925],[139.800819,35.659474],[139.8008471,35.6594897],[139.8008576,35.6594783],[139.8008698,35.6594854],[139.8010714,35.6592505],[139.8010293,35.659222],[139.8009803,35.659232],[139.8009505,35.6592676],[139.8009312,35.6592562],[139.8008085,35.6593943],[139.800656,35.6593032],[139.8010679,35.6588788],[139.8002968,35.6583719],[139.8001951,35.6584659],[139.8001338,35.6584232],[139.7996939,35.6588418]]]},"properties":{"id":243799245,"height":14,"heightSource":"default","kind":"warehouse","name":null,"startDate":null}},{"type":"Feature","geometry":{"type":"Polygon","coordinates":[[[139.7955092,35.6575427],[139.7951122,35.6579217],[139.79501,35.6580193],[139.7942497,35.6574936],[139.7947489,35.657017],[139.7955092,35.6575427]]]},"properties":{"id":310317375,"height":80,"heightSource":"height","kind":"yes","name":"豊洲フォレシア","startDate":null}},{"type":"Feature","geometry":{"type":"Polygon","coordinates":[[[139.7973237,35.6544801],[139.7973507,35.6544527],[139.7971399,35.6543156],[139.7971128,35.6543431],[139.7973237,35.6544801]]]},"properties":{"id":311992949,"height":10,"heightSource":"default","kind":"yes","name":null,"startDate":null}},{"type":"Feature","geometry":{"type":"Polygon","coordinates":[[[139.7979206,35.6536677],[139.7979575,35.6536304],[139.7978897,35.6535862],[139.7978528,35.6536234],[139.7979206,35.6536677]]]},"properties":{"id":312049308,"height":10,"heightSource":"default","kind":"yes","name":null,"startDate":null}},{"type":"Feature","geometry":{"type":"Polygon","coordinates":[[[139.7979635,35.6536248],[139.7980002,35.6535893],[139.7979313,35.6535422],[139.7978945,35.6535778],[139.7979635,35.6536248]]]},"properties":{"id":312049310,"height":10,"heightSource":"default","kind":"yes","name":null,"startDate":null}},{"type":"Feature","geometry":{"type":"Polygon","coordinates":[[[139.7978146,35.6537849],[139.7978472,35.6537512],[139.7977661,35.6536994],[139.7977334,35.6537331],[139.7978146,35.6537849]]]},"properties":{"id":312049312,"height":10,"heightSource":"default","kind":"yes","name":null,"startDate":null}},{"type":"Feature","geometry":{"type":"Polygon","coordinates":[[[139.7978482,35.6537459],[139.7979189,35.6536757],[139.7978502,35.65363],[139.7978387,35.6536399],[139.7978287,35.6536362],[139.7977703,35.6536941],[139.7978482,35.6537459]]]},"properties":{"id":312049313,"height":10,"heightSource":"default","kind":"yes","name":null,"startDate":null}},{"type":"Feature","geometry":{"type":"Polygon","coordinates":[[[139.7980197,35.6534544],[139.7980881,35.6534985],[139.7981588,35.6534259],[139.7980904,35.6533819],[139.7980197,35.6534544]]]},"properties":{"id":312052723,"height":10,"heightSource":"default","kind":"yes","name":"BLDG HORIUCHI","startDate":null}},{"type":"Feature","geometry":{"type":"Polygon","coordinates":[[[139.7981081,35.653373],[139.798171,35.6534152],[139.7982407,35.6533466],[139.7981778,35.6533044],[139.7981081,35.653373]]]},"properties":{"id":312052724,"height":10,"heightSource":"default","kind":"yes","name":null,"startDate":null}},{"type":"Feature","geometry":{"type":"Polygon","coordinates":[[[139.7980139,35.6535801],[139.7980846,35.6535085],[139.7980115,35.6534609],[139.7979491,35.653524],[139.7979818,35.6535453],[139.7979733,35.6535556],[139.7980139,35.6535801]]]},"properties":{"id":312052726,"height":10,"heightSource":"default","kind":"yes","name":"NYビル","startDate":null}},{"type":"Feature","geometry":{"type":"Polygon","coordinates":[[[139.8019435,35.650555],[139.8014215,35.6502219],[139.8014561,35.6501862],[139.8014314,35.6501705],[139.8016096,35.6499861],[139.8016608,35.6500188],[139.801698,35.6499802],[139.8018047,35.6500483],[139.8018697,35.649981],[139.8022142,35.6502046],[139.802119,35.6503015],[139.802164,35.6503307],[139.8019435,35.650555]]]},"properties":{"id":312058727,"height":12,"heightSource":"default","kind":"retail","name":"パチンコグランドシップ","startDate":null}},{"type":"Feature","geometry":{"type":"Polygon","coordinates":[[[139.800049,35.6518004],[139.7999587,35.6517404],[139.7999207,35.651563],[139.8001353,35.6513501],[139.8003553,35.6514964],[139.800049,35.6518004]]]},"properties":{"id":312058729,"height":30,"heightSource":"default","kind":"apartments","name":null,"startDate":null}},{"type":"Feature","geometry":{"type":"Polygon","coordinates":[[[139.7955092,35.6575427],[139.7956863,35.6576675],[139.7955648,35.6577863],[139.7956468,35.6578417],[139.7953809,35.6581018],[139.7951122,35.6579217],[139.7955092,35.6575427]]]},"properties":{"id":317768341,"height":10,"heightSource":"default","kind":"yes","name":null,"startDate":null}},{"type":"Feature","geometry":{"type":"Polygon","coordinates":[[[139.7971259,35.6532481],[139.796854,35.6530724],[139.7965611,35.6533715],[139.796833,35.6535473],[139.7971259,35.6532481]]]},"properties":{"id":317777557,"height":45,"heightSource":"height","kind":"yes","name":null,"startDate":null}},{"type":"Feature","geometry":{"type":"Polygon","coordinates":[[[139.79425,35.6586995],[139.7944618,35.6588401],[139.7945181,35.658781],[139.7946507,35.6588645],[139.7949419,35.658559],[139.7945983,35.6583429],[139.79425,35.6586995]]]},"properties":{"id":317777560,"height":10,"heightSource":"default","kind":"yes","name":null,"startDate":null}},{"type":"Feature","geometry":{"type":"Polygon","coordinates":[[[139.7957351,35.6519769],[139.795896,35.651796],[139.7959819,35.6517851],[139.7961106,35.6516282],[139.7967141,35.6520379],[139.7966176,35.6521273],[139.7966658,35.6522362],[139.7964647,35.6524869],[139.7964325,35.6524912],[139.7963762,35.6524193],[139.7958504,35.6520662],[139.7957995,35.6520662],[139.7957458,35.6520292],[139.7957351,35.6519769]]]},"properties":{"id":323182618,"height":20,"heightSource":"default","kind":"commercial","name":null,"startDate":null}},{"type":"Feature","geometry":{"type":"Polygon","coordinates":[[[139.7956762,35.6504225],[139.7963466,35.649764],[139.7969133,35.650145],[139.7962429,35.6508034],[139.7961215,35.6507219],[139.7956762,35.6504225]]]},"properties":{"id":325867763,"height":28.8,"heightSource":"levels","kind":"hospital","name":null,"startDate":null}},{"type":"Feature","geometry":{"type":"Polygon","coordinates":[[[139.7898557,35.6486251],[139.7898572,35.6485896],[139.7898799,35.6485511],[139.7899206,35.648528],[139.789966,35.6485134],[139.7904501,35.6488301],[139.7904538,35.6488891],[139.7904318,35.6489214],[139.7903807,35.6489491],[139.790328,35.6489499],[139.7898557,35.6486251]]]},"properties":{"id":328179471,"height":10,"heightSource":"default","kind":"yes","name":null,"startDate":null}},{"type":"Feature","geometry":{"type":"Polygon","coordinates":[[[139.7950676,35.6536166],[139.7950762,35.6535699],[139.7951108,35.6535184],[139.7951653,35.6534832],[139.7952421,35.6534651],[139.795669,35.6537893],[139.7956689,35.6538531],[139.7956325,35.6539041],[139.7955815,35.6539328],[139.795508,35.6539447],[139.7950676,35.6536166]]]},"properties":{"id":328179476,"height":10,"heightSource":"default","kind":"yes","name":null,"startDate":null}},{"type":"Feature","geometry":{"type":"Polygon","coordinates":[[[139.7979359,35.6477402],[139.7979651,35.6477113],[139.7979327,35.6476896],[139.7983159,35.6473103],[139.7983482,35.6473319],[139.7983769,35.6473035],[139.7992166,35.6478638],[139.7991874,35.6478927],[139.7992176,35.6479128],[139.7988374,35.6482891],[139.7988076,35.6482692],[139.7987759,35.6483007],[139.7979359,35.6477402]]]},"properties":{"id":332127245,"height":20,"heightSource":"default","kind":"commercial","name":"KDX豊洲グランスクェア","startDate":null}},{"type":"Feature","geometry":{"type":"Polygon","coordinates":[[[139.7920628,35.6485737],[139.792758,35.6490408],[139.7933327,35.648476],[139.7926376,35.6480089],[139.7920628,35.6485737]]]},"properties":{"id":359486766,"height":10,"heightSource":"default","kind":"yes","name":"@Tokyo Chuo Center (CC1 & CC2)","startDate":null}},{"type":"Feature","geometry":{"type":"Polygon","coordinates":[[[139.8023323,35.6500524],[139.8024726,35.6500632],[139.8024768,35.6500269],[139.8024957,35.6500284],[139.802503,35.6499667],[139.8023438,35.6499543],[139.8023323,35.6500524]]]},"properties":{"id":381147491,"height":10,"heightSource":"default","kind":"yes","name":null,"startDate":null}},{"type":"Feature","geometry":{"type":"Polygon","coordinates":[[[139.7993891,35.648107],[139.7994364,35.6480617],[139.7995369,35.648131],[139.7994896,35.6481763],[139.7993891,35.648107]]]},"properties":{"id":381710244,"height":10,"heightSource":"default","kind":"yes","name":null,"startDate":null}},{"type":"Feature","geometry":{"type":"Polygon","coordinates":[[[139.799294,35.6481945],[139.7993398,35.6481482],[139.7994462,35.6482177],[139.7994004,35.648264],[139.799294,35.6481945]]]},"properties":{"id":381710245,"height":10,"heightSource":"default","kind":"yes","name":null,"startDate":null}},{"type":"Feature","geometry":{"type":"Polygon","coordinates":[[[139.8040279,35.651534],[139.8040686,35.6512633],[139.8043271,35.651289],[139.8042863,35.6515602],[139.8040279,35.651534]]]},"properties":{"id":381710246,"height":10,"heightSource":"default","kind":"yes","name":null,"startDate":null}},{"type":"Feature","geometry":{"type":"Polygon","coordinates":[[[139.8003602,35.6493533],[139.8004892,35.6492206],[139.8006486,35.649323],[139.8004874,35.6494888],[139.8003532,35.6494026],[139.8003855,35.6493695],[139.8003602,35.6493533]]]},"properties":{"id":381710249,"height":10,"heightSource":"default","kind":"yes","name":null,"startDate":null}},{"type":"Feature","geometry":{"type":"Polygon","coordinates":[[[139.7998902,35.6506512],[139.7999933,35.6507212],[139.8000749,35.6506418],[139.799942,35.6505516],[139.7999003,35.6505922],[139.79992,35.6506055],[139.7998893,35.6506354],[139.7998902,35.6506512]]]},"properties":{"id":381710250,"height":10,"heightSource":"default","kind":"yes","name":null,"startDate":null}},{"type":"Feature","geometry":{"type":"Polygon","coordinates":[[[139.8044989,35.6497234],[139.804393,35.6495241],[139.8044039,35.6495203],[139.8043825,35.6494801],[139.8048507,35.6493157],[139.8049772,35.6495536],[139.8049303,35.6495701],[139.8049531,35.649613],[139.8048972,35.6496326],[139.8049161,35.6496682],[139.804649,35.649762],[139.8046314,35.6497288],[139.8045774,35.6497478],[139.8045541,35.649704],[139.8044989,35.6497234]]]},"properties":{"id":383386516,"height":128,"heightSource":"levels","kind":"apartments","name":"プラウドタワー東雲キャナルコート","startDate":null}},{"type":"Feature","geometry":{"type":"Polygon","coordinates":[[[139.7882971,35.649938],[139.787995,35.6497303],[139.7883933,35.6493477],[139.7886955,35.6495555],[139.7882971,35.649938]]]},"properties":{"id":386442949,"height":10,"heightSource":"height","kind":"yes","name":null,"startDate":null}},{"type":"Feature","geometry":{"type":"Polygon","coordinates":[[[139.7910712,35.6512131],[139.7909287,35.6511153],[139.7909214,35.6511185],[139.7908644,35.6510814],[139.7908682,35.6510731],[139.7908568,35.6510651],[139.790967,35.6509609],[139.7909614,35.6509527],[139.7910186,35.6508979],[139.7912369,35.6510482],[139.7912244,35.6510602],[139.7912349,35.6510674],[139.7911572,35.651142],[139.7911502,35.6511371],[139.7910712,35.6512131]]]},"properties":{"id":386442958,"height":10,"heightSource":"default","kind":"yes","name":"インフォメーション","startDate":null}},{"type":"Feature","geometry":{"type":"Polygon","coordinates":[[[139.7908866,35.6513806],[139.7908046,35.6513057],[139.7909237,35.6512195],[139.7909967,35.6512862],[139.7909567,35.6513151],[139.7909657,35.6513233],[139.7908866,35.6513806]]]},"properties":{"id":386442960,"height":7,"heightSource":"default","kind":"house","name":"三井ホーム グランフリー","startDate":null}},{"type":"Feature","geometry":{"type":"Polygon","coordinates":[[[139.7905681,35.6514765],[139.79053,35.6514516],[139.790525,35.6514566],[139.7904786,35.6514264],[139.7904846,35.6514204],[139.7904478,35.6513964],[139.7905095,35.6513339],[139.7905547,35.6513633],[139.7905666,35.6513512],[139.7906001,35.651373],[139.7905963,35.6513768],[139.7906475,35.6514101],[139.7906346,35.6514232],[139.7906226,35.6514213],[139.7905681,35.6514765]]]},"properties":{"id":386442961,"height":7,"heightSource":"default","kind":"house","name":"木下工務店 ペットと過ごす家","startDate":null}},{"type":"Feature","geometry":{"type":"Polygon","coordinates":[[[139.7907331,35.6515519],[139.7906147,35.6514767],[139.7906367,35.6514539],[139.7906376,35.651448],[139.7906747,35.651412],[139.7907153,35.6514396],[139.7907284,35.6514352],[139.7907443,35.6514453],[139.790749,35.6514405],[139.7908149,35.6514824],[139.7907767,35.6515222],[139.7907552,35.6515086],[139.7907269,35.6515381],[139.790739,35.6515457],[139.7907331,35.6515519]]]},"properties":{"id":386442962,"height":7,"heightSource":"default","kind":"house","name":"アイダ設計 Bravoシリーズ","startDate":null}},{"type":"Feature","geometry":{"type":"Polygon","coordinates":[[[139.7910968,35.6515375],[139.7910563,35.6515015],[139.7910733,35.6514889],[139.7910338,35.6514538],[139.7911259,35.6513854],[139.791169,35.6514237],[139.7911765,35.6514206],[139.7911955,35.651439],[139.7911937,35.6514479],[139.7912045,35.6514575],[139.7910968,35.6515375]]]},"properties":{"id":386442963,"height":7,"heightSource":"default","kind":"house","name":"ウィザースホーム リモージュ","startDate":null}},{"type":"Feature","geometry":{"type":"Polygon","coordinates":[[[139.7912764,35.6513895],[139.7911939,35.6513202],[139.7912673,35.6512625],[139.7913498,35.6513317],[139.7912764,35.6513895]]]},"properties":{"id":386442964,"height":7,"heightSource":"default","kind":"house","name":"桧家住宅 スマート・ワン　カスタム","startDate":null}},{"type":"Feature","geometry":{"type":"Polygon","coordinates":[[[139.7914707,35.6512125],[139.7913942,35.651146],[139.7914784,35.6510873],[139.791548,35.6511455],[139.7914707,35.6512125]]]},"properties":{"id":386442965,"height":7,"heightSource":"default","kind":"house","name":"タマホーム 大安心の家","startDate":null}},{"type":"Feature","geometry":{"type":"Polygon","coordinates":[[[139.7916233,35.6510942],[139.7915505,35.6510387],[139.7915924,35.6510024],[139.7916092,35.6510152],[139.7916765,35.6509569],[139.7917447,35.651009],[139.7916883,35.6510579],[139.791676,35.6510485],[139.7916233,35.6510942]]]},"properties":{"id":386442966,"height":7,"heightSource":"default","kind":"house","name":null,"startDate":null}},{"type":"Feature","geometry":{"type":"Polygon","coordinates":[[[139.7918184,35.6510026],[139.7917465,35.6509527],[139.7917574,35.6509423],[139.7917297,35.650923],[139.7917695,35.6508851],[139.7917834,35.6508947],[139.791837,35.6508437],[139.7919228,35.6509033],[139.7918184,35.6510026]]]},"properties":{"id":386442967,"height":7,"heightSource":"default","kind":"house","name":null,"startDate":null}},{"type":"Feature","geometry":{"type":"Polygon","coordinates":[[[139.7913347,35.6509943],[139.7912596,35.6509379],[139.79137,35.6508408],[139.7914553,35.6509048],[139.7913915,35.6509609],[139.7913813,35.6509533],[139.7913347,35.6509943]]]},"properties":{"id":386442968,"height":9.6,"heightSource":"levels","kind":"house","name":"住友林業 My Forest(区画19)","startDate":null}},{"type":"Feature","geometry":{"type":"Polygon","coordinates":[[[139.7912228,35.6508924],[139.7911309,35.6508225],[139.7911795,35.6507803],[139.7912256,35.6508154],[139.7912556,35.6507893],[139.7912099,35.6507545],[139.7912462,35.650723],[139.7913378,35.6507927],[139.7912228,35.6508924]]]},"properties":{"id":386442969,"height":9.6,"heightSource":"levels","kind":"house","name":"ミサワホーム GENIUS UD","startDate":null}},{"type":"Feature","geometry":{"type":"Polygon","coordinates":[[[139.7914884,35.6508711],[139.7914481,35.6508297],[139.7914612,35.6508214],[139.791447,35.6508068],[139.7914326,35.650816],[139.7914022,35.6507847],[139.7914893,35.6507286],[139.7915209,35.6507611],[139.7915082,35.6507693],[139.7915285,35.6507901],[139.7915394,35.6507831],[139.7915725,35.650817],[139.7914884,35.6508711]]]},"properties":{"id":386442970,"height":7,"heightSource":"default","kind":"house","name":"パナソニックビルダーズグループ 旭ハウジング テクノストラクチャーの家","startDate":null}},{"type":"Feature","geometry":{"type":"Polygon","coordinates":[[[139.7913962,35.6507454],[139.7913097,35.6506558],[139.7914071,35.6505937],[139.7914936,35.6506833],[139.7913962,35.6507454]]]},"properties":{"id":386442971,"height":9.6,"heightSource":"levels","kind":"house","name":"旭化成ホームズ(HEBEL HAUS) FREX 3階モデル","startDate":null}},{"type":"Feature","geometry":{"type":"Polygon","coordinates":[[[139.7916221,35.6506698],[139.7915423,35.6505827],[139.791559,35.6505726],[139.7915291,35.6505398],[139.7916308,35.6504784],[139.7917405,35.6505983],[139.7916221,35.6506698]]]},"properties":{"id":386442972,"height":6.4,"heightSource":"levels","kind":"house","name":"スウェーデンハウス リンド","startDate":null}},{"type":"Feature","geometry":{"type":"Polygon","coordinates":[[[139.7913583,35.6505184],[139.7913266,35.6504899],[139.7913328,35.6504853],[139.7912903,35.650447],[139.7913141,35.6504296],[139.791311,35.6504246],[139.7913514,35.6503949],[139.7913592,35.6504019],[139.7914055,35.6503678],[139.7914672,35.6504232],[139.7914585,35.6504296],[139.7914658,35.6504361],[139.7914386,35.6504561],[139.7914479,35.6504644],[139.7914187,35.6504858],[139.7914116,35.6504794],[139.7913583,35.6505184]]]},"properties":{"id":386442973,"height":6.4,"heightSource":"levels","kind":"house","name":"一条工務店 i-smart(区間14)","startDate":null}},{"type":"Feature","geometry":{"type":"Polygon","coordinates":[[[139.7910154,35.6507382],[139.7909673,35.6507019],[139.7909837,35.6506875],[139.7909325,35.6506489],[139.7909642,35.6506212],[139.79095,35.6506104],[139.7909913,35.6505743],[139.7911125,35.6506658],[139.7910671,35.6507054],[139.7910595,35.6506996],[139.7910154,35.6507382]]]},"properties":{"id":386442974,"height":9.6,"heightSource":"levels","kind":"house","name":"パナソニック ホームズ ビューノ","startDate":null}},{"type":"Feature","geometry":{"type":"Polygon","coordinates":[[[139.7908513,35.6508906],[139.7907346,35.6508316],[139.7907702,35.6507851],[139.7907946,35.6507975],[139.7908182,35.6507667],[139.7908056,35.6507603],[139.7908374,35.6507189],[139.79093,35.6507658],[139.7909217,35.6507766],[139.7909343,35.650783],[139.7909131,35.6508107],[139.7909244,35.6508164],[139.7908971,35.6508521],[139.7908854,35.6508461],[139.7908513,35.6508906]]]},"properties":{"id":386442975,"height":7,"heightSource":"default","kind":"house","name":null,"startDate":null}},{"type":"Feature","geometry":{"type":"Polygon","coordinates":[[[139.7907184,35.6510164],[139.7905963,35.650962],[139.7906786,35.65084],[139.7908008,35.6508944],[139.7907184,35.6510164]]]},"properties":{"id":386442976,"height":7,"heightSource":"default","kind":"house","name":"住友不動産 プレミアム・J","startDate":null}},{"type":"Feature","geometry":{"type":"Polygon","coordinates":[[[139.7931549,35.6497414],[139.7927714,35.6494843],[139.7930381,35.6492217],[139.7932621,35.6493719],[139.7932921,35.6493424],[139.793368,35.6493933],[139.7933376,35.6494232],[139.7933699,35.6494449],[139.7932179,35.6495946],[139.7932691,35.6496289],[139.7931549,35.6497414]]]},"properties":{"id":386442982,"height":10,"heightSource":"default","kind":"yes","name":null,"startDate":null}},{"type":"Feature","geometry":{"type":"Polygon","coordinates":[[[139.7912291,35.6500966],[139.7911589,35.6500502],[139.7911992,35.65001],[139.7912694,35.6500564],[139.7912291,35.6500966]]]},"properties":{"id":387065863,"height":4,"heightSource":"default","kind":"roof","name":null,"startDate":null}},{"type":"Feature","geometry":{"type":"Polygon","coordinates":[[[139.7913223,35.6501519],[139.7912435,35.6501005],[139.791265,35.6500788],[139.7913437,35.6501302],[139.7913223,35.6501519]]]},"properties":{"id":387065864,"height":10,"heightSource":"default","kind":"yes","name":null,"startDate":null}},{"type":"Feature","geometry":{"type":"Polygon","coordinates":[[[139.7917796,35.6557437],[139.7918022,35.6557538],[139.7918243,35.655758],[139.7918428,35.6557557],[139.7918543,35.6557486],[139.7918639,35.6557303],[139.7918658,35.655688],[139.791858,35.6556453],[139.7918474,35.6556322],[139.7918363,35.6556284],[139.7918225,35.6556262],[139.7918059,35.6556277],[139.7917695,35.6556423],[139.791741,35.6556618],[139.7917271,35.655685],[139.7917253,35.6556977],[139.7917331,35.6557108],[139.7917474,35.6557261],[139.7917796,35.6557437]]]},"properties":{"id":387649171,"height":10,"heightSource":"default","kind":"yes","name":"Les deux Bleue","startDate":null}},{"type":"Feature","geometry":{"type":"Polygon","coordinates":[[[139.7918842,35.6557988],[139.7919086,35.6558276],[139.7919229,35.6558392],[139.7919358,35.655847],[139.7919561,35.6558534],[139.7919763,35.6558527],[139.7919998,35.6558414],[139.792022,35.6558201],[139.7920358,35.6557988],[139.7920441,35.6557815],[139.7920399,35.6557606],[139.7920229,35.6557486],[139.7920021,35.6557411],[139.7919658,35.6557381],[139.7919284,35.65574],[139.7919054,35.6557415],[139.7918884,35.6557475],[139.791875,35.6557587],[139.7918722,35.6557767],[139.7918842,35.6557988]]]},"properties":{"id":387649172,"height":10,"heightSource":"default","kind":"yes","name":"スターバックス","startDate":null}},{"type":"Feature","geometry":{"type":"Polygon","coordinates":[[[139.7949548,35.6542039],[139.7953062,35.6544355],[139.7955649,35.6541786],[139.7952121,35.6539356],[139.7949548,35.6542039]]]},"properties":{"id":430746192,"height":78,"heightSource":"height","kind":"yes","name":"江東区豊洲シビックセンター","startDate":null}},{"type":"Feature","geometry":{"type":"Polygon","coordinates":[[[139.7967939,35.6528311],[139.7968799,35.6527445],[139.7967223,35.6526411],[139.7966363,35.6527277],[139.7967939,35.6528311]]]},"properties":{"id":438080515,"height":10,"heightSource":"default","kind":"yes","name":null,"startDate":null}},{"type":"Feature","geometry":{"type":"Polygon","coordinates":[[[139.7973438,35.6527175],[139.7974055,35.6526564],[139.7973921,35.6526423],[139.7974082,35.6526248],[139.7973841,35.6526118],[139.7974431,35.6525605],[139.7971199,35.6523273],[139.796975,35.6524734],[139.7973438,35.6527175]]]},"properties":{"id":438080596,"height":10,"heightSource":"default","kind":"yes","name":null,"startDate":null}},{"type":"Feature","geometry":{"type":"Polygon","coordinates":[[[139.8041938,35.6606332],[139.8043523,35.6606505],[139.80437,35.6605383],[139.8050495,35.6606016],[139.8050283,35.6607554],[139.805276,35.6607784],[139.8053025,35.6606275],[139.8053999,35.6606375],[139.8054229,35.660511],[139.804193,35.6603917],[139.8041771,35.6605125],[139.8042125,35.6605182],[139.8041938,35.6606332]]]},"properties":{"id":447340329,"height":10,"heightSource":"default","kind":"yes","name":null,"startDate":null}},{"type":"Feature","geometry":{"type":"Polygon","coordinates":[[[139.7969371,35.6616316],[139.7969773,35.661594],[139.7970243,35.6616256],[139.796982,35.6616643],[139.7969371,35.6616316]]]},"properties":{"id":449302399,"height":10,"heightSource":"default","kind":"yes","name":null,"startDate":null}},{"type":"Feature","geometry":{"type":"Polygon","coordinates":[[[139.7970685,35.661728],[139.79709,35.6617106],[139.7971517,35.6617531],[139.7971356,35.6617694],[139.7970685,35.661728]]]},"properties":{"id":449302402,"height":10,"heightSource":"default","kind":"yes","name":null,"startDate":null}},{"type":"Feature","geometry":{"type":"Polygon","coordinates":[[[139.7955907,35.6584318],[139.7954857,35.6585375],[139.7955568,35.6585842],[139.7955411,35.6586],[139.7956155,35.6586488],[139.7956045,35.6586599],[139.7956774,35.6587077],[139.7957041,35.6586807],[139.7957632,35.6587195],[139.795736,35.6587468],[139.795814,35.6587979],[139.7958411,35.6587706],[139.7959001,35.6588093],[139.7958724,35.6588372],[139.7959461,35.6588855],[139.7959738,35.6588576],[139.7960788,35.6587519],[139.7955907,35.6584318]]]},"properties":{"id":454877726,"height":44.8,"heightSource":"levels","kind":"yes","name":null,"startDate":null}},{"type":"Feature","geometry":{"type":"Polygon","coordinates":[[[139.8033146,35.6493036],[139.8038645,35.6493723],[139.8039189,35.6490846],[139.803369,35.6490159],[139.8033146,35.6493036]]]},"properties":{"id":456191532,"height":20,"heightSource":"height","kind":"yes","name":null,"startDate":null}},{"type":"Feature","geometry":{"type":"Polygon","coordinates":[[[139.80479,35.6491422],[139.8043156,35.6491105],[139.8043042,35.6492227],[139.8043401,35.6492251],[139.8043413,35.6492129],[139.804383,35.6492157],[139.804384,35.649206],[139.8044041,35.6492073],[139.8044055,35.6491932],[139.8047299,35.6492149],[139.8047339,35.6491758],[139.8047863,35.6491793],[139.80479,35.6491422]]]},"properties":{"id":456191536,"height":10,"heightSource":"default","kind":"yes","name":null,"startDate":null}},{"type":"Feature","geometry":{"type":"Polygon","coordinates":[[[139.8033667,35.6478677],[139.8033408,35.6478635],[139.8032085,35.6478532],[139.8030816,35.6487441],[139.8031416,35.6487021],[139.8032248,35.64864],[139.8032632,35.6486021],[139.8033667,35.6478677]]]},"properties":{"id":456191537,"height":3.2,"heightSource":"levels","kind":"yes","name":null,"startDate":null}},{"type":"Feature","geometry":{"type":"Polygon","coordinates":[[[139.8047182,35.6486741],[139.8047235,35.648637],[139.8044693,35.6486133],[139.8044157,35.6489925],[139.8046698,35.6490162],[139.8046987,35.6488119],[139.8047476,35.6488164],[139.8047671,35.6486786],[139.8047182,35.6486741]]]},"properties":{"id":456191538,"height":16,"heightSource":"levels","kind":"garages","name":null,"startDate":null}},{"type":"Feature","geometry":{"type":"Polygon","coordinates":[[[139.8048931,35.6486895],[139.8051262,35.6485358],[139.8051456,35.6484436],[139.8049606,35.6482583],[139.8048422,35.6482514],[139.8046091,35.6484052],[139.8046142,35.6484868],[139.8047992,35.6486721],[139.8048931,35.6486895]]]},"properties":{"id":456191540,"height":128,"heightSource":"levels","kind":"apartments","name":"ビーコンタワーレジデンス","startDate":null}},{"type":"Feature","geometry":{"type":"Polygon","coordinates":[[[139.8032664,35.6496246],[139.804063,35.6496976],[139.8040979,35.6494164],[139.8033147,35.6493412],[139.8032664,35.6496246]]]},"properties":{"id":500023640,"height":10,"heightSource":"default","kind":"parking","name":null,"startDate":null}},{"type":"Feature","geometry":{"type":"Polygon","coordinates":[[[139.7971334,35.6519072],[139.796733,35.6516256],[139.7968287,35.6515382],[139.7964821,35.6513148],[139.7969182,35.6508924],[139.7973245,35.6511837],[139.7972469,35.6512614],[139.7975695,35.6514945],[139.7971334,35.6519072]]]},"properties":{"id":509109510,"height":74.2,"heightSource":"height","kind":"apartments","name":"パークホームズ豊洲ザレジデンス","startDate":null}},{"type":"Feature","geometry":{"type":"Polygon","coordinates":[[[139.7937047,35.6485916],[139.7937121,35.6479853],[139.7944803,35.6479913],[139.7944803,35.6485856],[139.7937047,35.6485916]]]},"properties":{"id":509109979,"height":110,"heightSource":"height","kind":"apartments","name":"ベイズタワー＆ガーデン","startDate":null}},{"type":"Feature","geometry":{"type":"Polygon","coordinates":[[[139.8009957,35.6493341],[139.801018,35.6491679],[139.8011882,35.649183],[139.8011681,35.6493327],[139.8010808,35.6493249],[139.8010748,35.6493695],[139.8010248,35.6493651],[139.8009957,35.6493341]]]},"properties":{"id":548672743,"height":30,"heightSource":"default","kind":"apartments","name":null,"startDate":null}},{"type":"Feature","geometry":{"type":"Polygon","coordinates":[[[139.7896932,35.6507508],[139.7897046,35.6507215],[139.7896728,35.6507133],[139.7896614,35.6507426],[139.7896932,35.6507508]]]},"properties":{"id":548935721,"height":10,"heightSource":"default","kind":"yes","name":null,"startDate":null}},{"type":"Feature","geometry":{"type":"Polygon","coordinates":[[[139.789465,35.6502491],[139.7896357,35.6503557],[139.7897777,35.6502055],[139.789748,35.650187],[139.789731,35.6502049],[139.7895707,35.6501048],[139.7895036,35.6501758],[139.7895229,35.6501878],[139.789465,35.6502491]]]},"properties":{"id":548935853,"height":10,"heightSource":"default","kind":"yes","name":null,"startDate":null}},{"type":"Feature","geometry":{"type":"Polygon","coordinates":[[[139.7903446,35.6508081],[139.790343,35.6508455],[139.7903866,35.6508467],[139.7903882,35.6508094],[139.7903446,35.6508081]]]},"properties":{"id":548935871,"height":10,"heightSource":"default","kind":"yes","name":null,"startDate":null}},{"type":"Feature","geometry":{"type":"Polygon","coordinates":[[[139.7892408,35.6504419],[139.7892837,35.6504583],[139.7893336,35.6504455],[139.7893591,35.65041],[139.7893541,35.6503716],[139.7893182,35.6503474],[139.7892941,35.6503481],[139.7892941,35.6503147],[139.7892713,35.6502804],[139.7892247,35.6502651],[139.7891811,35.6502776],[139.7891539,35.6503133],[139.789159,35.6503515],[139.7891942,35.6503776],[139.7892314,35.6503779],[139.7892213,35.650404],[139.7892408,35.6504419]]]},"properties":{"id":548935874,"height":10,"heightSource":"default","kind":"yes","name":null,"startDate":null}},{"type":"Feature","geometry":{"type":"Polygon","coordinates":[[[139.7893135,35.6497717],[139.789518,35.6499074],[139.7895401,35.6498854],[139.7893356,35.6497498],[139.7893135,35.6497717]]]},"properties":{"id":548936700,"height":10,"heightSource":"default","kind":"yes","name":null,"startDate":null}},{"type":"Feature","geometry":{"type":"Polygon","coordinates":[[[139.7895608,35.6503857],[139.7895862,35.6504007],[139.7895917,35.6503945],[139.7896092,35.6504049],[139.7896239,35.6503884],[139.789581,35.6503631],[139.7895608,35.6503857]]]},"properties":{"id":548937940,"height":10,"heightSource":"default","kind":"yes","name":null,"startDate":null}},{"type":"Feature","geometry":{"type":"Polygon","coordinates":[[[139.8000875,35.6602964],[139.8001895,35.6597429],[139.7993848,35.6594792],[139.7990334,35.659817],[139.7988913,35.6597255],[139.7993607,35.6592482],[139.7994814,35.6593441],[139.8004148,35.6596514],[139.8003585,35.6597799],[139.8002619,35.6603117],[139.8000875,35.6602964]]]},"properties":{"id":557035957,"height":44.8,"heightSource":"levels","kind":"apartments","name":"ファミール浜園","startDate":null}},{"type":"Feature","geometry":{"type":"Polygon","coordinates":[[[139.8015641,35.658553],[139.8013468,35.658407],[139.801371,35.658383],[139.8008238,35.6580104],[139.8008024,35.65803],[139.8006575,35.6579363],[139.800848,35.6577401],[139.8009901,35.6578404],[139.800907,35.6579232],[139.8009365,35.6579406],[139.8009767,35.6578992],[139.8015105,35.6582653],[139.801438,35.6583481],[139.8016338,35.6584833],[139.8015641,35.658553]]]},"properties":{"id":557035958,"height":44.8,"heightSource":"levels","kind":"apartments","name":"コスモ・ザ・キャナル東京イースト","startDate":null}},{"type":"Feature","geometry":{"type":"Polygon","coordinates":[[[139.8017615,35.6584958],[139.8016523,35.6584228],[139.8016988,35.6583768],[139.8016888,35.65837],[139.801671,35.6583876],[139.8016282,35.6583589],[139.8016513,35.6583361],[139.801552,35.6582697],[139.8016235,35.6581991],[139.8017741,35.6582998],[139.8017527,35.6583209],[139.8017701,35.6583326],[139.8017951,35.6583078],[139.8018384,35.6583367],[139.8018451,35.6583629],[139.8018243,35.6583834],[139.8018548,35.6584037],[139.8017615,35.6584958]]]},"properties":{"id":557035959,"height":44.8,"heightSource":"levels","kind":"apartments","name":"コンシェリア豊洲 MASTER'S VILLA","startDate":null}},{"type":"Feature","geometry":{"type":"Polygon","coordinates":[[[139.8013882,35.6575905],[139.8011551,35.657435],[139.8014305,35.6571624],[139.8016636,35.6573179],[139.8013882,35.6575905]]]},"properties":{"id":557035960,"height":19.2,"heightSource":"levels","kind":"commercial","name":"住友不動産豊洲TKビル","startDate":null}},{"type":"Feature","geometry":{"type":"Polygon","coordinates":[[[139.801772,35.6571846],[139.8015265,35.6570213],[139.8019812,35.6565702],[139.8022267,35.6567336],[139.801772,35.6571846]]]},"properties":{"id":557035961,"height":16,"heightSource":"levels","kind":"commercial","name":"住友不動産豊洲ビル","startDate":null}},{"type":"Feature","geometry":{"type":"Polygon","coordinates":[[[139.801748,35.6578021],[139.8015484,35.6576707],[139.8019196,35.6572984],[139.8019785,35.6573372],[139.8021208,35.6571945],[139.8027648,35.6576185],[139.8026628,35.6577208],[139.8021594,35.6573895],[139.801748,35.6578021]]]},"properties":{"id":557035962,"height":30,"heightSource":"default","kind":"apartments","name":"都営枝川一丁目第2アパート15号棟","startDate":null}},{"type":"Feature","geometry":{"type":"Polygon","coordinates":[[[139.8027404,35.6569479],[139.8020874,35.6565242],[139.8021828,35.6564271],[139.8028358,35.6568508],[139.8027404,35.6569479]]]},"properties":{"id":557035963,"height":30,"heightSource":"default","kind":"apartments","name":"都営枝川一丁目第2アパート12号棟","startDate":null}},{"type":"Feature","geometry":{"type":"Polygon","coordinates":[[[139.8027814,35.6574087],[139.8026724,35.6573368],[139.8030451,35.6569637],[139.8031015,35.6570009],[139.803121,35.6569813],[139.8031843,35.6570231],[139.802987,35.6572207],[139.8029763,35.6572136],[139.8027814,35.6574087]]]},"properties":{"id":557360777,"height":30,"heightSource":"default","kind":"apartments","name":"都営枝川一丁目第2アパート17号棟","startDate":null}},{"type":"Feature","geometry":{"type":"Polygon","coordinates":[[[139.8030812,35.656779],[139.8034165,35.6564543],[139.8036485,35.6565916],[139.8036365,35.6566079],[139.8037076,35.6566548],[139.8037116,35.6567049],[139.8035949,35.6568248],[139.8035654,35.6568291],[139.8035439,35.6568455],[139.8035278,35.6568346],[139.8034165,35.656949],[139.8033347,35.6568967],[139.8033092,35.6569228],[139.8030812,35.656779]]]},"properties":{"id":557360778,"height":10,"heightSource":"default","kind":"yes","name":"Equinix TY3","startDate":null}},{"type":"Feature","geometry":{"type":"Polygon","coordinates":[[[139.8022204,35.6563559],[139.8026388,35.6559354],[139.8027965,35.6560389],[139.8027675,35.6560681],[139.8033005,35.6564183],[139.8031747,35.6565447],[139.8030861,35.6564865],[139.8029085,35.656665],[139.8027795,35.6565803],[139.8029264,35.6564326],[139.8030293,35.6565001],[139.8030674,35.6564619],[139.8029343,35.6563745],[139.8029076,35.6564013],[139.8028874,35.656388],[139.8029136,35.6563617],[139.802651,35.6561892],[139.8023804,35.6564611],[139.8022204,35.6563559]]]},"properties":{"id":557360779,"height":38.4,"heightSource":"levels","kind":"apartments","name":"ルネプライディア","startDate":null}},{"type":"Feature","geometry":{"type":"Polygon","coordinates":[[[139.8046715,35.655662],[139.8039879,35.6552089],[139.8042378,35.65496],[139.8049214,35.6554131],[139.8046715,35.655662]]]},"properties":{"id":647243081,"height":20,"heightSource":"default","kind":"commercial","name":null,"startDate":null}},{"type":"Feature","geometry":{"type":"Polygon","coordinates":[[[139.8044643,35.6558557],[139.8037933,35.6554093],[139.8039179,35.6552856],[139.8045412,35.6557002],[139.804453,35.6557877],[139.8045007,35.6558195],[139.8044643,35.6558557]]]},"properties":{"id":647243187,"height":20,"heightSource":"default","kind":"commercial","name":"Equinix Tokyo TY5","startDate":null}},{"type":"Feature","geometry":{"type":"Polygon","coordinates":[[[139.80323,35.6559161],[139.8032912,35.6558546],[139.8034186,35.6559383],[139.8033575,35.6559998],[139.80323,35.6559161]]]},"properties":{"id":647248224,"height":20,"heightSource":"default","kind":"commercial","name":null,"startDate":null}},{"type":"Feature","geometry":{"type":"Polygon","coordinates":[[[139.8031381,35.6557067],[139.8031881,35.6556572],[139.8032286,35.6556842],[139.8032476,35.6556654],[139.8032071,35.6556384],[139.8033893,35.6554579],[139.8034282,35.6554838],[139.8035368,35.6553762],[139.8034951,35.6553484],[139.8037625,35.6550835],[139.8037992,35.6551079],[139.8038178,35.6550895],[139.8037832,35.6550664],[139.8038142,35.6550357],[139.803692,35.6549543],[139.8034916,35.6551529],[139.8035876,35.6552169],[139.8035727,35.6552316],[139.803478,35.6551685],[139.8030166,35.6556257],[139.8031381,35.6557067]]]},"properties":{"id":647248226,"height":20,"heightSource":"default","kind":"commercial","name":null,"startDate":null}},{"type":"Feature","geometry":{"type":"Polygon","coordinates":[[[139.8035884,35.6556328],[139.8035153,35.6555844],[139.8035797,35.6555202],[139.8036528,35.6555686],[139.8035884,35.6556328]]]},"properties":{"id":647248228,"height":20,"heightSource":"default","kind":"commercial","name":null,"startDate":null}},{"type":"Feature","geometry":{"type":"Polygon","coordinates":[[[139.8036133,35.6556244],[139.803653,35.6555838],[139.8037739,35.6556619],[139.8037342,35.6557025],[139.8036133,35.6556244]]]},"properties":{"id":647248230,"height":10,"heightSource":"default","kind":"yes","name":null,"startDate":null}},{"type":"Feature","geometry":{"type":"Polygon","coordinates":[[[139.8040062,35.6551207],[139.8042084,35.6549221],[139.8040134,35.6547911],[139.8039882,35.6548159],[139.8038113,35.6549897],[139.8040062,35.6551207]]]},"properties":{"id":647248232,"height":10,"heightSource":"default","kind":"yes","name":null,"startDate":null}},{"type":"Feature","geometry":{"type":"Polygon","coordinates":[[[139.803659,35.6548874],[139.8038113,35.6549897],[139.8039841,35.6548199],[139.8038769,35.6547479],[139.8039221,35.6547036],[139.8038769,35.6546733],[139.803659,35.6548874]]]},"properties":{"id":647248234,"height":10,"heightSource":"default","kind":"yes","name":null,"startDate":null}},{"type":"Feature","geometry":{"type":"Polygon","coordinates":[[[139.8040626,35.6544928],[139.8041285,35.6544269],[139.8041485,35.6544402],[139.8043234,35.6542654],[139.8046422,35.6544761],[139.8044013,35.6547167],[139.8041899,35.654577],[139.8040626,35.6544928]]]},"properties":{"id":647248238,"height":20,"heightSource":"default","kind":"commercial","name":null,"startDate":null}},{"type":"Feature","geometry":{"type":"Polygon","coordinates":[[[139.8044171,35.6547248],[139.8047189,35.6544217],[139.8054226,35.6548843],[139.8052047,35.6551032],[139.8051193,35.6550471],[139.8050355,35.6551313],[139.8044171,35.6547248]]]},"properties":{"id":647248240,"height":20,"heightSource":"default","kind":"commercial","name":"富士倉庫運輸 ＦＡＣＥ営業所","startDate":null}},{"type":"Feature","geometry":{"type":"Polygon","coordinates":[[[139.8036951,35.6566044],[139.8037714,35.6565288],[139.8038325,35.6565684],[139.8037607,35.6566416],[139.8036951,35.6566044]]]},"properties":{"id":647248243,"height":20,"heightSource":"default","kind":"commercial","name":null,"startDate":null}},{"type":"Feature","geometry":{"type":"Polygon","coordinates":[[[139.803968,35.6564504],[139.8038913,35.6563977],[139.803932,35.6563585],[139.8040088,35.6564111],[139.803968,35.6564504]]]},"properties":{"id":647248245,"height":7,"heightSource":"default","kind":"house","name":null,"startDate":null}},{"type":"Feature","geometry":{"type":"Polygon","coordinates":[[[139.8041008,35.656326],[139.8040497,35.6563763],[139.8040169,35.6563972],[139.8038795,35.6563055],[139.803977,35.6562096],[139.8040775,35.6562769],[139.8040573,35.6562968],[139.8041008,35.656326]]]},"properties":{"id":647248247,"height":7,"heightSource":"default","kind":"house","name":null,"startDate":null}},{"type":"Feature","geometry":{"type":"Polygon","coordinates":[[[139.7952156,35.6514776],[139.795547,35.6516965],[139.7958821,35.6513616],[139.7955507,35.6511427],[139.7952156,35.6514776]]]},"properties":{"id":660405927,"height":10,"heightSource":"default","kind":"yes","name":null,"startDate":null}},{"type":"Feature","geometry":{"type":"Polygon","coordinates":[[[139.795162,35.6514542],[139.7955205,35.6511043],[139.7954155,35.6510333],[139.7952198,35.6512243],[139.7950778,35.6511282],[139.7951081,35.6510986],[139.7949499,35.6509916],[139.7949236,35.6510173],[139.7948116,35.6509416],[139.7948359,35.6509179],[139.7946638,35.6508015],[139.794642,35.6508228],[139.7946023,35.650796],[139.7945771,35.6508206],[139.7945344,35.6507917],[139.7944722,35.6508524],[139.7945075,35.6508762],[139.7944553,35.6509271],[139.7945164,35.6509684],[139.7945477,35.6509379],[139.7946141,35.6509829],[139.7945771,35.6510191],[139.7949322,35.6512594],[139.7949084,35.6512827],[139.795162,35.6514542]]]},"properties":{"id":660405928,"height":10,"heightSource":"default","kind":"yes","name":null,"startDate":null}},{"type":"Feature","geometry":{"type":"Polygon","coordinates":[[[139.7953884,35.6552829],[139.7954683,35.6552028],[139.7955007,35.6552242],[139.7954207,35.6553042],[139.7953884,35.6552829]]]},"properties":{"id":670080587,"height":4,"heightSource":"default","kind":"roof","name":null,"startDate":null}},{"type":"Feature","geometry":{"type":"Polygon","coordinates":[[[139.7969175,35.6544685],[139.7969654,35.6544169],[139.7969831,35.6544277],[139.7969351,35.6544793],[139.7969175,35.6544685]]]},"properties":{"id":670080595,"height":4,"heightSource":"default","kind":"roof","name":null,"startDate":null}},{"type":"Feature","geometry":{"type":"Polygon","coordinates":[[[139.7890773,35.6491837],[139.7894502,35.6488175],[139.7897677,35.649031],[139.7900106,35.6491894],[139.7902257,35.6493354],[139.7898507,35.6497003],[139.7896355,35.6495542],[139.7893946,35.6493972],[139.7890773,35.6491837]]]},"properties":{"id":689977370,"height":14,"heightSource":"default","kind":"warehouse","name":null,"startDate":null}},{"type":"Feature","geometry":{"type":"Polygon","coordinates":[[[139.7919408,35.6496707],[139.7919948,35.649619],[139.7920546,35.6495598],[139.7921316,35.6494863],[139.7921914,35.6494277],[139.7922405,35.6493805],[139.7918135,35.6490893],[139.7918306,35.6490727],[139.7916087,35.6489214],[139.7915769,35.6489522],[139.791464,35.6488751],[139.7912121,35.6491189],[139.7913814,35.6492344],[139.7915476,35.6493478],[139.7915145,35.6493799],[139.7919326,35.6496651],[139.7919408,35.6496707]]]},"properties":{"id":891284653,"height":10,"heightSource":"default","kind":"yes","name":"芝浦工業大学 附属中学高等学校","startDate":null}},{"type":"Feature","geometry":{"type":"Polygon","coordinates":[[[139.7920283,35.6496414],[139.7920882,35.6495823],[139.7920546,35.6495598],[139.7919948,35.649619],[139.7920283,35.6496414]]]},"properties":{"id":891284654,"height":10,"heightSource":"default","kind":"yes","name":null,"startDate":null}},{"type":"Feature","geometry":{"type":"Polygon","coordinates":[[[139.7921627,35.6495072],[139.7922224,35.6494486],[139.7921914,35.6494277],[139.7921316,35.6494863],[139.7921627,35.6495072]]]},"properties":{"id":891284655,"height":10,"heightSource":"default","kind":"yes","name":null,"startDate":null}},{"type":"Feature","geometry":{"type":"Polygon","coordinates":[[[139.7918465,35.6497518],[139.7919326,35.6496651],[139.7915145,35.6493799],[139.7915476,35.6493478],[139.7913814,35.6492344],[139.7913545,35.6492612],[139.7918465,35.6497518]]]},"properties":{"id":891284656,"height":10,"heightSource":"default","kind":"yes","name":null,"startDate":null}},{"type":"Feature","geometry":{"type":"Polygon","coordinates":[[[139.7950269,35.6548041],[139.794974,35.6547693],[139.7949456,35.6547507],[139.7949379,35.6547456],[139.7948703,35.6547011],[139.794483,35.6544464],[139.7939502,35.6549826],[139.7945015,35.6553395],[139.7945039,35.6553371],[139.7945264,35.6553153],[139.7945906,35.6552487],[139.7946309,35.6552077],[139.7950269,35.6548041]]]},"properties":{"id":929171294,"height":177.5,"heightSource":"height","kind":"yes","name":"豊洲ベイサイドクロスタワー","startDate":null}},{"type":"Feature","geometry":{"type":"Polygon","coordinates":[[[139.794483,35.6544464],[139.7944536,35.6543817],[139.7943675,35.6542008],[139.7942408,35.654124],[139.7936962,35.6546979],[139.7936822,35.6547127],[139.7936825,35.6547633],[139.7937114,35.6548114],[139.7938712,35.654914],[139.7938969,35.6549305],[139.793922,35.6549478],[139.7939465,35.6549621],[139.794483,35.6544464]]]},"properties":{"id":929171295,"height":12,"heightSource":"default","kind":"retail","name":null,"startDate":null}},{"type":"Feature","geometry":{"type":"Polygon","coordinates":[[[139.794292,35.6540773],[139.7940092,35.6538949],[139.7939621,35.6538646],[139.7939527,35.6538758],[139.7939026,35.6538372],[139.7937753,35.6539572],[139.7936156,35.6541183],[139.7935345,35.6541992],[139.7934952,35.6542403],[139.7934693,35.6542814],[139.7934541,35.6543276],[139.7934507,35.6543704],[139.793463,35.6544085],[139.7934704,35.6544313],[139.7934717,35.6544334],[139.7934924,35.6544664],[139.7935366,35.6545026],[139.7935528,35.6545135],[139.793711,35.6546204],[139.793725,35.6546298],[139.7942408,35.654124],[139.794292,35.6540773]]]},"properties":{"id":929171296,"height":124,"heightSource":"height","kind":"office","name":"SMBC豊洲ビル","startDate":null}},{"type":"Feature","geometry":{"type":"Polygon","coordinates":[[[139.7948083,35.6535881],[139.7945419,35.6534024],[139.7943,35.6536437],[139.7944781,35.6537586],[139.7945744,35.6538208],[139.7948083,35.6535881]]]},"properties":{"id":929171297,"height":10,"heightSource":"default","kind":"fire_station","name":"東京消防庁深川消防署豊洲出張所","startDate":null}},{"type":"Feature","geometry":{"type":"Polygon","coordinates":[[[139.7998063,35.6623674],[139.7999297,35.6621876],[139.799974,35.6622072],[139.8001362,35.6619806],[139.8002167,35.6620144],[139.8003347,35.6618401],[139.8002623,35.6618041],[139.8003092,35.6617278],[139.8004983,35.6618095],[139.8001537,35.6622988],[139.8000424,35.6622508],[139.7999793,35.6623391],[139.800045,35.6623642],[139.799915,35.6624121],[139.7998063,35.6623674]]]},"properties":{"id":1015379167,"height":10,"heightSource":"default","kind":"yes","name":null,"startDate":null}},{"type":"Feature","geometry":{"type":"Polygon","coordinates":[[[139.8029082,35.657847],[139.8029341,35.6578221],[139.8030009,35.6578678],[139.8029751,35.6578928],[139.8029082,35.657847]]]},"properties":{"id":1026051949,"height":10,"heightSource":"default","kind":"yes","name":null,"startDate":null}},{"type":"Feature","geometry":{"type":"Polygon","coordinates":[[[139.8028614,35.6580181],[139.8029021,35.6579798],[139.802909,35.6579847],[139.8029512,35.657945],[139.8030065,35.6579839],[139.8029151,35.6580699],[139.8028652,35.6580349],[139.8028739,35.6580268],[139.8028614,35.6580181]]]},"properties":{"id":1026051950,"height":10,"heightSource":"default","kind":"yes","name":null,"startDate":null}},{"type":"Feature","geometry":{"type":"Polygon","coordinates":[[[139.8030514,35.6579624],[139.8031728,35.6578445],[139.8033074,35.6579361],[139.8031631,35.6580762],[139.8030524,35.6580009],[139.8030753,35.6579787],[139.8030514,35.6579624]]]},"properties":{"id":1026051951,"height":10,"heightSource":"default","kind":"yes","name":null,"startDate":null}},{"type":"Feature","geometry":{"type":"Polygon","coordinates":[[[139.8029413,35.6578174],[139.8030113,35.6577474],[139.8030261,35.6577572],[139.8030479,35.6577354],[139.8031345,35.6577927],[139.8031109,35.6578163],[139.8031282,35.6578277],[139.8030599,35.6578958],[139.8029413,35.6578174]]]},"properties":{"id":1026051952,"height":10,"heightSource":"default","kind":"yes","name":null,"startDate":null}},{"type":"Feature","geometry":{"type":"Polygon","coordinates":[[[139.8028792,35.6578732],[139.8029051,35.6578482],[139.8029719,35.657894],[139.8029461,35.6579189],[139.8028792,35.6578732]]]},"properties":{"id":1026051953,"height":10,"heightSource":"default","kind":"yes","name":null,"startDate":null}},{"type":"Feature","geometry":{"type":"Polygon","coordinates":[[[139.8028096,35.6579437],[139.8028685,35.6578868],[139.8029336,35.6579313],[139.8028747,35.6579882],[139.8028096,35.6579437]]]},"properties":{"id":1026051954,"height":10,"heightSource":"default","kind":"yes","name":null,"startDate":null}},{"type":"Feature","geometry":{"type":"Polygon","coordinates":[[[139.8027607,35.6579987],[139.8027999,35.6579578],[139.8028641,35.6579984],[139.8028249,35.6580393],[139.8027607,35.6579987]]]},"properties":{"id":1026051955,"height":10,"heightSource":"default","kind":"yes","name":null,"startDate":null}},{"type":"Feature","geometry":{"type":"Polygon","coordinates":[[[139.8029721,35.6582902],[139.8027251,35.6581251],[139.8026967,35.6581061],[139.802664,35.6581385],[139.8026297,35.6581156],[139.8027375,35.6580091],[139.8028862,35.6581085],[139.8030472,35.6582161],[139.8029721,35.6582902]]]},"properties":{"id":1026051956,"height":10,"heightSource":"default","kind":"yes","name":null,"startDate":null}},{"type":"Feature","geometry":{"type":"Polygon","coordinates":[[[139.802546,35.6582962],[139.8025451,35.6582101],[139.802596,35.6582098],[139.8025969,35.6582958],[139.802546,35.6582962]]]},"properties":{"id":1026051957,"height":10,"heightSource":"default","kind":"yes","name":null,"startDate":null}},{"type":"Feature","geometry":{"type":"Polygon","coordinates":[[[139.7980552,35.65804],[139.7981264,35.6579691],[139.798709,35.6583553],[139.7986378,35.6584262],[139.7980552,35.65804]]]},"properties":{"id":1028619493,"height":10,"heightSource":"default","kind":"yes","name":null,"startDate":null}},{"type":"Feature","geometry":{"type":"Polygon","coordinates":[[[139.7973212,35.6582611],[139.7974606,35.6581244],[139.7981605,35.6585957],[139.7984397,35.658322],[139.7986103,35.6584369],[139.7983897,35.6586531],[139.7983291,35.6586123],[139.7982755,35.6586648],[139.7983072,35.6586861],[139.7981626,35.6588277],[139.7973212,35.6582611]]]},"properties":{"id":1028619494,"height":10,"heightSource":"default","kind":"yes","name":null,"startDate":null}},{"type":"Feature","geometry":{"type":"Polygon","coordinates":[[[139.7935674,35.65185],[139.7940933,35.6513395],[139.7946783,35.6517376],[139.7941524,35.6522479],[139.7935674,35.65185]]]},"properties":{"id":1028685733,"height":180.5,"heightSource":"height","kind":"apartments","name":"ブランズタワー豊洲","startDate":"2021-10"}},{"type":"Feature","geometry":{"type":"Polygon","coordinates":[[[139.7931312,35.6491483],[139.7934735,35.6493812],[139.7938281,35.649037],[139.7937765,35.6490019],[139.7937861,35.6489925],[139.7935508,35.6488324],[139.7935339,35.6488488],[139.7934926,35.6488207],[139.793472,35.6488407],[139.793458,35.6488312],[139.7931312,35.6491483]]]},"properties":{"id":1029365257,"height":60.8,"heightSource":"levels","kind":"apartments","name":"Park Axis Toyosu Canal","startDate":null}},{"type":"Feature","geometry":{"type":"Polygon","coordinates":[[[139.8059476,35.6596546],[139.8047857,35.6595379],[139.8047574,35.6596708],[139.8059265,35.6597866],[139.8059476,35.6596546]]]},"properties":{"id":1116383956,"height":30,"heightSource":"default","kind":"apartments","name":null,"startDate":null}},{"type":"Feature","geometry":{"type":"Polygon","coordinates":[[[139.8052274,35.6487258],[139.8052304,35.6486942],[139.8052422,35.6486792],[139.8052408,35.6486648],[139.8052224,35.6486609],[139.8051976,35.6486689],[139.8051899,35.648692],[139.8051805,35.648704],[139.8051855,35.6487219],[139.8052274,35.6487258]]]},"properties":{"id":1134225533,"height":10,"heightSource":"default","kind":"toilets","name":null,"startDate":null}},{"type":"Feature","geometry":{"type":"Polygon","coordinates":[[[139.8051627,35.6487868],[139.8052181,35.648792],[139.8052274,35.6487258],[139.8051855,35.6487219],[139.8051721,35.6487206],[139.8051627,35.6487868]]]},"properties":{"id":1134225534,"height":10,"heightSource":"default","kind":"yes","name":null,"startDate":null}},{"type":"Feature","geometry":{"type":"Polygon","coordinates":[[[139.8030175,35.6585382],[139.8030365,35.6585188],[139.803056,35.658499],[139.8032487,35.6586239],[139.8032102,35.6586631],[139.8031736,35.6586393],[139.8030175,35.6585382]]]},"properties":{"id":1153952204,"height":20,"heightSource":"default","kind":"commercial","name":null,"startDate":null}},{"type":"Feature","geometry":{"type":"Polygon","coordinates":[[[139.803445,35.6589202],[139.803332,35.6588446],[139.8033539,35.6588231],[139.8034306,35.6587474],[139.8035436,35.658823],[139.8035051,35.6588609],[139.8035295,35.6588772],[139.8034793,35.6589267],[139.8034549,35.6589104],[139.803445,35.6589202]]]},"properties":{"id":1155989962,"height":10,"heightSource":"default","kind":"yes","name":null,"startDate":null}},{"type":"Feature","geometry":{"type":"Polygon","coordinates":[[[139.7898541,35.64972],[139.7899199,35.6497642],[139.7899923,35.6496929],[139.7899265,35.6496488],[139.7898541,35.64972]]]},"properties":{"id":1197735908,"height":6.4,"heightSource":"levels","kind":"yes","name":null,"startDate":null}},{"type":"Feature","geometry":{"type":"Polygon","coordinates":[[[139.7888128,35.6495458],[139.7888243,35.649534],[139.7889781,35.6496334],[139.7890765,35.6497035],[139.7892263,35.6498084],[139.7893069,35.6497324],[139.788876,35.6494395],[139.7887879,35.6495297],[139.7888128,35.6495458]]]},"properties":{"id":1197735911,"height":10,"heightSource":"default","kind":"yes","name":null,"startDate":null}},{"type":"Feature","geometry":{"type":"Polygon","coordinates":[[[139.7878734,35.6497213],[139.7879317,35.6497584],[139.7880305,35.6496558],[139.7880515,35.6496691],[139.7880756,35.6496441],[139.7880578,35.6496328],[139.7881491,35.649538],[139.7880875,35.6494988],[139.7878734,35.6497213]]]},"properties":{"id":1197735912,"height":10,"heightSource":"default","kind":"yes","name":null,"startDate":null}},{"type":"Feature","geometry":{"type":"Polygon","coordinates":[[[139.7883776,35.6493184],[139.7883299,35.6492873],[139.7881609,35.6494584],[139.7882092,35.6494899],[139.7882927,35.6494053],[139.7883074,35.6494149],[139.7883587,35.6493629],[139.7883435,35.6493529],[139.7883776,35.6493184]]]},"properties":{"id":1197735913,"height":10,"heightSource":"default","kind":"yes","name":null,"startDate":null}},{"type":"Feature","geometry":{"type":"Polygon","coordinates":[[[139.790194,35.6513044],[139.7902193,35.6513209],[139.7902414,35.6512986],[139.790253,35.6513061],[139.790268,35.6512909],[139.7902567,35.6512836],[139.7902927,35.6512471],[139.7902671,35.6512304],[139.790194,35.6513044]]]},"properties":{"id":1198911000,"height":10,"heightSource":"default","kind":"yes","name":"たまひよの写真スタジオ","startDate":null}},{"type":"Feature","geometry":{"type":"Polygon","coordinates":[[[139.790335,35.6512135],[139.7904474,35.6512692],[139.7905064,35.6511904],[139.7904982,35.6511863],[139.7905237,35.6511523],[139.7904159,35.6510989],[139.7903733,35.6511558],[139.7903919,35.651165],[139.790363,35.6512036],[139.790348,35.6511962],[139.790335,35.6512135]]]},"properties":{"id":1198911001,"height":7,"heightSource":"default","kind":"house","name":"一条工務店 i-smart(区間5)","startDate":null}},{"type":"Feature","geometry":{"type":"Polygon","coordinates":[[[139.7903035,35.6509145],[139.7903397,35.6509376],[139.7903667,35.6509098],[139.7903305,35.6508867],[139.7903035,35.6509145]]]},"properties":{"id":1198911002,"height":10,"heightSource":"default","kind":"yes","name":null,"startDate":null}},{"type":"Feature","geometry":{"type":"Polygon","coordinates":[[[139.7900189,35.650983],[139.7900584,35.6510021],[139.7900807,35.6509715],[139.7900411,35.6509525],[139.7900189,35.650983]]]},"properties":{"id":1198911003,"height":10,"heightSource":"default","kind":"yes","name":null,"startDate":null}},{"type":"Feature","geometry":{"type":"Polygon","coordinates":[[[139.7907864,35.6512289],[139.7906907,35.6511653],[139.7906282,35.6512275],[139.790665,35.6512519],[139.7906541,35.6512628],[139.7907468,35.6513244],[139.7908179,35.6512538],[139.7908172,35.651237],[139.7907939,35.6512215],[139.7907864,35.6512289]]]},"properties":{"id":1198911004,"height":7,"heightSource":"default","kind":"house","name":"住友林業 BF-Si(区画17)","startDate":null}},{"type":"Feature","geometry":{"type":"Polygon","coordinates":[[[139.7912554,35.6513942],[139.7911857,35.6513344],[139.791165,35.6513504],[139.7912347,35.6514102],[139.7912554,35.6513942]]]},"properties":{"id":1198911005,"height":7,"heightSource":"default","kind":"house","name":null,"startDate":null}},{"type":"Feature","geometry":{"type":"Polygon","coordinates":[[[139.7914736,35.6510591],[139.7915656,35.651135],[139.7915874,35.6511175],[139.7914954,35.6510417],[139.7914736,35.6510591]]]},"properties":{"id":1198911010,"height":7,"heightSource":"default","kind":"house","name":null,"startDate":null}},{"type":"Feature","geometry":{"type":"Polygon","coordinates":[[[139.7901691,35.6490992],[139.7902957,35.6491869],[139.7903266,35.6491575],[139.7902,35.6490698],[139.7901691,35.6490992]]]},"properties":{"id":1198921615,"height":3.2,"heightSource":"levels","kind":"retail","name":null,"startDate":null}},{"type":"Feature","geometry":{"type":"Polygon","coordinates":[[[139.7903805,35.6492334],[139.7903319,35.6492853],[139.7903673,35.6493072],[139.7903756,35.6492984],[139.7903836,35.6493033],[139.790406,35.6492794],[139.7903939,35.649272],[139.7904119,35.6492528],[139.7903805,35.6492334]]]},"properties":{"id":1198921616,"height":10,"heightSource":"default","kind":"toilets","name":null,"startDate":null}},{"type":"Feature","geometry":{"type":"Polygon","coordinates":[[[139.7923565,35.6520372],[139.7923208,35.6520097],[139.7922701,35.6520327],[139.7922949,35.6520667],[139.7923565,35.6520372]]]},"properties":{"id":1198928453,"height":4,"heightSource":"default","kind":"roof","name":null,"startDate":null}},{"type":"Feature","geometry":{"type":"Polygon","coordinates":[[[139.7926151,35.6519076],[139.7927135,35.6518572],[139.7927298,35.6518783],[139.792783,35.6518511],[139.7926031,35.6516188],[139.7925695,35.651636],[139.7927042,35.6518101],[139.7925707,35.6518784],[139.7926151,35.6519076]]]},"properties":{"id":1198928454,"height":4,"heightSource":"default","kind":"roof","name":null,"startDate":null}},{"type":"Feature","geometry":{"type":"Polygon","coordinates":[[[139.7931546,35.6513349],[139.7934276,35.6510717],[139.7933947,35.6510492],[139.7934516,35.6509943],[139.7932553,35.6508598],[139.7932174,35.6508963],[139.7931615,35.650858],[139.7929089,35.6511014],[139.7929705,35.6511436],[139.7929309,35.6511818],[139.7931546,35.6513349]]]},"properties":{"id":1198928464,"height":20,"heightSource":"default","kind":"commercial","name":null,"startDate":null}},{"type":"Feature","geometry":{"type":"Polygon","coordinates":[[[139.7889746,35.6486728],[139.7892507,35.6488603],[139.7894768,35.6486404],[139.7892007,35.6484529],[139.7889746,35.6486728]]]},"properties":{"id":1198932480,"height":10,"heightSource":"default","kind":"yes","name":null,"startDate":null}},{"type":"Feature","geometry":{"type":"Polygon","coordinates":[[[139.7895026,35.6487144],[139.7895709,35.6487643],[139.7896462,35.6486922],[139.7895731,35.6486455],[139.7895026,35.6487144]]]},"properties":{"id":1198932481,"height":10,"heightSource":"default","kind":"yes","name":null,"startDate":null}},{"type":"Feature","geometry":{"type":"Polygon","coordinates":[[[139.7924408,35.6501828],[139.7921475,35.6499796],[139.7920847,35.6500118],[139.7922482,35.6502223],[139.7924408,35.6501828]]]},"properties":{"id":1198932483,"height":10,"heightSource":"default","kind":"yes","name":null,"startDate":null}},{"type":"Feature","geometry":{"type":"Polygon","coordinates":[[[139.7886955,35.6495555],[139.7887153,35.6495084],[139.7887035,35.6494653],[139.7885222,35.6493396],[139.7884913,35.6493276],[139.7884412,35.6493264],[139.7883933,35.6493477],[139.7886955,35.6495555]]]},"properties":{"id":1200611286,"height":5,"heightSource":"height","kind":"roof","name":null,"startDate":null}},{"type":"Feature","geometry":{"type":"Polygon","coordinates":[[[139.7985198,35.6618546],[139.7975897,35.661248],[139.7988727,35.6598366],[139.7998843,35.6604799],[139.7995204,35.6608372],[139.7996204,35.6608957],[139.7991246,35.6613797],[139.7990286,35.661318],[139.7985198,35.6618546]]]},"properties":{"id":1201241448,"height":22.4,"heightSource":"levels","kind":"warehouse","name":"DPL江東深川","startDate":null}},{"type":"Feature","geometry":{"type":"Polygon","coordinates":[[[139.7992854,35.6616885],[139.7991053,35.6615993],[139.799303,35.6613476],[139.7994766,35.6614155],[139.7992854,35.6616885]]]},"properties":{"id":1201241449,"height":40,"heightSource":"default","kind":"office","name":null,"startDate":null}},{"type":"Feature","geometry":{"type":"Polygon","coordinates":[[[139.7986865,35.6619997],[139.7988091,35.6620785],[139.7988535,35.6620328],[139.7988868,35.6620543],[139.7990536,35.6618831],[139.7989973,35.6618469],[139.7990082,35.6618357],[139.798966,35.6618086],[139.7989551,35.6618197],[139.7988977,35.6617828],[139.7986865,35.6619997]]]},"properties":{"id":1201241450,"height":20,"heightSource":"default","kind":"commercial","name":"日本穀物検定協会東京分析センター","startDate":null}},{"type":"Feature","geometry":{"type":"Polygon","coordinates":[[[139.8006821,35.6478984],[139.800662,35.6480337],[139.8013178,35.648098],[139.8013379,35.6479627],[139.8006821,35.6478984]]]},"properties":{"id":1239550774,"height":44.8,"heightSource":"levels","kind":"apartments","name":null,"startDate":null}},{"type":"Feature","geometry":{"type":"Polygon","coordinates":[[[139.8003387,35.6487408],[139.8011287,35.6488214],[139.8012129,35.6482764],[139.800423,35.6481957],[139.8003387,35.6487408]]]},"properties":{"id":1239550775,"height":10,"heightSource":"default","kind":"yes","name":null,"startDate":null}},{"type":"Feature","geometry":{"type":"Polygon","coordinates":[[[139.7995059,35.6483604],[139.8000149,35.6487037],[139.8001047,35.6482733],[139.7996447,35.6482199],[139.7995059,35.6483604]]]},"properties":{"id":1239550776,"height":10,"heightSource":"default","kind":"yes","name":null,"startDate":null}},{"type":"Feature","geometry":{"type":"Polygon","coordinates":[[[139.8005178,35.6490405],[139.8007203,35.649174],[139.800765,35.6491292],[139.8005625,35.6489957],[139.8005178,35.6490405]]]},"properties":{"id":1239550777,"height":10,"heightSource":"default","kind":"yes","name":null,"startDate":null}},{"type":"Feature","geometry":{"type":"Polygon","coordinates":[[[139.8007766,35.6492105],[139.8009449,35.6493238],[139.8009852,35.6492843],[139.8008169,35.6491709],[139.8007766,35.6492105]]]},"properties":{"id":1239550778,"height":10,"heightSource":"default","kind":"yes","name":null,"startDate":null}},{"type":"Feature","geometry":{"type":"Polygon","coordinates":[[[139.8003294,35.6494339],[139.8002823,35.6494801],[139.8004064,35.6495635],[139.8004534,35.6495172],[139.8003294,35.6494339]]]},"properties":{"id":1239550779,"height":10,"heightSource":"default","kind":"yes","name":null,"startDate":null}},{"type":"Feature","geometry":{"type":"Polygon","coordinates":[[[139.8008712,35.6497842],[139.8008269,35.6498231],[139.8008712,35.6498564],[139.8009154,35.6498175],[139.8008712,35.6497842]]]},"properties":{"id":1239550780,"height":10,"heightSource":"default","kind":"yes","name":null,"startDate":null}},{"type":"Feature","geometry":{"type":"Polygon","coordinates":[[[139.8007827,35.6497363],[139.8007482,35.64977],[139.8008038,35.6498076],[139.8008383,35.6497739],[139.8007827,35.6497363]]]},"properties":{"id":1239550781,"height":10,"heightSource":"default","kind":"yes","name":null,"startDate":null}},{"type":"Feature","geometry":{"type":"Polygon","coordinates":[[[139.8038712,35.653242],[139.8039105,35.6532687],[139.8039618,35.6532188],[139.8039225,35.6531922],[139.8038712,35.653242]]]},"properties":{"id":1248773076,"height":10,"heightSource":"default","kind":"yes","name":null,"startDate":null}},{"type":"Feature","geometry":{"type":"Polygon","coordinates":[[[139.8015068,35.6522253],[139.8014052,35.6523254],[139.8015066,35.6523934],[139.8014752,35.6524243],[139.8014076,35.652379],[139.801168,35.6526149],[139.8012728,35.6526852],[139.8015438,35.6524184],[139.8016266,35.6524739],[139.8013949,35.6527021],[139.801517,35.6527839],[139.8017208,35.6525833],[139.8016386,35.6525282],[139.8016665,35.6525007],[139.8018504,35.652624],[139.8019521,35.6525239],[139.8015068,35.6522253]]]},"properties":{"id":1248776675,"height":28.8,"heightSource":"levels","kind":"apartments","name":null,"startDate":null}},{"type":"Feature","geometry":{"type":"Polygon","coordinates":[[[139.8006814,35.6532633],[139.8007053,35.6532391],[139.8006056,35.6531739],[139.800433,35.6533484],[139.8005327,35.6534136],[139.8005989,35.6533467],[139.8007817,35.6534661],[139.8007659,35.6534821],[139.800816,35.6535149],[139.8007939,35.6535372],[139.8008929,35.6536019],[139.8010133,35.6534801],[139.8006814,35.6532633]]]},"properties":{"id":1248777410,"height":22.4,"heightSource":"levels","kind":"apartments","name":null,"startDate":null}},{"type":"Feature","geometry":{"type":"Polygon","coordinates":[[[139.8006754,35.6543167],[139.8007881,35.654394],[139.8008204,35.6543629],[139.8009509,35.6544525],[139.8009252,35.6544772],[139.8014864,35.6548622],[139.8015171,35.6548327],[139.8013583,35.654728],[139.8012133,35.6546325],[139.8011159,35.6545674],[139.8011357,35.6545519],[139.8011354,35.6545301],[139.8011203,35.65452],[139.8010978,35.6545208],[139.8010978,35.6544039],[139.8009952,35.6544039],[139.8008631,35.6543164],[139.8008628,35.6542522],[139.8008425,35.6542522],[139.8008429,35.6543165],[139.8006754,35.6543167]]]},"properties":{"id":1248782082,"height":10,"heightSource":"default","kind":"yes","name":null,"startDate":null}},{"type":"Feature","geometry":{"type":"Polygon","coordinates":[[[139.8065722,35.6553381],[139.8066188,35.6552915],[139.8060062,35.6548875],[139.8059596,35.6549341],[139.8065722,35.6553381]]]},"properties":{"id":1249367480,"height":10,"heightSource":"default","kind":"yes","name":null,"startDate":null}},{"type":"Feature","geometry":{"type":"Polygon","coordinates":[[[139.8059459,35.6549387],[139.8058472,35.655038],[139.8064473,35.6554319],[139.806546,35.6553326],[139.8059459,35.6549387]]]},"properties":{"id":1249367481,"height":10,"heightSource":"default","kind":"yes","name":null,"startDate":null}},{"type":"Feature","geometry":{"type":"Polygon","coordinates":[[[139.8057716,35.6548006],[139.8059563,35.6549254],[139.8059918,35.6548906],[139.8058071,35.6547659],[139.8057716,35.6548006]]]},"properties":{"id":1249367482,"height":10,"heightSource":"default","kind":"yes","name":null,"startDate":null}},{"type":"Feature","geometry":{"type":"Polygon","coordinates":[[[139.805737,35.6548191],[139.805678,35.6547794],[139.8056345,35.6548221],[139.8056519,35.6548338],[139.8056213,35.6548638],[139.8056629,35.6548919],[139.805737,35.6548191]]]},"properties":{"id":1249367483,"height":10,"heightSource":"default","kind":"yes","name":null,"startDate":null}},{"type":"Feature","geometry":{"type":"Polygon","coordinates":[[[139.8055815,35.6547875],[139.8056287,35.6548158],[139.8056746,35.6547651],[139.8056274,35.6547368],[139.8055815,35.6547875]]]},"properties":{"id":1249367484,"height":10,"heightSource":"default","kind":"yes","name":null,"startDate":null}},{"type":"Feature","geometry":{"type":"Polygon","coordinates":[[[139.8053729,35.654626],[139.8054256,35.6546627],[139.8054702,35.6546205],[139.8054176,35.6545837],[139.8053729,35.654626]]]},"properties":{"id":1249367485,"height":10,"heightSource":"default","kind":"yes","name":null,"startDate":null}},{"type":"Feature","geometry":{"type":"Polygon","coordinates":[[[139.8053106,35.654587],[139.8053649,35.6546221],[139.8054093,35.6545768],[139.8053549,35.6545417],[139.8053106,35.654587]]]},"properties":{"id":1249367486,"height":10,"heightSource":"default","kind":"yes","name":null,"startDate":null}},{"type":"Feature","geometry":{"type":"Polygon","coordinates":[[[139.8052448,35.654544],[139.8053018,35.6545816],[139.8053484,35.654535],[139.8052914,35.6544974],[139.8052448,35.654544]]]},"properties":{"id":1249367487,"height":10,"heightSource":"default","kind":"yes","name":null,"startDate":null}},{"type":"Feature","geometry":{"type":"Polygon","coordinates":[[[139.8051744,35.6544971],[139.8052358,35.6545385],[139.805282,35.6544933],[139.8052207,35.6544519],[139.8051744,35.6544971]]]},"properties":{"id":1249367488,"height":10,"heightSource":"default","kind":"yes","name":null,"startDate":null}},{"type":"Feature","geometry":{"type":"Polygon","coordinates":[[[139.805098,35.6544473],[139.805165,35.6544922],[139.8052129,35.654445],[139.8051459,35.6544001],[139.805098,35.6544473]]]},"properties":{"id":1249367489,"height":10,"heightSource":"default","kind":"yes","name":null,"startDate":null}},{"type":"Feature","geometry":{"type":"Polygon","coordinates":[[[139.8050055,35.6543865],[139.8050604,35.6544216],[139.8050796,35.6544018],[139.8050952,35.6544118],[139.8051195,35.6543867],[139.8050489,35.6543416],[139.8050055,35.6543865]]]},"properties":{"id":1249367490,"height":10,"heightSource":"default","kind":"yes","name":null,"startDate":null}},{"type":"Feature","geometry":{"type":"Polygon","coordinates":[[[139.8049176,35.6543304],[139.8049934,35.6543811],[139.8050413,35.6543337],[139.8049656,35.654283],[139.8049176,35.6543304]]]},"properties":{"id":1249367491,"height":10,"heightSource":"default","kind":"yes","name":null,"startDate":null}},{"type":"Feature","geometry":{"type":"Polygon","coordinates":[[[139.8047731,35.6542318],[139.8049025,35.6543206],[139.8049511,35.6542738],[139.8049144,35.6542486],[139.8048641,35.6541442],[139.8047731,35.6542318]]]},"properties":{"id":1249367492,"height":10,"heightSource":"default","kind":"yes","name":null,"startDate":null}},{"type":"Feature","geometry":{"type":"Polygon","coordinates":[[[139.8047617,35.654223],[139.8048526,35.654137],[139.8048221,35.6541157],[139.8047313,35.6542018],[139.8047617,35.654223]]]},"properties":{"id":1249367493,"height":10,"heightSource":"default","kind":"yes","name":null,"startDate":null}},{"type":"Feature","geometry":{"type":"Polygon","coordinates":[[[139.8047245,35.6541996],[139.8048167,35.6541089],[139.8047919,35.6540923],[139.8046997,35.654183],[139.8047245,35.6541996]]]},"properties":{"id":1249367494,"height":10,"heightSource":"default","kind":"yes","name":null,"startDate":null}},{"type":"Feature","geometry":{"type":"Polygon","coordinates":[[[139.804696,35.6541729],[139.804812,35.6540599],[139.8047525,35.6540195],[139.8047136,35.6540574],[139.8046993,35.6540477],[139.8046222,35.6541229],[139.804696,35.6541729]]]},"properties":{"id":1249367495,"height":10,"heightSource":"default","kind":"yes","name":null,"startDate":null}},{"type":"Feature","geometry":{"type":"Polygon","coordinates":[[[139.8046078,35.6540397],[139.8045354,35.6539915],[139.8044858,35.6540406],[139.8045582,35.6540889],[139.8046078,35.6540397]]]},"properties":{"id":1249367496,"height":10,"heightSource":"default","kind":"yes","name":null,"startDate":null}},{"type":"Feature","geometry":{"type":"Polygon","coordinates":[[[139.804633,35.6540378],[139.804683,35.6539861],[139.8046009,35.6539336],[139.8045508,35.6539852],[139.804633,35.6540378]]]},"properties":{"id":1249367497,"height":10,"heightSource":"default","kind":"yes","name":null,"startDate":null}},{"type":"Feature","geometry":{"type":"Polygon","coordinates":[[[139.805388,35.6544473],[139.8055561,35.6545595],[139.8055477,35.6545679],[139.8055868,35.654594],[139.8056425,35.6545389],[139.8054353,35.6544005],[139.805388,35.6544473]]]},"properties":{"id":1249367498,"height":10,"heightSource":"default","kind":"yes","name":null,"startDate":null}},{"type":"Feature","geometry":{"type":"Polygon","coordinates":[[[139.8062711,35.6547826],[139.8059265,35.654553],[139.8058392,35.6546395],[139.8061837,35.6548691],[139.8062711,35.6547826]]]},"properties":{"id":1250246648,"height":32,"heightSource":"levels","kind":"apartments","name":null,"startDate":null}},{"type":"Feature","geometry":{"type":"Polygon","coordinates":[[[139.8059265,35.654553],[139.8056102,35.6543422],[139.8055123,35.6544392],[139.8058286,35.65465],[139.8058392,35.6546395],[139.8059265,35.654553]]]},"properties":{"id":1250246650,"height":32,"heightSource":"levels","kind":"apartments","name":null,"startDate":null}},{"type":"Feature","geometry":{"type":"Polygon","coordinates":[[[139.8056102,35.6543422],[139.8052692,35.6541151],[139.8051713,35.6542121],[139.8055123,35.6544392],[139.8056102,35.6543422]]]},"properties":{"id":1250246651,"height":19.2,"heightSource":"levels","kind":"apartments","name":null,"startDate":null}},{"type":"Feature","geometry":{"type":"Polygon","coordinates":[[[139.8052692,35.6541151],[139.8049699,35.6539156],[139.804872,35.6540126],[139.8051713,35.6542121],[139.8052692,35.6541151]]]},"properties":{"id":1250246652,"height":19.2,"heightSource":"levels","kind":"apartments","name":null,"startDate":null}},{"type":"Feature","geometry":{"type":"Polygon","coordinates":[[[139.805162,35.657172],[139.8052356,35.6572211],[139.8052453,35.6572115],[139.8053019,35.6572492],[139.8053484,35.6572031],[139.805378,35.6572228],[139.8054082,35.6571928],[139.8053786,35.6571731],[139.8054662,35.6570864],[139.8055015,35.6571099],[139.8055212,35.6570904],[139.8054859,35.6570669],[139.8057741,35.6567813],[139.8058079,35.6568038],[139.8058297,35.6567823],[139.8057958,35.6567598],[139.8059614,35.6565957],[139.8058312,35.656509],[139.805162,35.657172]]]},"properties":{"id":1250255088,"height":10,"heightSource":"default","kind":"yes","name":null,"startDate":null}},{"type":"Feature","geometry":{"type":"Polygon","coordinates":[[[139.8048786,35.6571313],[139.8049283,35.6571645],[139.8049809,35.6571125],[139.8049312,35.6570793],[139.8048786,35.6571313]]]},"properties":{"id":1250255089,"height":10,"heightSource":"default","kind":"yes","name":null,"startDate":null}},{"type":"Feature","geometry":{"type":"Polygon","coordinates":[[[139.8049362,35.6570703],[139.8049891,35.6571039],[139.8050476,35.6570432],[139.8049947,35.6570095],[139.8049362,35.6570703]]]},"properties":{"id":1250255090,"height":10,"heightSource":"default","kind":"yes","name":null,"startDate":null}},{"type":"Feature","geometry":{"type":"Polygon","coordinates":[[[139.8050021,35.6569997],[139.8050576,35.6570364],[139.8051639,35.6569305],[139.8051084,35.6568937],[139.8050021,35.6569997]]]},"properties":{"id":1250255091,"height":10,"heightSource":"default","kind":"yes","name":null,"startDate":null}},{"type":"Feature","geometry":{"type":"Polygon","coordinates":[[[139.8051308,35.6568696],[139.8051899,35.6569082],[139.8052791,35.6568179],[139.80522,35.6567793],[139.8051308,35.6568696]]]},"properties":{"id":1250255092,"height":10,"heightSource":"default","kind":"yes","name":null,"startDate":null}},{"type":"Feature","geometry":{"type":"Polygon","coordinates":[[[139.8052604,35.6567377],[139.8052251,35.6567738],[139.8052853,35.6568126],[139.8053206,35.6567765],[139.8052604,35.6567377]]]},"properties":{"id":1250255093,"height":10,"heightSource":"default","kind":"yes","name":null,"startDate":null}},{"type":"Feature","geometry":{"type":"Polygon","coordinates":[[[139.8052992,35.6566949],[139.8052635,35.6567299],[139.8053254,35.6567714],[139.805361,35.6567364],[139.8052992,35.6566949]]]},"properties":{"id":1250255094,"height":10,"heightSource":"default","kind":"yes","name":null,"startDate":null}},{"type":"Feature","geometry":{"type":"Polygon","coordinates":[[[139.8053061,35.6566883],[139.8053618,35.6567275],[139.8054378,35.6566561],[139.8053821,35.6566169],[139.8053061,35.6566883]]]},"properties":{"id":1250255095,"height":10,"heightSource":"default","kind":"yes","name":null,"startDate":null}},{"type":"Feature","geometry":{"type":"Polygon","coordinates":[[[139.8053791,35.6566114],[139.8054418,35.6566573],[139.8054776,35.656625],[139.8054149,35.6565791],[139.8053791,35.6566114]]]},"properties":{"id":1250255096,"height":10,"heightSource":"default","kind":"yes","name":null,"startDate":null}},{"type":"Feature","geometry":{"type":"Polygon","coordinates":[[[139.8054757,35.6566206],[139.8055332,35.6565693],[139.805469,35.6565219],[139.8054115,35.6565732],[139.8054757,35.6566206]]]},"properties":{"id":1250255097,"height":10,"heightSource":"default","kind":"yes","name":null,"startDate":null}},{"type":"Feature","geometry":{"type":"Polygon","coordinates":[[[139.8055221,35.6564757],[139.8054752,35.6565239],[139.80553,35.6565592],[139.8055769,35.656511],[139.8055221,35.6564757]]]},"properties":{"id":1250255098,"height":10,"heightSource":"default","kind":"yes","name":null,"startDate":null}},{"type":"Feature","geometry":{"type":"Polygon","coordinates":[[[139.8056388,35.6563597],[139.8056063,35.6563909],[139.8056669,35.6564324],[139.8056993,35.6564012],[139.8056388,35.6563597]]]},"properties":{"id":1250255099,"height":10,"heightSource":"default","kind":"yes","name":null,"startDate":null}},{"type":"Feature","geometry":{"type":"Polygon","coordinates":[[[139.8057404,35.6563624],[139.8058108,35.6562921],[139.8057438,35.6562478],[139.8056734,35.6563181],[139.8057404,35.6563624]]]},"properties":{"id":1250255100,"height":10,"heightSource":"default","kind":"yes","name":null,"startDate":null}},{"type":"Feature","geometry":{"type":"Polygon","coordinates":[[[139.8057464,35.6562428],[139.8058098,35.6562883],[139.8058682,35.6562346],[139.8058049,35.6561891],[139.8057464,35.6562428]]]},"properties":{"id":1250255101,"height":10,"heightSource":"default","kind":"yes","name":null,"startDate":null}},{"type":"Feature","geometry":{"type":"Polygon","coordinates":[[[139.8058074,35.6561886],[139.8058654,35.6562286],[139.8058973,35.6561982],[139.8058393,35.6561581],[139.8058074,35.6561886]]]},"properties":{"id":1250255102,"height":10,"heightSource":"default","kind":"yes","name":null,"startDate":null}},{"type":"Feature","geometry":{"type":"Polygon","coordinates":[[[139.8058433,35.6561515],[139.8059071,35.6561929],[139.8059667,35.6561321],[139.805903,35.6560908],[139.8058433,35.6561515]]]},"properties":{"id":1250255103,"height":10,"heightSource":"default","kind":"yes","name":null,"startDate":null}},{"type":"Feature","geometry":{"type":"Polygon","coordinates":[[[139.8059855,35.6560082],[139.8059077,35.6560862],[139.8059711,35.656128],[139.8060489,35.6560501],[139.8059855,35.6560082]]]},"properties":{"id":1250255104,"height":10,"heightSource":"default","kind":"yes","name":null,"startDate":null}},{"type":"Feature","geometry":{"type":"Polygon","coordinates":[[[139.8059898,35.6559973],[139.8060512,35.6560396],[139.8060802,35.6560117],[139.8060189,35.6559695],[139.8059898,35.6559973]]]},"properties":{"id":1250255105,"height":10,"heightSource":"default","kind":"yes","name":null,"startDate":null}},{"type":"Feature","geometry":{"type":"Polygon","coordinates":[[[139.8045467,35.6562092],[139.8041682,35.6565903],[139.8042227,35.6566261],[139.8043226,35.6565255],[139.8044545,35.656612],[139.8047332,35.6563314],[139.8045467,35.6562092]]]},"properties":{"id":1250264133,"height":10,"heightSource":"default","kind":"yes","name":null,"startDate":null}},{"type":"Feature","geometry":{"type":"Polygon","coordinates":[[[139.8022986,35.6588906],[139.8023306,35.6588572],[139.8023162,35.658848],[139.8022842,35.6588814],[139.8022986,35.6588906]]]},"properties":{"id":1251431157,"height":10,"heightSource":"default","kind":"yes","name":null,"startDate":null}},{"type":"Feature","geometry":{"type":"Polygon","coordinates":[[[139.8024294,35.6587309],[139.8024703,35.6587601],[139.8024859,35.6587456],[139.802445,35.6587165],[139.8024294,35.6587309]]]},"properties":{"id":1251431161,"height":10,"heightSource":"default","kind":"yes","name":null,"startDate":null}},{"type":"Feature","geometry":{"type":"Polygon","coordinates":[[[139.8030175,35.6585382],[139.8030365,35.6585188],[139.8029775,35.6584805],[139.802877,35.6585829],[139.8030921,35.6587223],[139.8031736,35.6586393],[139.8030175,35.6585382]]]},"properties":{"id":1251432259,"height":4,"heightSource":"default","kind":"roof","name":null,"startDate":null}},{"type":"Feature","geometry":{"type":"Polygon","coordinates":[[[139.8020738,35.6588613],[139.8021792,35.6589305],[139.8023609,35.658748],[139.8022555,35.6586788],[139.8021488,35.6587859],[139.8021366,35.6587779],[139.8020828,35.658832],[139.802095,35.65884],[139.8020738,35.6588613]]]},"properties":{"id":1251485951,"height":10,"heightSource":"default","kind":"yes","name":null,"startDate":null}},{"type":"Feature","geometry":{"type":"Polygon","coordinates":[[[139.8025251,35.6588974],[139.802553,35.6589165],[139.8025418,35.6589273],[139.8026003,35.6589674],[139.8026871,35.6588837],[139.8026006,35.6588246],[139.8025251,35.6588974]]]},"properties":{"id":1251485952,"height":10,"heightSource":"default","kind":"yes","name":null,"startDate":null}},{"type":"Feature","geometry":{"type":"Polygon","coordinates":[[[139.8024601,35.6589578],[139.8025551,35.6590217],[139.8026003,35.6589774],[139.8025294,35.6589297],[139.8025442,35.6589152],[139.8025201,35.658899],[139.8024601,35.6589578]]]},"properties":{"id":1251485953,"height":10,"heightSource":"default","kind":"yes","name":null,"startDate":null}},{"type":"Feature","geometry":{"type":"Polygon","coordinates":[[[139.8023574,35.6590724],[139.8024382,35.6591291],[139.8024836,35.6590864],[139.8024588,35.659069],[139.8024662,35.6590621],[139.8024102,35.6590228],[139.8023574,35.6590724]]]},"properties":{"id":1251485954,"height":10,"heightSource":"default","kind":"yes","name":null,"startDate":null}},{"type":"Feature","geometry":{"type":"Polygon","coordinates":[[[139.8025759,35.6590661],[139.802513,35.6591309],[139.8025074,35.6591273],[139.8024797,35.659156],[139.8025379,35.6591932],[139.8026286,35.6590998],[139.8025759,35.6590661]]]},"properties":{"id":1251485955,"height":10,"heightSource":"default","kind":"yes","name":null,"startDate":null}},{"type":"Feature","geometry":{"type":"Polygon","coordinates":[[[139.8025811,35.6590528],[139.8026482,35.6590964],[139.8027846,35.6589577],[139.8027175,35.6589141],[139.8025811,35.6590528]]]},"properties":{"id":1251485956,"height":10,"heightSource":"default","kind":"yes","name":null,"startDate":null}},{"type":"Feature","geometry":{"type":"Polygon","coordinates":[[[139.8027997,35.6589738],[139.8026076,35.6591688],[139.8026603,35.6592031],[139.8026687,35.6591946],[139.8027458,35.6592447],[139.8029295,35.6590582],[139.8027997,35.6589738]]]},"properties":{"id":1251485957,"height":10,"heightSource":"default","kind":"yes","name":null,"startDate":null}},{"type":"Feature","geometry":{"type":"Polygon","coordinates":[[[139.8027179,35.6593132],[139.8030759,35.659548],[139.8031743,35.659449],[139.8030786,35.6593863],[139.8030414,35.659387],[139.8028011,35.6592294],[139.8027179,35.6593132]]]},"properties":{"id":1251485960,"height":10,"heightSource":"default","kind":"yes","name":null,"startDate":null}},{"type":"Feature","geometry":{"type":"Polygon","coordinates":[[[139.8047356,35.6574564],[139.804862,35.6575425],[139.8048975,35.657508],[139.8047711,35.6574219],[139.8047356,35.6574564]]]},"properties":{"id":1251494888,"height":10,"heightSource":"default","kind":"yes","name":null,"startDate":null}},{"type":"Feature","geometry":{"type":"Polygon","coordinates":[[[139.8043215,35.6578157],[139.8044727,35.6579171],[139.8046346,35.6577576],[139.8044834,35.6576563],[139.8043215,35.6578157]]]},"properties":{"id":1251494889,"height":10,"heightSource":"default","kind":"yes","name":null,"startDate":null}},{"type":"Feature","geometry":{"type":"Polygon","coordinates":[[[139.8041321,35.658001],[139.8043014,35.6581119],[139.8044193,35.657993],[139.80425,35.6578821],[139.8041321,35.658001]]]},"properties":{"id":1251494890,"height":10,"heightSource":"default","kind":"yes","name":null,"startDate":null}},{"type":"Feature","geometry":{"type":"Polygon","coordinates":[[[139.8041533,35.6580909],[139.8041362,35.6581094],[139.8041746,35.6581328],[139.8041917,35.6581143],[139.8041533,35.6580909]]]},"properties":{"id":1251494891,"height":10,"heightSource":"default","kind":"yes","name":null,"startDate":null}},{"type":"Feature","geometry":{"type":"Polygon","coordinates":[[[139.8041609,35.6580587],[139.8042155,35.6580952],[139.8042312,35.6580798],[139.8041765,35.6580433],[139.8041609,35.6580587]]]},"properties":{"id":1251494892,"height":10,"heightSource":"default","kind":"yes","name":null,"startDate":null}},{"type":"Feature","geometry":{"type":"Polygon","coordinates":[[[139.8040754,35.6580803],[139.8041193,35.6581104],[139.8041515,35.6580796],[139.8041075,35.6580494],[139.8040754,35.6580803]]]},"properties":{"id":1251494893,"height":10,"heightSource":"default","kind":"yes","name":null,"startDate":null}},{"type":"Feature","geometry":{"type":"Polygon","coordinates":[[[139.8036727,35.6584813],[139.8038278,35.6585847],[139.804212,35.6582044],[139.804057,35.658101],[139.8036727,35.6584813]]]},"properties":{"id":1251494894,"height":10,"heightSource":"default","kind":"yes","name":null,"startDate":null}},{"type":"Feature","geometry":{"type":"Polygon","coordinates":[[[139.8039601,35.6586365],[139.8039812,35.6586511],[139.8040121,35.6586214],[139.8039909,35.6586068],[139.8039601,35.6586365]]]},"properties":{"id":1251494895,"height":10,"heightSource":"default","kind":"yes","name":null,"startDate":null}},{"type":"Feature","geometry":{"type":"Polygon","coordinates":[[[139.8036818,35.6588678],[139.8037128,35.6588882],[139.8037405,35.6588604],[139.8037095,35.65884],[139.8036818,35.6588678]]]},"properties":{"id":1251494896,"height":10,"heightSource":"default","kind":"yes","name":null,"startDate":null}},{"type":"Feature","geometry":{"type":"Polygon","coordinates":[[[139.8035064,35.6586333],[139.8037877,35.6588188],[139.8039173,35.6586891],[139.803636,35.6585036],[139.8035064,35.6586333]]]},"properties":{"id":1251494897,"height":10,"heightSource":"default","kind":"yes","name":null,"startDate":null}},{"type":"Feature","geometry":{"type":"Polygon","coordinates":[[[139.8039705,35.6578558],[139.8039884,35.6578676],[139.8040826,35.6577731],[139.8040647,35.6577613],[139.8039705,35.6578558]]]},"properties":{"id":1251495746,"height":10,"heightSource":"default","kind":"yes","name":null,"startDate":null}},{"type":"Feature","geometry":{"type":"Polygon","coordinates":[[[139.804171,35.6576539],[139.804191,35.6576671],[139.8043251,35.6575325],[139.8043051,35.6575194],[139.804171,35.6576539]]]},"properties":{"id":1251495747,"height":10,"heightSource":"default","kind":"yes","name":null,"startDate":null}},{"type":"Feature","geometry":{"type":"Polygon","coordinates":[[[139.8043282,35.6574714],[139.8043494,35.6574851],[139.804455,35.6573772],[139.8044338,35.6573635],[139.8043282,35.6574714]]]},"properties":{"id":1251495748,"height":10,"heightSource":"default","kind":"yes","name":null,"startDate":null}},{"type":"Feature","geometry":{"type":"Polygon","coordinates":[[[139.8044566,35.6573445],[139.8044751,35.6573572],[139.8045129,35.657321],[139.8044945,35.6573082],[139.8044566,35.6573445]]]},"properties":{"id":1251495749,"height":10,"heightSource":"default","kind":"yes","name":null,"startDate":null}},{"type":"Feature","geometry":{"type":"Polygon","coordinates":[[[139.8044667,35.6571818],[139.8040454,35.6575997],[139.8039758,35.6575534],[139.8039203,35.6576084],[139.8040833,35.6577169],[139.8041388,35.6576619],[139.8041286,35.6576551],[139.804509,35.6572779],[139.8045342,35.6572947],[139.8045752,35.657254],[139.8044667,35.6571818]]]},"properties":{"id":1251495750,"height":30,"heightSource":"default","kind":"apartments","name":null,"startDate":null}},{"type":"Feature","geometry":{"type":"Polygon","coordinates":[[[139.803951,35.6574444],[139.8040428,35.6575055],[139.8041153,35.6574335],[139.8040236,35.6573725],[139.803951,35.6574444]]]},"properties":{"id":1251495751,"height":10,"heightSource":"default","kind":"yes","name":null,"startDate":null}},{"type":"Feature","geometry":{"type":"Polygon","coordinates":[[[139.8036105,35.6579423],[139.8037466,35.6580327],[139.8037873,35.6579922],[139.8037587,35.6579732],[139.8040298,35.6577037],[139.8039503,35.6576509],[139.8038366,35.657764],[139.8038086,35.6577454],[139.8036105,35.6579423]]]},"properties":{"id":1251495752,"height":30,"heightSource":"default","kind":"apartments","name":null,"startDate":null}},{"type":"Feature","geometry":{"type":"Polygon","coordinates":[[[139.8054229,35.6549324],[139.8054415,35.6549452],[139.8054596,35.6549278],[139.805441,35.654915],[139.8054229,35.6549324]]]},"properties":{"id":1253819583,"height":10,"heightSource":"default","kind":"yes","name":null,"startDate":null}},{"type":"Feature","geometry":{"type":"Polygon","coordinates":[[[139.8049062,35.6553621],[139.8049592,35.6553983],[139.8049829,35.6553754],[139.8049299,35.6553392],[139.8049062,35.6553621]]]},"properties":{"id":1253819584,"height":10,"heightSource":"default","kind":"yes","name":null,"startDate":null}},{"type":"Feature","geometry":{"type":"Polygon","coordinates":[[[139.8042447,35.6549379],[139.8042699,35.6549551],[139.8042861,35.6549394],[139.8042609,35.6549222],[139.8042447,35.6549379]]]},"properties":{"id":1253819585,"height":10,"heightSource":"default","kind":"yes","name":null,"startDate":null}},{"type":"Feature","geometry":{"type":"Polygon","coordinates":[[[139.8044013,35.6547167],[139.8041899,35.654577],[139.804139,35.6546278],[139.8043504,35.6547675],[139.8044013,35.6547167]]]},"properties":{"id":1253819589,"height":4,"heightSource":"default","kind":"roof","name":null,"startDate":null}},{"type":"Feature","geometry":{"type":"Polygon","coordinates":[[[139.8050355,35.6551313],[139.8044171,35.6547248],[139.8043798,35.6547622],[139.8049982,35.6551687],[139.8050355,35.6551313]]]},"properties":{"id":1253819590,"height":4,"heightSource":"default","kind":"roof","name":null,"startDate":null}},{"type":"Feature","geometry":{"type":"Polygon","coordinates":[[[139.8038974,35.6546652],[139.8040018,35.6547359],[139.8041493,35.654592],[139.8040449,35.6545214],[139.8038974,35.6546652]]]},"properties":{"id":1253819591,"height":10,"heightSource":"default","kind":"yes","name":null,"startDate":null}},{"type":"Feature","geometry":{"type":"Polygon","coordinates":[[[139.8054194,35.6547826],[139.8054746,35.6548178],[139.8055142,35.6547768],[139.8054589,35.6547416],[139.8054194,35.6547826]]]},"properties":{"id":1253820467,"height":10,"heightSource":"default","kind":"yes","name":null,"startDate":null}},{"type":"Feature","geometry":{"type":"Polygon","coordinates":[[[139.8053805,35.6548138],[139.8054514,35.6547442],[139.8053703,35.6546897],[139.8052994,35.6547593],[139.8053805,35.6548138]]]},"properties":{"id":1253820468,"height":10,"heightSource":"default","kind":"yes","name":null,"startDate":null}},{"type":"Feature","geometry":{"type":"Polygon","coordinates":[[[139.8052544,35.6547281],[139.8052953,35.6547542],[139.8053555,35.654692],[139.8053146,35.6546659],[139.8052544,35.6547281]]]},"properties":{"id":1253820469,"height":10,"heightSource":"default","kind":"yes","name":null,"startDate":null}},{"type":"Feature","geometry":{"type":"Polygon","coordinates":[[[139.805216,35.6547081],[139.8052467,35.6547276],[139.8053204,35.6546512],[139.8052898,35.6546317],[139.805216,35.6547081]]]},"properties":{"id":1253820470,"height":10,"heightSource":"default","kind":"yes","name":null,"startDate":null}},{"type":"Feature","geometry":{"type":"Polygon","coordinates":[[[139.8051669,35.6546756],[139.8052151,35.654706],[139.8052579,35.6546612],[139.8052411,35.6546506],[139.8052682,35.6546222],[139.8052368,35.6546024],[139.8051669,35.6546756]]]},"properties":{"id":1253820471,"height":10,"heightSource":"default","kind":"yes","name":null,"startDate":null}},{"type":"Feature","geometry":{"type":"Polygon","coordinates":[[[139.805124,35.6546453],[139.8051672,35.6546725],[139.8052363,35.6546],[139.805193,35.6545728],[139.805124,35.6546453]]]},"properties":{"id":1253820472,"height":10,"heightSource":"default","kind":"yes","name":null,"startDate":null}},{"type":"Feature","geometry":{"type":"Polygon","coordinates":[[[139.8050593,35.6546023],[139.8051215,35.6546419],[139.8051912,35.6545695],[139.805129,35.6545299],[139.8050593,35.6546023]]]},"properties":{"id":1253820473,"height":10,"heightSource":"default","kind":"yes","name":null,"startDate":null}},{"type":"Feature","geometry":{"type":"Polygon","coordinates":[[[139.805022,35.6545689],[139.8050575,35.6545932],[139.805126,35.6545271],[139.8050906,35.6545028],[139.805022,35.6545689]]]},"properties":{"id":1253820474,"height":10,"heightSource":"default","kind":"yes","name":null,"startDate":null}},{"type":"Feature","geometry":{"type":"Polygon","coordinates":[[[139.8049532,35.6545148],[139.8050194,35.6545576],[139.8050766,35.6544991],[139.8050103,35.6544563],[139.8049532,35.6545148]]]},"properties":{"id":1253820475,"height":10,"heightSource":"default","kind":"yes","name":null,"startDate":null}},{"type":"Feature","geometry":{"type":"Polygon","coordinates":[[[139.8048506,35.6544626],[139.8049354,35.6545189],[139.8050024,35.6544522],[139.8049176,35.6543959],[139.8048506,35.6544626]]]},"properties":{"id":1253820476,"height":10,"heightSource":"default","kind":"yes","name":null,"startDate":null}},{"type":"Feature","geometry":{"type":"Polygon","coordinates":[[[139.8047609,35.6544053],[139.8048457,35.6544624],[139.8049193,35.6543901],[139.8048726,35.6543586],[139.8048544,35.6543765],[139.8048163,35.6543509],[139.8047609,35.6544053]]]},"properties":{"id":1253820477,"height":10,"heightSource":"default","kind":"yes","name":null,"startDate":null}},{"type":"Feature","geometry":{"type":"Polygon","coordinates":[[[139.8047573,35.6542993],[139.8047017,35.6543546],[139.8047091,35.6543595],[139.8046911,35.6543773],[139.8047205,35.6543968],[139.8047384,35.654379],[139.804763,35.6543954],[139.8048187,35.6543401],[139.8047573,35.6542993]]]},"properties":{"id":1253820478,"height":10,"heightSource":"default","kind":"yes","name":null,"startDate":null}},{"type":"Feature","geometry":{"type":"Polygon","coordinates":[[[139.8046423,35.6542853],[139.8045733,35.6543573],[139.8046156,35.6543841],[139.8046292,35.65437],[139.8046497,35.654383],[139.8047137,35.6543162],[139.8046927,35.654303],[139.8046842,35.6543118],[139.8046423,35.6542853]]]},"properties":{"id":1253820479,"height":10,"heightSource":"default","kind":"yes","name":null,"startDate":null}},{"type":"Feature","geometry":{"type":"Polygon","coordinates":[[[139.8044895,35.6543426],[139.8045447,35.654378],[139.8046366,35.6542832],[139.8045813,35.6542478],[139.8044895,35.6543426]]]},"properties":{"id":1253820480,"height":10,"heightSource":"default","kind":"yes","name":null,"startDate":null}},{"type":"Feature","geometry":{"type":"Polygon","coordinates":[[[139.8043237,35.6542321],[139.8044839,35.6543376],[139.8046276,35.6541935],[139.8044484,35.6540754],[139.8044015,35.6541225],[139.8044205,35.654135],[139.8043237,35.6542321]]]},"properties":{"id":1253820481,"height":10,"heightSource":"default","kind":"yes","name":null,"startDate":null}},{"type":"Feature","geometry":{"type":"Polygon","coordinates":[[[139.803546,35.6553305],[139.8035618,35.6553407],[139.8037871,35.6551116],[139.8037713,35.6551013],[139.803546,35.6553305]]]},"properties":{"id":1253821895,"height":4,"heightSource":"default","kind":"roof","name":null,"startDate":null}},{"type":"Feature","geometry":{"type":"Polygon","coordinates":[[[139.8032513,35.6556721],[139.8032688,35.6556835],[139.8033627,35.6555878],[139.8033452,35.6555765],[139.8032513,35.6556721]]]},"properties":{"id":1253821896,"height":4,"heightSource":"default","kind":"roof","name":null,"startDate":null}},{"type":"Feature","geometry":{"type":"Polygon","coordinates":[[[139.8031822,35.6557399],[139.8031978,35.6557507],[139.803236,35.6557142],[139.8032204,35.6557034],[139.8031822,35.6557399]]]},"properties":{"id":1253821897,"height":4,"heightSource":"default","kind":"roof","name":null,"startDate":null}},{"type":"Feature","geometry":{"type":"Polygon","coordinates":[[[139.803081,35.6557056],[139.8031534,35.6557535],[139.8031663,35.6557407],[139.8030939,35.6556927],[139.803081,35.6557056]]]},"properties":{"id":1253821898,"height":4,"heightSource":"default","kind":"roof","name":null,"startDate":null}},{"type":"Feature","geometry":{"type":"Polygon","coordinates":[[[139.8029633,35.6556293],[139.8030572,35.6556906],[139.8030705,35.6556771],[139.8029766,35.6556158],[139.8029633,35.6556293]]]},"properties":{"id":1253821899,"height":4,"heightSource":"default","kind":"roof","name":null,"startDate":null}},{"type":"Feature","geometry":{"type":"Polygon","coordinates":[[[139.8029288,35.6556792],[139.8031383,35.6558173],[139.8031675,35.6557881],[139.8029579,35.6556499],[139.8029288,35.6556792]]]},"properties":{"id":1253821900,"height":4,"heightSource":"default","kind":"roof","name":null,"startDate":null}},{"type":"Feature","geometry":{"type":"Polygon","coordinates":[[[139.8028862,35.6581085],[139.8030472,35.6582161],[139.8030829,35.6581807],[139.802922,35.6580732],[139.8028862,35.6581085]]]},"properties":{"id":1253824216,"height":4,"heightSource":"default","kind":"roof","name":null,"startDate":null}},{"type":"Feature","geometry":{"type":"Polygon","coordinates":[[[139.8029721,35.6582902],[139.8027251,35.6581251],[139.8026692,35.6581804],[139.8029162,35.6583454],[139.8029721,35.6582902]]]},"properties":{"id":1253824217,"height":4,"heightSource":"default","kind":"roof","name":null,"startDate":null}},{"type":"Feature","geometry":{"type":"Polygon","coordinates":[[[139.8034072,35.6579866],[139.8033296,35.6580641],[139.8033205,35.658058],[139.8032508,35.6581277],[139.8033415,35.6581876],[139.8034172,35.6581119],[139.8034359,35.6581243],[139.8034224,35.6581379],[139.8034608,35.6581633],[139.8034744,35.6581497],[139.8035275,35.6581848],[139.8034517,35.6582605],[139.8035434,35.658321],[139.8036152,35.6582493],[139.8036046,35.6582423],[139.8036801,35.6581669],[139.8034072,35.6579866]]]},"properties":{"id":1253824424,"height":10,"heightSource":"default","kind":"yes","name":null,"startDate":null}},{"type":"Feature","geometry":{"type":"Polygon","coordinates":[[[139.8029874,35.6584164],[139.8031633,35.6585337],[139.8032325,35.6584653],[139.803253,35.6584789],[139.8031719,35.6585593],[139.8032576,35.6586165],[139.8035182,35.6583585],[139.8034287,35.6582988],[139.8034002,35.658327],[139.8033108,35.6582674],[139.8033362,35.6582423],[139.8032328,35.6581734],[139.8029874,35.6584164]]]},"properties":{"id":1253824425,"height":10,"heightSource":"default","kind":"yes","name":null,"startDate":null}},{"type":"Feature","geometry":{"type":"Polygon","coordinates":[[[139.8039601,35.6569369],[139.803992,35.6569051],[139.8039539,35.6568798],[139.8039987,35.6568353],[139.8039838,35.6568254],[139.8039166,35.6568322],[139.8038708,35.6568777],[139.8039601,35.6569369]]]},"properties":{"id":1253826507,"height":10,"heightSource":"default","kind":"yes","name":null,"startDate":null}},{"type":"Feature","geometry":{"type":"Polygon","coordinates":[[[139.8039983,35.656901],[139.8040459,35.6568538],[139.8040111,35.6568306],[139.8039635,35.6568778],[139.8039983,35.656901]]]},"properties":{"id":1253826508,"height":10,"heightSource":"default","kind":"yes","name":null,"startDate":null}},{"type":"Feature","geometry":{"type":"Polygon","coordinates":[[[139.8040164,35.6569699],[139.8040901,35.6568977],[139.8040477,35.656869],[139.8039739,35.6569412],[139.8040164,35.6569699]]]},"properties":{"id":1253826509,"height":10,"heightSource":"default","kind":"yes","name":null,"startDate":null}},{"type":"Feature","geometry":{"type":"Polygon","coordinates":[[[139.8040234,35.6569751],[139.8040969,35.6570233],[139.8041799,35.6569397],[139.8041065,35.6568915],[139.8040234,35.6569751]]]},"properties":{"id":1253826510,"height":10,"heightSource":"default","kind":"yes","name":null,"startDate":null}},{"type":"Feature","geometry":{"type":"Polygon","coordinates":[[[139.8041471,35.6570018],[139.8042145,35.6570464],[139.8042647,35.6569965],[139.8041973,35.6569518],[139.8041471,35.6570018]]]},"properties":{"id":1253826511,"height":10,"heightSource":"default","kind":"yes","name":null,"startDate":null}},{"type":"Feature","geometry":{"type":"Polygon","coordinates":[[[139.8041103,35.6570328],[139.8041803,35.6570786],[139.8042082,35.6570504],[139.8041381,35.6570047],[139.8041103,35.6570328]]]},"properties":{"id":1253826512,"height":10,"heightSource":"default","kind":"yes","name":null,"startDate":null}},{"type":"Feature","geometry":{"type":"Polygon","coordinates":[[[139.8041173,35.6570759],[139.8041576,35.6571021],[139.8041756,35.6570838],[139.8041354,35.6570575],[139.8041173,35.6570759]]]},"properties":{"id":1253826513,"height":4,"heightSource":"default","kind":"roof","name":null,"startDate":null}},{"type":"Feature","geometry":{"type":"Polygon","coordinates":[[[139.804057,35.6570353],[139.8041004,35.6570636],[139.8041186,35.6570451],[139.8040752,35.6570168],[139.804057,35.6570353]]]},"properties":{"id":1253826514,"height":4,"heightSource":"default","kind":"roof","name":null,"startDate":null}},{"type":"Feature","geometry":{"type":"Polygon","coordinates":[[[139.8040734,35.6571058],[139.8040398,35.6571399],[139.8040861,35.6571701],[139.8041198,35.657136],[139.8040734,35.6571058]]]},"properties":{"id":1253826515,"height":4,"heightSource":"default","kind":"roof","name":null,"startDate":null}},{"type":"Feature","geometry":{"type":"Polygon","coordinates":[[[139.8040335,35.6571358],[139.8040676,35.6571012],[139.8040204,35.6570704],[139.8039863,35.657105],[139.8040335,35.6571358]]]},"properties":{"id":1253826516,"height":4,"heightSource":"default","kind":"roof","name":null,"startDate":null}},{"type":"Feature","geometry":{"type":"Polygon","coordinates":[[[139.803744,35.6570012],[139.8039485,35.6571343],[139.8040694,35.6570118],[139.8038649,35.6568787],[139.803744,35.6570012]]]},"properties":{"id":1253826517,"height":10,"heightSource":"default","kind":"yes","name":null,"startDate":null}},{"type":"Feature","geometry":{"type":"Polygon","coordinates":[[[139.8039502,35.6571416],[139.8038859,35.6570993],[139.8038271,35.6571582],[139.803835,35.6571633],[139.8037675,35.657231],[139.8038057,35.6572561],[139.8037829,35.6572789],[139.8038556,35.6573268],[139.8038786,35.6573038],[139.8038511,35.6572856],[139.8038901,35.6572465],[139.8039351,35.6572762],[139.8039878,35.6572465],[139.804065,35.6571692],[139.8039792,35.6571126],[139.8039502,35.6571416]]]},"properties":{"id":1253826518,"height":10,"heightSource":"default","kind":"yes","name":null,"startDate":null}},{"type":"Feature","geometry":{"type":"Polygon","coordinates":[[[139.8036581,35.657092],[139.803769,35.6571642],[139.8038329,35.6570994],[139.803722,35.6570272],[139.8036581,35.657092]]]},"properties":{"id":1253826519,"height":10,"heightSource":"default","kind":"yes","name":null,"startDate":null}},{"type":"Feature","geometry":{"type":"Polygon","coordinates":[[[139.8035934,35.657178],[139.803689,35.6572411],[139.8037383,35.6571917],[139.8037138,35.6571755],[139.8037226,35.6571668],[139.8036912,35.6571461],[139.8036825,35.6571548],[139.8036428,35.6571287],[139.8035934,35.657178]]]},"properties":{"id":1253826520,"height":10,"heightSource":"default","kind":"yes","name":null,"startDate":null}},{"type":"Feature","geometry":{"type":"Polygon","coordinates":[[[139.8037493,35.657386],[139.8038208,35.6574322],[139.8038732,35.6573786],[139.8038018,35.6573324],[139.8037493,35.657386]]]},"properties":{"id":1253826521,"height":10,"heightSource":"default","kind":"yes","name":null,"startDate":null}},{"type":"Feature","geometry":{"type":"Polygon","coordinates":[[[139.8037398,35.6573827],[139.8038021,35.6573208],[139.8037432,35.6572816],[139.8036808,35.6573436],[139.8037398,35.6573827]]]},"properties":{"id":1253826522,"height":10,"heightSource":"default","kind":"yes","name":null,"startDate":null}},{"type":"Feature","geometry":{"type":"Polygon","coordinates":[[[139.8035534,35.6572446],[139.8036744,35.6573261],[139.8037218,35.6572795],[139.8036008,35.6571981],[139.8035534,35.6572446]]]},"properties":{"id":1253826523,"height":10,"heightSource":"default","kind":"yes","name":null,"startDate":null}},{"type":"Feature","geometry":{"type":"Polygon","coordinates":[[[139.8035019,35.6573691],[139.8035901,35.657428],[139.8036526,35.6573661],[139.8035645,35.6573072],[139.8035019,35.6573691]]]},"properties":{"id":1253826524,"height":10,"heightSource":"default","kind":"yes","name":null,"startDate":null}},{"type":"Feature","geometry":{"type":"Polygon","coordinates":[[[139.8033893,35.6573578],[139.8034208,35.6573792],[139.8034374,35.6573631],[139.8034058,35.6573417],[139.8033893,35.6573578]]]},"properties":{"id":1253826525,"height":10,"heightSource":"default","kind":"yes","name":null,"startDate":null}},{"type":"Feature","geometry":{"type":"Polygon","coordinates":[[[139.8035423,35.6575725],[139.8036266,35.6576282],[139.8036549,35.6576],[139.8035706,35.6575442],[139.8035423,35.6575725]]]},"properties":{"id":1253826526,"height":10,"heightSource":"default","kind":"yes","name":null,"startDate":null}},{"type":"Feature","geometry":{"type":"Polygon","coordinates":[[[139.8033546,35.6574384],[139.8032958,35.6574979],[139.8034768,35.6576159],[139.8035355,35.6575565],[139.8033546,35.6574384]]]},"properties":{"id":1253826527,"height":10,"heightSource":"default","kind":"yes","name":null,"startDate":null}},{"type":"Feature","geometry":{"type":"Polygon","coordinates":[[[139.8031953,35.6575588],[139.8033882,35.657688],[139.8034504,35.6576267],[139.8032575,35.6574975],[139.8031953,35.6575588]]]},"properties":{"id":1253826528,"height":10,"heightSource":"default","kind":"yes","name":null,"startDate":null}},{"type":"Feature","geometry":{"type":"Polygon","coordinates":[[[139.8034276,35.6576896],[139.8035138,35.6577463],[139.8035686,35.6576913],[139.8034824,35.6576347],[139.8034276,35.6576896]]]},"properties":{"id":1253826529,"height":10,"heightSource":"default","kind":"yes","name":null,"startDate":null}},{"type":"Feature","geometry":{"type":"Polygon","coordinates":[[[139.8033598,35.6577569],[139.8034474,35.6578163],[139.8035088,35.6577564],[139.8034212,35.6576971],[139.8033598,35.6577569]]]},"properties":{"id":1253826530,"height":10,"heightSource":"default","kind":"yes","name":null,"startDate":null}},{"type":"Feature","geometry":{"type":"Polygon","coordinates":[[[139.8031369,35.6576183],[139.8032667,35.6577025],[139.803302,35.6576666],[139.8031723,35.6575824],[139.8031369,35.6576183]]]},"properties":{"id":1253826531,"height":10,"heightSource":"default","kind":"yes","name":null,"startDate":null}},{"type":"Feature","geometry":{"type":"Polygon","coordinates":[[[139.8032331,35.6577464],[139.8032651,35.657767],[139.8033412,35.6576894],[139.8033092,35.6576687],[139.8032331,35.6577464]]]},"properties":{"id":1253826532,"height":10,"heightSource":"default","kind":"yes","name":null,"startDate":null}},{"type":"Feature","geometry":{"type":"Polygon","coordinates":[[[139.8033459,35.6576956],[139.8032993,35.6577424],[139.8033146,35.6577525],[139.8033199,35.6577471],[139.8033391,35.6577597],[139.8033804,35.6577183],[139.8033459,35.6576956]]]},"properties":{"id":1253826533,"height":10,"heightSource":"default","kind":"yes","name":null,"startDate":null}},{"type":"Feature","geometry":{"type":"Polygon","coordinates":[[[139.8032868,35.657791],[139.8033857,35.6578563],[139.8034293,35.6578127],[139.8033593,35.6577665],[139.8033484,35.6577773],[139.8033195,35.6577583],[139.8032868,35.657791]]]},"properties":{"id":1253826534,"height":10,"heightSource":"default","kind":"yes","name":null,"startDate":null}},{"type":"Feature","geometry":{"type":"Polygon","coordinates":[[[139.7946511,35.6606575],[139.7946482,35.6606597],[139.794546,35.6605661],[139.7946408,35.6604949],[139.7941397,35.6600584],[139.7940883,35.6600974],[139.7941292,35.660133],[139.7939891,35.6602391],[139.7944486,35.6606393],[139.7944618,35.6606294],[139.7945669,35.6607219],[139.7944614,35.6608019],[139.7950821,35.6613425],[139.7951053,35.6613249],[139.7951196,35.6613373],[139.7951878,35.6612857],[139.7952979,35.6613816],[139.7955863,35.6611629],[139.7957034,35.6610741],[139.7958126,35.6609913],[139.7961031,35.660771],[139.7959723,35.6606572],[139.7957651,35.6608143],[139.7956929,35.6607551],[139.7958627,35.6606275],[139.7957171,35.6604997],[139.7954668,35.6606879],[139.795436,35.6606609],[139.7954207,35.6606724],[139.7951375,35.6604238],[139.7949453,35.6605683],[139.7952284,35.660817],[139.7952095,35.6608312],[139.7952402,35.6608582],[139.795123,35.6609464],[139.7952685,35.6610742],[139.7951939,35.6611303],[139.7946511,35.6606575]]]},"properties":{"id":1254229349,"height":10,"heightSource":"default","kind":"university","name":null,"startDate":null}},{"type":"Feature","geometry":{"type":"Polygon","coordinates":[[[139.7990687,35.657986],[139.7996972,35.6573563],[139.7992615,35.6573948],[139.7992262,35.6573979],[139.7991236,35.6573309],[139.7991086,35.6573211],[139.7989326,35.657499],[139.7988863,35.6574688],[139.7988632,35.6574922],[139.7988189,35.657537],[139.7989603,35.657637],[139.7990254,35.6576317],[139.7990687,35.657986]]]},"properties":{"id":1254491574,"height":10,"heightSource":"default","kind":"yes","name":null,"startDate":null}},{"type":"Feature","geometry":{"type":"Polygon","coordinates":[[[139.7960905,35.6583726],[139.7962175,35.6584578],[139.7962627,35.6584134],[139.7961357,35.6583281],[139.7960905,35.6583726]]]},"properties":{"id":1254496544,"height":10,"heightSource":"default","kind":"yes","name":null,"startDate":null}},{"type":"Feature","geometry":{"type":"Polygon","coordinates":[[[139.8055558,35.6579509],[139.8055772,35.6579648],[139.8055979,35.6579438],[139.8055764,35.6579299],[139.8055558,35.6579509]]]},"properties":{"id":1267838364,"height":10,"heightSource":"default","kind":"yes","name":null,"startDate":null}},{"type":"Feature","geometry":{"type":"Polygon","coordinates":[[[139.7992525,35.6544788],[139.7995427,35.6541928],[139.799665,35.6542748],[139.7993747,35.6545608],[139.7992525,35.6544788]]]},"properties":{"id":1279814459,"height":41.6,"heightSource":"levels","kind":"apartments","name":null,"startDate":"2022-05-27"}},{"type":"Feature","geometry":{"type":"Polygon","coordinates":[[[139.7995638,35.6540594],[139.7996611,35.6539627],[139.7998795,35.6541079],[139.7997923,35.6541945],[139.7998205,35.6542133],[139.7999069,35.6541275],[139.8001021,35.6542572],[139.8000056,35.654353],[139.7995638,35.6540594]]]},"properties":{"id":1279814460,"height":44.8,"heightSource":"levels","kind":"apartments","name":null,"startDate":"2022-05-25"}},{"type":"Feature","geometry":{"type":"Polygon","coordinates":[[[139.800034,35.6543724],[139.8001308,35.6542752],[139.8003832,35.6544411],[139.8002865,35.6545383],[139.800034,35.6543724]]]},"properties":{"id":1279814461,"height":44.8,"heightSource":"levels","kind":"apartments","name":null,"startDate":"2022-05-25"}},{"type":"Feature","geometry":{"type":"Polygon","coordinates":[[[139.7996288,35.6546569],[139.7997275,35.6545597],[139.8001658,35.6548539],[139.8000671,35.654951],[139.7996288,35.6546569]]]},"properties":{"id":1279814462,"height":41.6,"heightSource":"levels","kind":"apartments","name":null,"startDate":"2022-05-27"}},{"type":"Feature","geometry":{"type":"Polygon","coordinates":[[[139.7988396,35.6547414],[139.7992523,35.6550152],[139.7992299,35.6550382],[139.7992804,35.6550717],[139.7993032,35.655049],[139.7993733,35.6549792],[139.7989097,35.6546716],[139.7988396,35.6547414]]]},"properties":{"id":1279814463,"height":16,"heightSource":"levels","kind":"apartments","name":null,"startDate":"1971-03-24"}},{"type":"Feature","geometry":{"type":"Polygon","coordinates":[[[139.7947426,35.6604016],[139.794192,35.6599149],[139.7941689,35.6598945],[139.7941628,35.6598891],[139.7941586,35.6598854],[139.7944612,35.6596597],[139.7944962,35.6596913],[139.7945292,35.6597211],[139.7946682,35.6598466],[139.7946787,35.6598389],[139.7947956,35.6597531],[139.7948879,35.6598386],[139.7949162,35.6598176],[139.7949442,35.6597966],[139.7951961,35.6600168],[139.7951708,35.6600381],[139.7950124,35.6601538],[139.7950416,35.6601787],[139.7947426,35.6604016]]]},"properties":{"id":1290592795,"height":67.5,"heightSource":"height","kind":"yes","name":"芝浦工業大学 豊洲キャンパス 本部棟","startDate":null}},{"type":"Feature","geometry":{"type":"Polygon","coordinates":[[[139.7915968,35.65857],[139.7916619,35.6580085],[139.7920277,35.6580349],[139.7921009,35.6580613],[139.7920521,35.6584032],[139.7919688,35.6583983],[139.7919485,35.6585287],[139.7918916,35.6585254],[139.7918814,35.6585931],[139.7915968,35.65857]]]},"properties":{"id":1290592796,"height":30,"heightSource":"default","kind":"apartments","name":null,"startDate":null}},{"type":"Feature","geometry":{"type":"Polygon","coordinates":[[[139.7915826,35.6587038],[139.7915948,35.6586031],[139.7917676,35.6586113],[139.7918204,35.6586295],[139.7919403,35.6585997],[139.7922757,35.6582562],[139.7921192,35.6581555],[139.7921233,35.6580531],[139.7921375,35.6580415],[139.7924506,35.658248],[139.7920399,35.6586509],[139.7920196,35.6586344],[139.7919708,35.6586427],[139.7918855,35.6586543],[139.7918387,35.6586675],[139.7917655,35.6587021],[139.7917452,35.6587154],[139.7915826,35.6587038]]]},"properties":{"id":1290592797,"height":30,"heightSource":"default","kind":"apartments","name":null,"startDate":null}},{"type":"Feature","geometry":{"type":"Polygon","coordinates":[[[139.795136,35.660284],[139.7952776,35.6601772],[139.7955802,35.6604491],[139.7954416,35.6605569],[139.795136,35.660284]]]},"properties":{"id":1326184667,"height":3.2,"heightSource":"levels","kind":"university","name":"有元史郎記念校友会館交流プラザ","startDate":null}},{"type":"Feature","geometry":{"type":"Polygon","coordinates":[[[139.793106,35.6575051],[139.7924198,35.6570573],[139.7921674,35.6573126],[139.7928537,35.6577604],[139.793106,35.6575051]]]},"properties":{"id":1426150497,"height":57.6,"heightSource":"levels","kind":"office","name":"きんでん豊洲ビル","startDate":null}},{"type":"Feature","geometry":{"type":"Polygon","coordinates":[[[139.7927492,35.6567127],[139.7933482,35.6561136],[139.7940298,35.6565636],[139.7934308,35.6571627],[139.7927492,35.6567127]]]},"properties":{"id":1426150498,"height":48,"heightSource":"levels","kind":"office","name":"豊洲セイルパークビル","startDate":null}},{"type":"Feature","geometry":{"type":"Polygon","coordinates":[[[139.7899373,35.6508972],[139.7899562,35.6509313],[139.789996,35.6509167],[139.7899771,35.6508826],[139.7899373,35.6508972]]]},"properties":{"id":1427078841,"height":10,"heightSource":"default","kind":"yes","name":null,"startDate":null}},{"type":"Feature","geometry":{"type":"Polygon","coordinates":[[[139.7900469,35.6507032],[139.7900886,35.6506874],[139.7900701,35.6506552],[139.7900284,35.6506711],[139.7900469,35.6507032]]]},"properties":{"id":1427078842,"height":10,"heightSource":"default","kind":"yes","name":null,"startDate":null}},{"type":"Feature","geometry":{"type":"Polygon","coordinates":[[[139.7903079,35.6507323],[139.7903316,35.6507643],[139.790369,35.650746],[139.7903453,35.650714],[139.7903079,35.6507323]]]},"properties":{"id":1427078843,"height":10,"heightSource":"default","kind":"yes","name":null,"startDate":null}},{"type":"Feature","geometry":{"type":"Polygon","coordinates":[[[139.7901285,35.6510175],[139.7901744,35.6510198],[139.790177,35.6509844],[139.7901311,35.6509821],[139.7901285,35.6510175]]]},"properties":{"id":1427078844,"height":10,"heightSource":"default","kind":"yes","name":null,"startDate":null}},{"type":"Feature","geometry":{"type":"Polygon","coordinates":[[[139.7899206,35.6508088],[139.7899201,35.6508462],[139.7899637,35.6508466],[139.7899643,35.6508092],[139.7899206,35.6508088]]]},"properties":{"id":1427078845,"height":10,"heightSource":"default","kind":"yes","name":null,"startDate":null}},{"type":"Feature","geometry":{"type":"Polygon","coordinates":[[[139.7899317,35.6507555],[139.7899713,35.6507746],[139.7899935,35.6507441],[139.789954,35.650725],[139.7899317,35.6507555]]]},"properties":{"id":1427078846,"height":10,"heightSource":"default","kind":"yes","name":null,"startDate":null}},{"type":"Feature","geometry":{"type":"Polygon","coordinates":[[[139.7902235,35.6509711],[139.7902483,35.6510026],[139.7902851,35.6509835],[139.7902603,35.650952],[139.7902235,35.6509711]]]},"properties":{"id":1427078847,"height":10,"heightSource":"default","kind":"yes","name":null,"startDate":null}},{"type":"Feature","geometry":{"type":"Polygon","coordinates":[[[139.7901362,35.650678],[139.7901822,35.6506778],[139.790182,35.6506423],[139.790136,35.6506425],[139.7901362,35.650678]]]},"properties":{"id":1427078848,"height":10,"heightSource":"default","kind":"yes","name":null,"startDate":null}},{"type":"Feature","geometry":{"type":"Polygon","coordinates":[[[139.7902308,35.6506849],[139.7902704,35.650704],[139.7902927,35.6506735],[139.7902531,35.6506544],[139.7902308,35.6506849]]]},"properties":{"id":1427078849,"height":10,"heightSource":"default","kind":"yes","name":null,"startDate":null}},{"type":"Feature","geometry":{"type":"Polygon","coordinates":[[[139.7893752,35.6499199],[139.7893965,35.6498988],[139.7892666,35.6498126],[139.7892453,35.6498337],[139.7893752,35.6499199]]]},"properties":{"id":1427078850,"height":10,"heightSource":"default","kind":"yes","name":null,"startDate":null}},{"type":"Feature","geometry":{"type":"Polygon","coordinates":[[[139.7897974,35.6506517],[139.7898347,35.6506462],[139.7898287,35.6506196],[139.7897915,35.650625],[139.7897974,35.6506517]]]},"properties":{"id":1427078851,"height":10,"heightSource":"default","kind":"yes","name":null,"startDate":null}},{"type":"Feature","geometry":{"type":"Polygon","coordinates":[[[139.7897578,35.6507131],[139.7897839,35.6507354],[139.789808,35.6507167],[139.789782,35.6506944],[139.7897578,35.6507131]]]},"properties":{"id":1427078852,"height":10,"heightSource":"default","kind":"yes","name":null,"startDate":null}},{"type":"Feature","geometry":{"type":"Polygon","coordinates":[[[139.7895931,35.6506898],[139.7896304,35.6506844],[139.7896244,35.6506577],[139.7895872,35.6506632],[139.7895931,35.6506898]]]},"properties":{"id":1427078853,"height":10,"heightSource":"default","kind":"yes","name":null,"startDate":null}},{"type":"Feature","geometry":{"type":"Polygon","coordinates":[[[139.7896162,35.6505939],[139.7896438,35.6506149],[139.7896666,35.6505951],[139.789639,35.6505741],[139.7896162,35.6505939]]]},"properties":{"id":1427078854,"height":10,"heightSource":"default","kind":"yes","name":null,"startDate":null}},{"type":"Feature","geometry":{"type":"Polygon","coordinates":[[[139.7900377,35.6507661],[139.7902463,35.6509018],[139.7902618,35.650886],[139.7900533,35.6507503],[139.7900377,35.6507661]]]},"properties":{"id":1427078855,"height":10,"heightSource":"default","kind":"yes","name":null,"startDate":null}},{"type":"Feature","geometry":{"type":"Polygon","coordinates":[[[139.7897256,35.6501926],[139.7897552,35.6501613],[139.7896967,35.6501248],[139.7896671,35.6501561],[139.7897256,35.6501926]]]},"properties":{"id":1427078856,"height":10,"heightSource":"default","kind":"yes","name":null,"startDate":null}},{"type":"Feature","geometry":{"type":"Polygon","coordinates":[[[139.7897516,35.6505923],[139.7897634,35.6505631],[139.7897317,35.6505547],[139.7897199,35.6505839],[139.7897516,35.6505923]]]},"properties":{"id":1427078857,"height":10,"heightSource":"default","kind":"yes","name":null,"startDate":null}},{"type":"Feature","geometry":{"type":"Polygon","coordinates":[[[139.7901787,35.6504405],[139.7902638,35.6503554],[139.7901643,35.6502897],[139.7900792,35.6503748],[139.7901787,35.6504405]]]},"properties":{"id":1427078858,"height":10,"heightSource":"default","kind":"yes","name":null,"startDate":null}},{"type":"Feature","geometry":{"type":"Polygon","coordinates":[[[139.7939605,35.6622525],[139.7939627,35.6622147],[139.7942336,35.6620204],[139.7942036,35.6619928],[139.7939358,35.6621849],[139.7938868,35.6621829],[139.7938844,35.6622217],[139.7936095,35.6624188],[139.7936395,35.6624465],[139.7939127,35.6622506],[139.7939605,35.6622525]]]},"properties":{"id":1427091482,"height":4,"heightSource":"default","kind":"roof","name":null,"startDate":null}},{"type":"Feature","geometry":{"type":"Polygon","coordinates":[[[139.7942173,35.6617273],[139.7941907,35.6617622],[139.7941734,35.6618007],[139.7941661,35.6618413],[139.7941691,35.6618822],[139.7941824,35.6619218],[139.7942052,35.6619584],[139.7942367,35.6619904],[139.7942756,35.6620166],[139.7943203,35.6620358],[139.7943688,35.6620472],[139.7944191,35.6620503],[139.7944692,35.6620451],[139.794517,35.6620317],[139.7945604,35.6620107],[139.7945976,35.6619829],[139.794627,35.6619495],[139.7946476,35.661912],[139.7946582,35.6618719],[139.7946586,35.6618309],[139.7946487,35.6617906],[139.794629,35.6617528],[139.7946002,35.6617191],[139.7945602,35.6616888],[139.7945129,35.6616664],[139.7944608,35.661653],[139.7944063,35.6616492],[139.7943522,35.6616553],[139.794301,35.6616709],[139.7942553,35.6616953],[139.7942173,35.6617273]]]},"properties":{"id":1427091484,"height":10,"heightSource":"default","kind":"yes","name":null,"startDate":null}},{"type":"Feature","geometry":{"type":"Polygon","coordinates":[[[139.7923753,35.6610555],[139.7925402,35.6610686],[139.7925759,35.6607712],[139.7924929,35.6607646],[139.7924994,35.6607105],[139.7924175,35.660704],[139.7923753,35.6610555]]]},"properties":{"id":1427091485,"height":10,"heightSource":"default","kind":"yes","name":null,"startDate":null}},{"type":"Feature","geometry":{"type":"Polygon","coordinates":[[[139.7926743,35.6608267],[139.7927385,35.6607778],[139.7923686,35.6604573],[139.7923044,35.6605062],[139.7926743,35.6608267]]]},"properties":{"id":1427091486,"height":10,"heightSource":"default","kind":"yes","name":null,"startDate":null}},{"type":"Feature","geometry":{"type":"Polygon","coordinates":[[[139.7924209,35.6604246],[139.7927856,35.6607406],[139.7929138,35.660643],[139.792549,35.660327],[139.7924209,35.6604246]]]},"properties":{"id":1427091487,"height":10,"heightSource":"default","kind":"yes","name":null,"startDate":null}},{"type":"Feature","geometry":{"type":"Polygon","coordinates":[[[139.7956517,35.654899],[139.7952402,35.6553218],[139.7952085,35.6553448],[139.7951746,35.6553505],[139.7951413,35.6553487],[139.7949128,35.6552003],[139.7948943,35.6551697],[139.7949011,35.6551363],[139.7951741,35.6548591],[139.7951606,35.6548394],[139.7948771,35.655132],[139.7948717,35.6551702],[139.7948869,35.6552097],[139.7951271,35.6553685],[139.7951735,35.6553731],[139.7952224,35.6553643],[139.79526,35.6553367],[139.7956767,35.6549139],[139.7956517,35.654899]]]},"properties":{"id":1444089233,"height":4,"heightSource":"default","kind":"roof","name":null,"startDate":null}},{"type":"Feature","geometry":{"type":"Polygon","coordinates":[[[139.7958495,35.6547386],[139.7958314,35.6547557],[139.7955196,35.6545486],[139.7955038,35.6545458],[139.79548,35.6545507],[139.7953286,35.6547016],[139.7953091,35.6546885],[139.795467,35.6545338],[139.7954838,35.6545279],[139.7955005,35.6545219],[139.7955349,35.654527],[139.7958495,35.6547386]]]},"properties":{"id":1444089234,"height":4,"heightSource":"default","kind":"roof","name":null,"startDate":null}},{"type":"Feature","geometry":{"type":"Polygon","coordinates":[[[139.7950066,35.6545031],[139.7949817,35.6545308],[139.7949658,35.6545619],[139.7949601,35.6545842],[139.7951254,35.6547775],[139.7951606,35.6548186],[139.7951531,35.6548292],[139.7951606,35.6548394],[139.7951741,35.6548591],[139.7953286,35.6547016],[139.7953091,35.6546885],[139.7952975,35.6546792],[139.7952901,35.6546871],[139.7950066,35.6545031]]]},"properties":{"id":1444089235,"height":10,"heightSource":"default","kind":"yes","name":null,"startDate":null}},{"type":"Feature","geometry":{"type":"Polygon","coordinates":[[[139.804674,35.6622039],[139.8049741,35.6623641],[139.8052037,35.6620803],[139.8049444,35.6619417],[139.804912,35.6619452],[139.8048919,35.6619345],[139.804674,35.6622039]]]},"properties":{"id":1484017822,"height":10,"heightSource":"default","kind":"yes","name":null,"startDate":null}},{"type":"Feature","geometry":{"type":"Polygon","coordinates":[[[139.8044441,35.6620834],[139.8045198,35.6620879],[139.8045329,35.6619445],[139.8044835,35.6619415],[139.8044934,35.6618331],[139.8044422,35.66183],[139.8044562,35.6616767],[139.8042845,35.6616664],[139.8042776,35.6617421],[139.8042254,35.661739],[139.8042325,35.6616608],[139.8040566,35.6616502],[139.8040415,35.6618151],[139.8040533,35.6618183],[139.8040489,35.6618685],[139.8041153,35.6618724],[139.8041134,35.6618936],[139.8042057,35.661899],[139.8042162,35.661779],[139.8042736,35.6617823],[139.8042686,35.6618388],[139.8043254,35.6618421],[139.8043238,35.661861],[139.8042741,35.6618581],[139.8042718,35.6618831],[139.8043173,35.6618858],[139.8043169,35.6618899],[139.8042662,35.6618868],[139.8042613,35.6619384],[139.8043094,35.6619414],[139.8043078,35.6619576],[139.8043649,35.6619612],[139.8043583,35.6620309],[139.8043738,35.6620319],[139.804373,35.6620406],[139.8044119,35.6620431],[139.8044107,35.6620559],[139.8044234,35.6620607],[139.8044226,35.6620702],[139.8044452,35.6620716],[139.8044441,35.6620834]]]},"properties":{"id":1484017823,"height":10,"heightSource":"default","kind":"yes","name":null,"startDate":null}}]}