{"type":"FeatureCollection","metadata":{"bbox":{"s":35.648,"w":139.788,"n":35.662,"e":139.806},"zoom":16,"source":"国土地理院「明治期の低湿地」タイルより生成","classes":"河川・湖沼・海面 / 干潟・砂浜","waterRatio":0.9528,"classCounts":{"砂礫地":0,"泥地":0,"泥炭地":0,"湿地":138,"干潟・砂浜":180087,"河川・湖沼・海面":1068707,"田":0,"深田":0,"塩田":0,"草地":0,"荒地":0,"ヨシ":0,"茅":61788,"堤防":0},"classifiedPixels":1310720,"transparentPixels":0,"unknownPixels":0,"note":"ラスタ画素を分類し、水域だけを重ならない矩形に分解したもの。位置精度は原典に依存する。"},"features":[{"type":"Feature","properties":{},"geometry":{"type":"Polygon","coordinates":[[[139.7845458984375,35.666222341034775],[139.79254961013794,35.666222341034775],[139.79254961013794,35.64390523787731],[139.7845458984375,35.64390523787731],[139.7845458984375,35.666222341034775]]]}},{"type":"Feature","properties":{},"geometry":{"type":"Polygon","coordinates":[[[139.7996950149536,35.666222341034775],[139.8065185546875,35.666222341034775],[139.8065185546875,35.666204908232075],[139.7996950149536,35.666204908232075],[139.7996950149536,35.666222341034775]]]}},{"type":"Feature","properties":{},"geometry":{"type":"Polygon","coordinates":[[[139.79254961013794,35.666204908232075],[139.79257106781006,35.666204908232075],[139.79257106781006,35.64390523787731],[139.79254961013794,35.64390523787731],[139.79254961013794,35.666204908232075]]]}},{"type":"Feature","properties":{},"geometry":{"type":"Polygon","coordinates":[[[139.79971647262573,35.666204908232075],[139.8065185546875,35.666204908232075],[139.8065185546875,35.66613517698318],[139.79971647262573,35.66613517698318],[139.79971647262573,35.666204908232075]]]}},{"type":"Feature","properties":{},"geometry":{"type":"Polygon","coordinates":[[[139.79257106781006,35.66618747542555],[139.79259252548218,35.66618747542555],[139.79259252548218,35.64390523787731],[139.79257106781006,35.64390523787731],[139.79257106781006,35.66618747542555]]]}},{"type":"Feature","properties":{},"geometry":{"type":"Polygon","coordinates":[[[139.79259252548218,35.6661526098011],[139.7926139831543,35.6661526098011],[139.7926139831543,35.64390523787731],[139.79259252548218,35.64390523787731],[139.79259252548218,35.6661526098011]]]}},{"type":"Feature","properties":{},"geometry":{"type":"Polygon","coordinates":[[[139.7926139831543,35.66613517698318],[139.79263544082642,35.66613517698318],[139.79263544082642,35.64390523787731],[139.7926139831543,35.64390523787731],[139.7926139831543,35.66613517698318]]]}},{"type":"Feature","properties":{},"geometry":{"type":"Polygon","coordinates":[[[139.79973793029785,35.66613517698318],[139.8065185546875,35.66613517698318],[139.8065185546875,35.66604801283641],[139.79973793029785,35.66604801283641],[139.79973793029785,35.66613517698318]]]}},{"type":"Feature","properties":{},"geometry":{"type":"Polygon","coordinates":[[[139.79263544082642,35.66611774416144],[139.79265689849854,35.66611774416144],[139.79265689849854,35.64390523787731],[139.79263544082642,35.64390523787731],[139.79263544082642,35.66611774416144]]]}},{"type":"Feature","properties":{},"geometry":{"type":"Polygon","coordinates":[[[139.79265689849854,35.666100311335896],[139.79267835617065,35.666100311335896],[139.79267835617065,35.64390523787731],[139.79265689849854,35.64390523787731],[139.79265689849854,35.666100311335896]]]}},{"type":"Feature","properties":{},"geometry":{"type":"Polygon","coordinates":[[[139.79267835617065,35.66606544567337],[139.79269981384277,35.66606544567337],[139.79269981384277,35.64390523787731],[139.79267835617065,35.64390523787731],[139.79267835617065,35.66606544567337]]]}},{"type":"Feature","properties":{},"geometry":{"type":"Polygon","coordinates":[[[139.79269981384277,35.66604801283641],[139.7927212715149,35.66604801283641],[139.7927212715149,35.64390523787731],[139.79269981384277,35.64390523787731],[139.79269981384277,35.66604801283641]]]}},{"type":"Feature","properties":{},"geometry":{"type":"Polygon","coordinates":[[[139.79975938796997,35.66604801283641],[139.8065185546875,35.66604801283641],[139.8065185546875,35.666013147151055],[139.79975938796997,35.666013147151055],[139.79975938796997,35.66604801283641]]]}},{"type":"Feature","properties":{},"geometry":{"type":"Polygon","coordinates":[[[139.7927212715149,35.66603057999563],[139.792742729187,35.66603057999563],[139.792742729187,35.64390523787731],[139.7927212715149,35.64390523787731],[139.7927212715149,35.66603057999563]]]}},{"type":"Feature","properties":{},"geometry":{"type":"Polygon","coordinates":[[[139.792742729187,35.666013147151055],[139.79276418685913,35.666013147151055],[139.79276418685913,35.64390523787731],[139.792742729187,35.64390523787731],[139.792742729187,35.666013147151055]]]}},{"type":"Feature","properties":{},"geometry":{"type":"Polygon","coordinates":[[[139.7997808456421,35.666013147151055],[139.8065185546875,35.666013147151055],[139.8065185546875,35.66599571430266],[139.7997808456421,35.66599571430266],[139.7997808456421,35.666013147151055]]]}},{"type":"Feature","properties":{},"geometry":{"type":"Polygon","coordinates":[[[139.7998023033142,35.66599571430266],[139.8065185546875,35.66599571430266],[139.8065185546875,35.665960848594466],[139.7998023033142,35.665960848594466],[139.7998023033142,35.66599571430266]]]}},{"type":"Feature","properties":{},"geometry":{"type":"Polygon","coordinates":[[[139.79276418685913,35.66597828145047],[139.79278564453125,35.66597828145047],[139.79278564453125,35.64390523787731],[139.79276418685913,35.64390523787731],[139.79276418685913,35.66597828145047]]]}},{"type":"Feature","properties":{},"geometry":{"type":"Polygon","coordinates":[[[139.79278564453125,35.665960848594466],[139.79280710220337,35.665960848594466],[139.79280710220337,35.64390523787731],[139.79278564453125,35.64390523787731],[139.79278564453125,35.665960848594466]]]}},{"type":"Feature","properties":{},"geometry":{"type":"Polygon","coordinates":[[[139.79982376098633,35.665960848594466],[139.8065185546875,35.665960848594466],[139.8065185546875,35.66592598287105],[139.79982376098633,35.66592598287105],[139.79982376098633,35.665960848594466]]]}},{"type":"Feature","properties":{},"geometry":{"type":"Polygon","coordinates":[[[139.79280710220337,35.66594341573467],[139.7928285598755,35.66594341573467],[139.7928285598755,35.64390523787731],[139.79280710220337,35.64390523787731],[139.79280710220337,35.66594341573467]]]}},{"type":"Feature","properties":{},"geometry":{"type":"Polygon","coordinates":[[[139.79984521865845,35.66592598287105],[139.8065185546875,35.66592598287105],[139.8065185546875,35.6658911171324],[139.79984521865845,35.6658911171324],[139.79984521865845,35.66592598287105]]]}},{"type":"Feature","properties":{},"geometry":{"type":"Polygon","coordinates":[[[139.7928285598755,35.66590855000363],[139.7928500175476,35.66590855000363],[139.7928500175476,35.64390523787731],[139.7928285598755,35.64390523787731],[139.7928285598755,35.66590855000363]]]}},{"type":"Feature","properties":{},"geometry":{"type":"Polygon","coordinates":[[[139.7928500175476,35.6658911171324],[139.79287147521973,35.6658911171324],[139.79287147521973,35.64390523787731],[139.7928500175476,35.64390523787731],[139.7928500175476,35.6658911171324]]]}},{"type":"Feature","properties":{},"geometry":{"type":"Polygon","coordinates":[[[139.79986667633057,35.6658911171324],[139.8065185546875,35.6658911171324],[139.8065185546875,35.665873684257384],[139.79986667633057,35.665873684257384],[139.79986667633057,35.6658911171324]]]}},{"type":"Feature","properties":{},"geometry":{"type":"Polygon","coordinates":[[[139.79287147521973,35.665873684257384],[139.79289293289185,35.665873684257384],[139.79289293289185,35.64390523787731],[139.79287147521973,35.64390523787731],[139.79287147521973,35.665873684257384]]]}},{"type":"Feature","properties":{},"geometry":{"type":"Polygon","coordinates":[[[139.79988813400269,35.665873684257384],[139.8065185546875,35.665873684257384],[139.8065185546875,35.66583881849589],[139.79988813400269,35.66583881849589],[139.79988813400269,35.665873684257384]]]}},{"type":"Feature","properties":{},"geometry":{"type":"Polygon","coordinates":[[[139.79289293289185,35.66585625137853],[139.79291439056396,35.66585625137853],[139.79291439056396,35.64390523787731],[139.79289293289185,35.64390523787731],[139.79289293289185,35.66585625137853]]]}},{"type":"Feature","properties":{},"geometry":{"type":"Polygon","coordinates":[[[139.7999095916748,35.66583881849589],[139.8065185546875,35.66583881849589],[139.8065185546875,35.66580395271916],[139.7999095916748,35.66580395271916],[139.7999095916748,35.66583881849589]]]}},{"type":"Feature","properties":{},"geometry":{"type":"Polygon","coordinates":[[[139.79291439056396,35.665821385609426],[139.79293584823608,35.665821385609426],[139.79293584823608,35.64390523787731],[139.79291439056396,35.64390523787731],[139.79291439056396,35.665821385609426]]]}},{"type":"Feature","properties":{},"geometry":{"type":"Polygon","coordinates":[[[139.79293584823608,35.66580395271916],[139.7929573059082,35.66580395271916],[139.7929573059082,35.64390523787731],[139.79293584823608,35.64390523787731],[139.79293584823608,35.66580395271916]]]}},{"type":"Feature","properties":{},"geometry":{"type":"Polygon","coordinates":[[[139.79993104934692,35.66580395271916],[139.8065185546875,35.66580395271916],[139.8065185546875,35.66576908692723],[139.79993104934692,35.66576908692723],[139.79993104934692,35.66580395271916]]]}},{"type":"Feature","properties":{},"geometry":{"type":"Polygon","coordinates":[[[139.7929573059082,35.665786519825105],[139.79297876358032,35.665786519825105],[139.79297876358032,35.64390523787731],[139.7929573059082,35.64390523787731],[139.7929573059082,35.665786519825105]]]}},{"type":"Feature","properties":{},"geometry":{"type":"Polygon","coordinates":[[[139.79297876358032,35.66576908692723],[139.79300022125244,35.66576908692723],[139.79300022125244,35.64390523787731],[139.79297876358032,35.64390523787731],[139.79297876358032,35.66576908692723]]]}},{"type":"Feature","properties":{},"geometry":{"type":"Polygon","coordinates":[[[139.79995250701904,35.66576908692723],[139.8065185546875,35.66576908692723],[139.8065185546875,35.66573422112006],[139.79995250701904,35.66573422112006],[139.79995250701904,35.66576908692723]]]}},{"type":"Feature","properties":{},"geometry":{"type":"Polygon","coordinates":[[[139.79300022125244,35.66573422112006],[139.79302167892456,35.66573422112006],[139.79302167892456,35.64390523787731],[139.79300022125244,35.64390523787731],[139.79300022125244,35.66573422112006]]]}},{"type":"Feature","properties":{},"geometry":{"type":"Polygon","coordinates":[[[139.79997396469116,35.66573422112006],[139.8065185546875,35.66573422112006],[139.8065185546875,35.66571678821077],[139.79997396469116,35.66571678821077],[139.79997396469116,35.66573422112006]]]}},{"type":"Feature","properties":{},"geometry":{"type":"Polygon","coordinates":[[[139.79302167892456,35.66571678821077],[139.79304313659668,35.66571678821077],[139.79304313659668,35.64390523787731],[139.79302167892456,35.64390523787731],[139.79302167892456,35.66571678821077]]]}},{"type":"Feature","properties":{},"geometry":{"type":"Polygon","coordinates":[[[139.79999542236328,35.66571678821077],[139.8065185546875,35.66571678821077],[139.8065185546875,35.66568192238076],[139.79999542236328,35.66568192238076],[139.79999542236328,35.66571678821077]]]}},{"type":"Feature","properties":{},"geometry":{"type":"Polygon","coordinates":[[[139.79304313659668,35.66569935529766],[139.7930645942688,35.66569935529766],[139.7930645942688,35.64390523787731],[139.79304313659668,35.64390523787731],[139.79304313659668,35.66569935529766]]]}},{"type":"Feature","properties":{},"geometry":{"type":"Polygon","coordinates":[[[139.7930645942688,35.66568192238076],[139.79308605194092,35.66568192238076],[139.79308605194092,35.64390523787731],[139.7930645942688,35.64390523787731],[139.7930645942688,35.66568192238076]]]}},{"type":"Feature","properties":{},"geometry":{"type":"Polygon","coordinates":[[[139.8000168800354,35.66568192238076],[139.8065185546875,35.66568192238076],[139.8065185546875,35.66566448946004],[139.8000168800354,35.66566448946004],[139.8000168800354,35.66568192238076]]]}},{"type":"Feature","properties":{},"geometry":{"type":"Polygon","coordinates":[[[139.80003833770752,35.66566448946004],[139.8065185546875,35.66566448946004],[139.8065185546875,35.66564705653554],[139.80003833770752,35.66564705653554],[139.80003833770752,35.66566448946004]]]}},{"type":"Feature","properties":{},"geometry":{"type":"Polygon","coordinates":[[[139.79308605194092,35.66564705653554],[139.79310750961304,35.66564705653554],[139.79310750961304,35.64390523787731],[139.79308605194092,35.64390523787731],[139.79308605194092,35.66564705653554]]]}},{"type":"Feature","properties":{},"geometry":{"type":"Polygon","coordinates":[[[139.80005979537964,35.66564705653554],[139.8065185546875,35.66564705653554],[139.8065185546875,35.6656296236072],[139.80005979537964,35.6656296236072],[139.80005979537964,35.66564705653554]]]}},{"type":"Feature","properties":{},"geometry":{"type":"Polygon","coordinates":[[[139.79310750961304,35.6656296236072],[139.79312896728516,35.6656296236072],[139.79312896728516,35.64390523787731],[139.79310750961304,35.64390523787731],[139.79310750961304,35.6656296236072]]]}},{"type":"Feature","properties":{},"geometry":{"type":"Polygon","coordinates":[[[139.80008125305176,35.6656296236072],[139.8065185546875,35.6656296236072],[139.8065185546875,35.665612190675084],[139.80008125305176,35.665612190675084],[139.80008125305176,35.6656296236072]]]}},{"type":"Feature","properties":{},"geometry":{"type":"Polygon","coordinates":[[[139.79312896728516,35.665612190675084],[139.79315042495728,35.665612190675084],[139.79315042495728,35.64390523787731],[139.79312896728516,35.64390523787731],[139.79312896728516,35.665612190675084]]]}},{"type":"Feature","properties":{},"geometry":{"type":"Polygon","coordinates":[[[139.80010271072388,35.665612190675084],[139.8065185546875,35.665612190675084],[139.8065185546875,35.665594757739136],[139.80010271072388,35.665594757739136],[139.80010271072388,35.665612190675084]]]}},{"type":"Feature","properties":{},"geometry":{"type":"Polygon","coordinates":[[[139.79315042495728,35.665594757739136],[139.7931718826294,35.665594757739136],[139.7931718826294,35.64390523787731],[139.79315042495728,35.64390523787731],[139.79315042495728,35.665594757739136]]]}},{"type":"Feature","properties":{},"geometry":{"type":"Polygon","coordinates":[[[139.800124168396,35.665594757739136],[139.8065185546875,35.665594757739136],[139.8065185546875,35.6655773247994],[139.800124168396,35.6655773247994],[139.800124168396,35.665594757739136]]]}},{"type":"Feature","properties":{},"geometry":{"type":"Polygon","coordinates":[[[139.80014562606812,35.6655773247994],[139.8065185546875,35.6655773247994],[139.8065185546875,35.66555989185583],[139.80014562606812,35.66555989185583],[139.80014562606812,35.6655773247994]]]}},{"type":"Feature","properties":{},"geometry":{"type":"Polygon","coordinates":[[[139.7931718826294,35.66555989185583],[139.7931933403015,35.66555989185583],[139.7931933403015,35.64390523787731],[139.7931718826294,35.64390523787731],[139.7931718826294,35.66555989185583]]]}},{"type":"Feature","properties":{},"geometry":{"type":"Polygon","coordinates":[[[139.80016708374023,35.66555989185583],[139.8065185546875,35.66555989185583],[139.8065185546875,35.66554245890846],[139.80016708374023,35.66554245890846],[139.80016708374023,35.66555989185583]]]}},{"type":"Feature","properties":{},"geometry":{"type":"Polygon","coordinates":[[[139.7931933403015,35.66554245890846],[139.79321479797363,35.66554245890846],[139.79321479797363,35.64390523787731],[139.7931933403015,35.64390523787731],[139.7931933403015,35.66554245890846]]]}},{"type":"Feature","properties":{},"geometry":{"type":"Polygon","coordinates":[[[139.80018854141235,35.66554245890846],[139.8065185546875,35.66554245890846],[139.8065185546875,35.66552502595731],[139.80018854141235,35.66552502595731],[139.80018854141235,35.66554245890846]]]}},{"type":"Feature","properties":{},"geometry":{"type":"Polygon","coordinates":[[[139.79321479797363,35.66552502595731],[139.79323625564575,35.66552502595731],[139.79323625564575,35.64390523787731],[139.79321479797363,35.64390523787731],[139.79321479797363,35.66552502595731]]]}},{"type":"Feature","properties":{},"geometry":{"type":"Polygon","coordinates":[[[139.80020999908447,35.66552502595731],[139.8065185546875,35.66552502595731],[139.8065185546875,35.665507593002324],[139.80020999908447,35.665507593002324],[139.80020999908447,35.66552502595731]]]}},{"type":"Feature","properties":{},"geometry":{"type":"Polygon","coordinates":[[[139.79323625564575,35.665507593002324],[139.79325771331787,35.665507593002324],[139.79325771331787,35.64390523787731],[139.79323625564575,35.64390523787731],[139.79323625564575,35.665507593002324]]]}},{"type":"Feature","properties":{},"geometry":{"type":"Polygon","coordinates":[[[139.8002529144287,35.665507593002324],[139.8065185546875,35.665507593002324],[139.8065185546875,35.66549016004356],[139.8002529144287,35.66549016004356],[139.8002529144287,35.665507593002324]]]}},{"type":"Feature","properties":{},"geometry":{"type":"Polygon","coordinates":[[[139.80027437210083,35.66549016004356],[139.8065185546875,35.66549016004356],[139.8065185546875,35.66547272708096],[139.80027437210083,35.66547272708096],[139.80027437210083,35.66549016004356]]]}},{"type":"Feature","properties":{},"geometry":{"type":"Polygon","coordinates":[[[139.79325771331787,35.66547272708096],[139.79327917099,35.66547272708096],[139.79327917099,35.64390523787731],[139.79325771331787,35.64390523787731],[139.79325771331787,35.66547272708096]]]}},{"type":"Feature","properties":{},"geometry":{"type":"Polygon","coordinates":[[[139.80029582977295,35.66547272708096],[139.8065185546875,35.66547272708096],[139.8065185546875,35.66545529411458],[139.80029582977295,35.66545529411458],[139.80029582977295,35.66547272708096]]]}},{"type":"Feature","properties":{},"geometry":{"type":"Polygon","coordinates":[[[139.79327917099,35.66545529411458],[139.7933006286621,35.66545529411458],[139.7933006286621,35.64390523787731],[139.79327917099,35.64390523787731],[139.79327917099,35.66545529411458]]]}},{"type":"Feature","properties":{},"geometry":{"type":"Polygon","coordinates":[[[139.80031728744507,35.66545529411458],[139.8065185546875,35.66545529411458],[139.8065185546875,35.665437861144376],[139.80031728744507,35.665437861144376],[139.80031728744507,35.66545529411458]]]}},{"type":"Feature","properties":{},"geometry":{"type":"Polygon","coordinates":[[[139.7933006286621,35.665437861144376],[139.79332208633423,35.665437861144376],[139.79332208633423,35.64390523787731],[139.7933006286621,35.64390523787731],[139.7933006286621,35.665437861144376]]]}},{"type":"Feature","properties":{},"geometry":{"type":"Polygon","coordinates":[[[139.8003387451172,35.665437861144376],[139.8065185546875,35.665437861144376],[139.8065185546875,35.66542042817038],[139.8003387451172,35.66542042817038],[139.8003387451172,35.665437861144376]]]}},{"type":"Feature","properties":{},"geometry":{"type":"Polygon","coordinates":[[[139.79332208633423,35.66542042817038],[139.79334354400635,35.66542042817038],[139.79334354400635,35.64390523787731],[139.79332208633423,35.64390523787731],[139.79332208633423,35.66542042817038]]]}},{"type":"Feature","properties":{},"geometry":{"type":"Polygon","coordinates":[[[139.8003602027893,35.66542042817038],[139.8065185546875,35.66542042817038],[139.8065185546875,35.66540299519255],[139.8003602027893,35.66540299519255],[139.8003602027893,35.66542042817038]]]}},{"type":"Feature","properties":{},"geometry":{"type":"Polygon","coordinates":[[[139.80038166046143,35.66540299519255],[139.8065185546875,35.66540299519255],[139.8065185546875,35.66538556221095],[139.80038166046143,35.66538556221095],[139.80038166046143,35.66540299519255]]]}},{"type":"Feature","properties":{},"geometry":{"type":"Polygon","coordinates":[[[139.79334354400635,35.66538556221095],[139.79336500167847,35.66538556221095],[139.79336500167847,35.64390523787731],[139.79334354400635,35.64390523787731],[139.79334354400635,35.66538556221095]]]}},{"type":"Feature","properties":{},"geometry":{"type":"Polygon","coordinates":[[[139.80040311813354,35.66538556221095],[139.8065185546875,35.66538556221095],[139.8065185546875,35.66536812922552],[139.80040311813354,35.66536812922552],[139.80040311813354,35.66538556221095]]]}},{"type":"Feature","properties":{},"geometry":{"type":"Polygon","coordinates":[[[139.79336500167847,35.66536812922552],[139.7933864593506,35.66536812922552],[139.7933864593506,35.64390523787731],[139.79336500167847,35.64390523787731],[139.79336500167847,35.66536812922552]]]}},{"type":"Feature","properties":{},"geometry":{"type":"Polygon","coordinates":[[[139.80042457580566,35.66536812922552],[139.8065185546875,35.66536812922552],[139.8065185546875,35.6653506962363],[139.80042457580566,35.6653506962363],[139.80042457580566,35.66536812922552]]]}},{"type":"Feature","properties":{},"geometry":{"type":"Polygon","coordinates":[[[139.7933864593506,35.6653506962363],[139.7934079170227,35.6653506962363],[139.7934079170227,35.64390523787731],[139.7933864593506,35.64390523787731],[139.7933864593506,35.6653506962363]]]}},{"type":"Feature","properties":{},"geometry":{"type":"Polygon","coordinates":[[[139.80044603347778,35.6653506962363],[139.8065185546875,35.6653506962363],[139.8065185546875,35.665333263243255],[139.80044603347778,35.665333263243255],[139.80044603347778,35.6653506962363]]]}},{"type":"Feature","properties":{},"geometry":{"type":"Polygon","coordinates":[[[139.8004674911499,35.665333263243255],[139.8065185546875,35.665333263243255],[139.8065185546875,35.66531583024641],[139.8004674911499,35.66531583024641],[139.8004674911499,35.665333263243255]]]}},{"type":"Feature","properties":{},"geometry":{"type":"Polygon","coordinates":[[[139.7934079170227,35.66531583024641],[139.79342937469482,35.66531583024641],[139.79342937469482,35.64390523787731],[139.7934079170227,35.64390523787731],[139.7934079170227,35.66531583024641]]]}},{"type":"Feature","properties":{},"geometry":{"type":"Polygon","coordinates":[[[139.80048894882202,35.66531583024641],[139.8065185546875,35.66531583024641],[139.8065185546875,35.66529839724575],[139.80048894882202,35.66529839724575],[139.80048894882202,35.66531583024641]]]}},{"type":"Feature","properties":{},"geometry":{"type":"Polygon","coordinates":[[[139.79342937469482,35.66529839724575],[139.79345083236694,35.66529839724575],[139.79345083236694,35.64390523787731],[139.79342937469482,35.64390523787731],[139.79342937469482,35.66529839724575]]]}},{"type":"Feature","properties":{},"geometry":{"type":"Polygon","coordinates":[[[139.80053186416626,35.66529839724575],[139.8065185546875,35.66529839724575],[139.8065185546875,35.665280964241305],[139.80053186416626,35.665280964241305],[139.80053186416626,35.66529839724575]]]}},{"type":"Feature","properties":{},"geometry":{"type":"Polygon","coordinates":[[[139.79345083236694,35.665280964241305],[139.79347229003906,35.665280964241305],[139.79347229003906,35.64390523787731],[139.79345083236694,35.64390523787731],[139.79345083236694,35.665280964241305]]]}},{"type":"Feature","properties":{},"geometry":{"type":"Polygon","coordinates":[[[139.80055332183838,35.665280964241305],[139.8065185546875,35.665280964241305],[139.8065185546875,35.66526353123303],[139.80055332183838,35.66526353123303],[139.80055332183838,35.665280964241305]]]}},{"type":"Feature","properties":{},"geometry":{"type":"Polygon","coordinates":[[[139.79347229003906,35.66526353123303],[139.79349374771118,35.66526353123303],[139.79349374771118,35.64390523787731],[139.79347229003906,35.64390523787731],[139.79347229003906,35.66526353123303]]]}},{"type":"Feature","properties":{},"geometry":{"type":"Polygon","coordinates":[[[139.8005747795105,35.66526353123303],[139.8065185546875,35.66526353123303],[139.8065185546875,35.66524609822094],[139.8005747795105,35.66524609822094],[139.8005747795105,35.66526353123303]]]}},{"type":"Feature","properties":{},"geometry":{"type":"Polygon","coordinates":[[[139.80059623718262,35.66524609822094],[139.8065185546875,35.66524609822094],[139.8065185546875,35.66522866520508],[139.80059623718262,35.66522866520508],[139.80059623718262,35.66524609822094]]]}},{"type":"Feature","properties":{},"geometry":{"type":"Polygon","coordinates":[[[139.79349374771118,35.66522866520508],[139.7935152053833,35.66522866520508],[139.7935152053833,35.64390523787731],[139.79349374771118,35.64390523787731],[139.79349374771118,35.66522866520508]]]}},{"type":"Feature","properties":{},"geometry":{"type":"Polygon","coordinates":[[[139.80061769485474,35.66522866520508],[139.8065185546875,35.66522866520508],[139.8065185546875,35.665211232185385],[139.80061769485474,35.665211232185385],[139.80061769485474,35.66522866520508]]]}},{"type":"Feature","properties":{},"geometry":{"type":"Polygon","coordinates":[[[139.7935152053833,35.665211232185385],[139.79353666305542,35.665211232185385],[139.79353666305542,35.64390523787731],[139.7935152053833,35.64390523787731],[139.7935152053833,35.665211232185385]]]}},{"type":"Feature","properties":{},"geometry":{"type":"Polygon","coordinates":[[[139.80063915252686,35.665211232185385],[139.8065185546875,35.665211232185385],[139.8065185546875,35.665193799161905],[139.80063915252686,35.665193799161905],[139.80063915252686,35.665211232185385]]]}},{"type":"Feature","properties":{},"geometry":{"type":"Polygon","coordinates":[[[139.79353666305542,35.665193799161905],[139.79355812072754,35.665193799161905],[139.79355812072754,35.64390523787731],[139.79353666305542,35.64390523787731],[139.79353666305542,35.665193799161905]]]}},{"type":"Feature","properties":{},"geometry":{"type":"Polygon","coordinates":[[[139.80066061019897,35.665193799161905],[139.8065185546875,35.665193799161905],[139.8065185546875,35.6651763661346],[139.80066061019897,35.6651763661346],[139.80066061019897,35.665193799161905]]]}},{"type":"Feature","properties":{},"geometry":{"type":"Polygon","coordinates":[[[139.79355812072754,35.6651763661346],[139.79357957839966,35.6651763661346],[139.79357957839966,35.64390523787731],[139.79355812072754,35.64390523787731],[139.79355812072754,35.6651763661346]]]}},{"type":"Feature","properties":{},"geometry":{"type":"Polygon","coordinates":[[[139.8006820678711,35.6651763661346],[139.8065185546875,35.6651763661346],[139.8065185546875,35.665158933103505],[139.8006820678711,35.665158933103505],[139.8006820678711,35.6651763661346]]]}},{"type":"Feature","properties":{},"geometry":{"type":"Polygon","coordinates":[[[139.8007035255432,35.665158933103505],[139.8065185546875,35.665158933103505],[139.8065185546875,35.66514150006858],[139.8007035255432,35.66514150006858],[139.8007035255432,35.665158933103505]]]}},{"type":"Feature","properties":{},"geometry":{"type":"Polygon","coordinates":[[[139.79357957839966,35.66514150006858],[139.79360103607178,35.66514150006858],[139.79360103607178,35.64390523787731],[139.79357957839966,35.64390523787731],[139.79357957839966,35.66514150006858]]]}},{"type":"Feature","properties":{},"geometry":{"type":"Polygon","coordinates":[[[139.80072498321533,35.66514150006858],[139.8065185546875,35.66514150006858],[139.8065185546875,35.66512406702988],[139.80072498321533,35.66512406702988],[139.80072498321533,35.66514150006858]]]}},{"type":"Feature","properties":{},"geometry":{"type":"Polygon","coordinates":[[[139.79360103607178,35.66512406702988],[139.7936224937439,35.66512406702988],[139.7936224937439,35.64390523787731],[139.79360103607178,35.64390523787731],[139.79360103607178,35.66512406702988]]]}},{"type":"Feature","properties":{},"geometry":{"type":"Polygon","coordinates":[[[139.80074644088745,35.66512406702988],[139.8065185546875,35.66512406702988],[139.8065185546875,35.66510663398734],[139.80074644088745,35.66510663398734],[139.80074644088745,35.66512406702988]]]}},{"type":"Feature","properties":{},"geometry":{"type":"Polygon","coordinates":[[[139.7936224937439,35.66510663398734],[139.79364395141602,35.66510663398734],[139.79364395141602,35.64390523787731],[139.7936224937439,35.64390523787731],[139.7936224937439,35.66510663398734]]]}},{"type":"Feature","properties":{},"geometry":{"type":"Polygon","coordinates":[[[139.8007893562317,35.66510663398734],[139.8065185546875,35.66510663398734],[139.8065185546875,35.665089200941026],[139.8007893562317,35.665089200941026],[139.8007893562317,35.66510663398734]]]}},{"type":"Feature","properties":{},"geometry":{"type":"Polygon","coordinates":[[[139.79364395141602,35.665089200941026],[139.79366540908813,35.665089200941026],[139.79366540908813,35.64390523787731],[139.79364395141602,35.64390523787731],[139.79364395141602,35.665089200941026]]]}},{"type":"Feature","properties":{},"geometry":{"type":"Polygon","coordinates":[[[139.80083227157593,35.665089200941026],[139.8065185546875,35.665089200941026],[139.8065185546875,35.66507176789088],[139.80083227157593,35.66507176789088],[139.80083227157593,35.665089200941026]]]}},{"type":"Feature","properties":{},"geometry":{"type":"Polygon","coordinates":[[[139.80087518692017,35.66507176789088],[139.8065185546875,35.66507176789088],[139.8065185546875,35.665054334836945],[139.80087518692017,35.665054334836945],[139.80087518692017,35.66507176789088]]]}},{"type":"Feature","properties":{},"geometry":{"type":"Polygon","coordinates":[[[139.79366540908813,35.665054334836945],[139.79368686676025,35.665054334836945],[139.79368686676025,35.64390523787731],[139.79366540908813,35.64390523787731],[139.79366540908813,35.665054334836945]]]}},{"type":"Feature","properties":{},"geometry":{"type":"Polygon","coordinates":[[[139.8009181022644,35.665054334836945],[139.8065185546875,35.665054334836945],[139.8065185546875,35.66503690177918],[139.8009181022644,35.66503690177918],[139.8009181022644,35.665054334836945]]]}},{"type":"Feature","properties":{},"geometry":{"type":"Polygon","coordinates":[[[139.79368686676025,35.66503690177918],[139.79370832443237,35.66503690177918],[139.79370832443237,35.64390523787731],[139.79368686676025,35.64390523787731],[139.79368686676025,35.66503690177918]]]}},{"type":"Feature","properties":{},"geometry":{"type":"Polygon","coordinates":[[[139.80096101760864,35.66503690177918],[139.8065185546875,35.66503690177918],[139.8065185546875,35.66501946871764],[139.80096101760864,35.66501946871764],[139.80096101760864,35.66503690177918]]]}},{"type":"Feature","properties":{},"geometry":{"type":"Polygon","coordinates":[[[139.79370832443237,35.66501946871764],[139.7937297821045,35.66501946871764],[139.7937297821045,35.64390523787731],[139.79370832443237,35.64390523787731],[139.79370832443237,35.66501946871764]]]}},{"type":"Feature","properties":{},"geometry":{"type":"Polygon","coordinates":[[[139.80098247528076,35.66501946871764],[139.8065185546875,35.66501946871764],[139.8065185546875,35.66500203565226],[139.80098247528076,35.66500203565226],[139.80098247528076,35.66501946871764]]]}},{"type":"Feature","properties":{},"geometry":{"type":"Polygon","coordinates":[[[139.7937297821045,35.66500203565226],[139.7937512397766,35.66500203565226],[139.7937512397766,35.64390523787731],[139.7937297821045,35.64390523787731],[139.7937297821045,35.66500203565226]]]}},{"type":"Feature","properties":{},"geometry":{"type":"Polygon","coordinates":[[[139.801025390625,35.66500203565226],[139.8065185546875,35.66500203565226],[139.8065185546875,35.66498460258308],[139.801025390625,35.66498460258308],[139.801025390625,35.66500203565226]]]}},{"type":"Feature","properties":{},"geometry":{"type":"Polygon","coordinates":[[[139.80106830596924,35.66498460258308],[139.8065185546875,35.66498460258308],[139.8065185546875,35.66496716951011],[139.80106830596924,35.66496716951011],[139.80106830596924,35.66498460258308]]]}},{"type":"Feature","properties":{},"geometry":{"type":"Polygon","coordinates":[[[139.7937512397766,35.66496716951011],[139.79377269744873,35.66496716951011],[139.79377269744873,35.64390523787731],[139.7937512397766,35.64390523787731],[139.7937512397766,35.66496716951011]]]}},{"type":"Feature","properties":{},"geometry":{"type":"Polygon","coordinates":[[[139.80111122131348,35.66496716951011],[139.8065185546875,35.66496716951011],[139.8065185546875,35.66494973643333],[139.80111122131348,35.66494973643333],[139.80111122131348,35.66496716951011]]]}},{"type":"Feature","properties":{},"geometry":{"type":"Polygon","coordinates":[[[139.79377269744873,35.66494973643333],[139.79379415512085,35.66494973643333],[139.79379415512085,35.64390523787731],[139.79377269744873,35.64390523787731],[139.79377269744873,35.66494973643333]]]}},{"type":"Feature","properties":{},"geometry":{"type":"Polygon","coordinates":[[[139.80115413665771,35.66494973643333],[139.8065185546875,35.66494973643333],[139.8065185546875,35.66493230335274],[139.80115413665771,35.66493230335274],[139.80115413665771,35.66494973643333]]]}},{"type":"Feature","properties":{},"geometry":{"type":"Polygon","coordinates":[[[139.79379415512085,35.66493230335274],[139.79381561279297,35.66493230335274],[139.79381561279297,35.64390523787731],[139.79379415512085,35.64390523787731],[139.79379415512085,35.66493230335274]]]}},{"type":"Feature","properties":{},"geometry":{"type":"Polygon","coordinates":[[[139.80119705200195,35.66493230335274],[139.8065185546875,35.66493230335274],[139.8065185546875,35.66491487026834],[139.80119705200195,35.66491487026834],[139.80119705200195,35.66493230335274]]]}},{"type":"Feature","properties":{},"geometry":{"type":"Polygon","coordinates":[[[139.79381561279297,35.66491487026834],[139.7938370704651,35.66491487026834],[139.7938370704651,35.64390523787731],[139.79381561279297,35.64390523787731],[139.79381561279297,35.66491487026834]]]}},{"type":"Feature","properties":{},"geometry":{"type":"Polygon","coordinates":[[[139.8012399673462,35.66491487026834],[139.8065185546875,35.66491487026834],[139.8065185546875,35.664897437180144],[139.8012399673462,35.664897437180144],[139.8012399673462,35.66491487026834]]]}},{"type":"Feature","properties":{},"geometry":{"type":"Polygon","coordinates":[[[139.80128288269043,35.664897437180144],[139.8065185546875,35.664897437180144],[139.8065185546875,35.664880004088126],[139.80128288269043,35.664880004088126],[139.80128288269043,35.664897437180144]]]}},{"type":"Feature","properties":{},"geometry":{"type":"Polygon","coordinates":[[[139.7938370704651,35.664880004088126],[139.7938585281372,35.664880004088126],[139.7938585281372,35.64390523787731],[139.7938370704651,35.64390523787731],[139.7938370704651,35.664880004088126]]]}},{"type":"Feature","properties":{},"geometry":{"type":"Polygon","coordinates":[[[139.80132579803467,35.664880004088126],[139.8065185546875,35.664880004088126],[139.8065185546875,35.66486257099232],[139.80132579803467,35.66486257099232],[139.80132579803467,35.664880004088126]]]}},{"type":"Feature","properties":{},"geometry":{"type":"Polygon","coordinates":[[[139.7938585281372,35.66486257099232],[139.79387998580933,35.66486257099232],[139.79387998580933,35.64390523787731],[139.7938585281372,35.64390523787731],[139.7938585281372,35.66486257099232]]]}},{"type":"Feature","properties":{},"geometry":{"type":"Polygon","coordinates":[[[139.8013687133789,35.66486257099232],[139.8065185546875,35.66486257099232],[139.8065185546875,35.664845137892684],[139.8013687133789,35.664845137892684],[139.8013687133789,35.66486257099232]]]}},{"type":"Feature","properties":{},"geometry":{"type":"Polygon","coordinates":[[[139.79387998580933,35.664845137892684],[139.79390144348145,35.664845137892684],[139.79390144348145,35.64390523787731],[139.79387998580933,35.64390523787731],[139.79387998580933,35.664845137892684]]]}},{"type":"Feature","properties":{},"geometry":{"type":"Polygon","coordinates":[[[139.80139017105103,35.664845137892684],[139.8065185546875,35.664845137892684],[139.8065185546875,35.66482770478927],[139.80139017105103,35.66482770478927],[139.80139017105103,35.664845137892684]]]}},{"type":"Feature","properties":{},"geometry":{"type":"Polygon","coordinates":[[[139.80143308639526,35.66482770478927],[139.8065185546875,35.66482770478927],[139.8065185546875,35.66481027168202],[139.80143308639526,35.66481027168202],[139.80143308639526,35.66482770478927]]]}},{"type":"Feature","properties":{},"geometry":{"type":"Polygon","coordinates":[[[139.79390144348145,35.66481027168202],[139.79392290115356,35.66481027168202],[139.79392290115356,35.64390523787731],[139.79390144348145,35.64390523787731],[139.79390144348145,35.66481027168202]]]}},{"type":"Feature","properties":{},"geometry":{"type":"Polygon","coordinates":[[[139.8014760017395,35.66481027168202],[139.8065185546875,35.66481027168202],[139.8065185546875,35.66479283857099],[139.8014760017395,35.66479283857099],[139.8014760017395,35.66481027168202]]]}},{"type":"Feature","properties":{},"geometry":{"type":"Polygon","coordinates":[[[139.79392290115356,35.66479283857099],[139.79394435882568,35.66479283857099],[139.79394435882568,35.64390523787731],[139.79392290115356,35.64390523787731],[139.79392290115356,35.66479283857099]]]}},{"type":"Feature","properties":{},"geometry":{"type":"Polygon","coordinates":[[[139.80151891708374,35.66479283857099],[139.8065185546875,35.66479283857099],[139.8065185546875,35.66477540545613],[139.80151891708374,35.66477540545613],[139.80151891708374,35.66479283857099]]]}},{"type":"Feature","properties":{},"geometry":{"type":"Polygon","coordinates":[[[139.79394435882568,35.66477540545613],[139.7939658164978,35.66477540545613],[139.7939658164978,35.64390523787731],[139.79394435882568,35.64390523787731],[139.79394435882568,35.66477540545613]]]}},{"type":"Feature","properties":{},"geometry":{"type":"Polygon","coordinates":[[[139.80154037475586,35.66477540545613],[139.8065185546875,35.66477540545613],[139.8065185546875,35.66475797233749],[139.80154037475586,35.66475797233749],[139.80154037475586,35.66477540545613]]]}},{"type":"Feature","properties":{},"geometry":{"type":"Polygon","coordinates":[[[139.7939658164978,35.66475797233749],[139.79398727416992,35.66475797233749],[139.79398727416992,35.64390523787731],[139.7939658164978,35.64390523787731],[139.7939658164978,35.66475797233749]]]}},{"type":"Feature","properties":{},"geometry":{"type":"Polygon","coordinates":[[[139.8015832901001,35.66475797233749],[139.8065185546875,35.66475797233749],[139.8065185546875,35.66474053921502],[139.8015832901001,35.66474053921502],[139.8015832901001,35.66475797233749]]]}},{"type":"Feature","properties":{},"geometry":{"type":"Polygon","coordinates":[[[139.80160474777222,35.66474053921502],[139.8065185546875,35.66474053921502],[139.8065185546875,35.66472310608873],[139.80160474777222,35.66472310608873],[139.80160474777222,35.66474053921502]]]}},{"type":"Feature","properties":{},"geometry":{"type":"Polygon","coordinates":[[[139.79398727416992,35.66472310608873],[139.79400873184204,35.66472310608873],[139.79400873184204,35.64390523787731],[139.79398727416992,35.64390523787731],[139.79398727416992,35.66472310608873]]]}},{"type":"Feature","properties":{},"geometry":{"type":"Polygon","coordinates":[[[139.80162620544434,35.66472310608873],[139.8065185546875,35.66472310608873],[139.8065185546875,35.64390523787731],[139.80162620544434,35.64390523787731],[139.80162620544434,35.66472310608873]]]}},{"type":"Feature","properties":{},"geometry":{"type":"Polygon","coordinates":[[[139.79400873184204,35.66470567295867],[139.79403018951416,35.66470567295867],[139.79403018951416,35.64390523787731],[139.79400873184204,35.64390523787731],[139.79400873184204,35.66470567295867]]]}},{"type":"Feature","properties":{},"geometry":{"type":"Polygon","coordinates":[[[139.79403018951416,35.66468823982478],[139.79405164718628,35.66468823982478],[139.79405164718628,35.64390523787731],[139.79403018951416,35.64390523787731],[139.79403018951416,35.66468823982478]]]}},{"type":"Feature","properties":{},"geometry":{"type":"Polygon","coordinates":[[[139.80160474777222,35.66468823982478],[139.80162620544434,35.66468823982478],[139.80162620544434,35.64390523787731],[139.80160474777222,35.64390523787731],[139.80160474777222,35.66468823982478]]]}},{"type":"Feature","properties":{},"geometry":{"type":"Polygon","coordinates":[[[139.79405164718628,35.6646708066871],[139.7940731048584,35.6646708066871],[139.7940731048584,35.64390523787731],[139.79405164718628,35.64390523787731],[139.79405164718628,35.6646708066871]]]}},{"type":"Feature","properties":{},"geometry":{"type":"Polygon","coordinates":[[[139.7940731048584,35.6646359404003],[139.79409456253052,35.6646359404003],[139.79409456253052,35.64390523787731],[139.7940731048584,35.64390523787731],[139.7940731048584,35.6646359404003]]]}},{"type":"Feature","properties":{},"geometry":{"type":"Polygon","coordinates":[[[139.8015832901001,35.6646359404003],[139.80160474777222,35.6646359404003],[139.80160474777222,35.64390523787731],[139.8015832901001,35.64390523787731],[139.8015832901001,35.6646359404003]]]}},{"type":"Feature","properties":{},"geometry":{"type":"Polygon","coordinates":[[[139.79409456253052,35.66461850725119],[139.79411602020264,35.66461850725119],[139.79411602020264,35.64390523787731],[139.79409456253052,35.64390523787731],[139.79409456253052,35.66461850725119]]]}},{"type":"Feature","properties":{},"geometry":{"type":"Polygon","coordinates":[[[139.79411602020264,35.66460107409828],[139.79413747787476,35.66460107409828],[139.79413747787476,35.64390523787731],[139.79411602020264,35.64390523787731],[139.79411602020264,35.66460107409828]]]}},{"type":"Feature","properties":{},"geometry":{"type":"Polygon","coordinates":[[[139.80156183242798,35.66460107409828],[139.8015832901001,35.66460107409828],[139.8015832901001,35.64390523787731],[139.80156183242798,35.64390523787731],[139.80156183242798,35.66460107409828]]]}},{"type":"Feature","properties":{},"geometry":{"type":"Polygon","coordinates":[[[139.79413747787476,35.66458364094155],[139.79415893554688,35.66458364094155],[139.79415893554688,35.64390523787731],[139.79413747787476,35.64390523787731],[139.79413747787476,35.66458364094155]]]}},{"type":"Feature","properties":{},"geometry":{"type":"Polygon","coordinates":[[[139.80154037475586,35.66456620778103],[139.80156183242798,35.66456620778103],[139.80156183242798,35.64390523787731],[139.80154037475586,35.64390523787731],[139.80154037475586,35.66456620778103]]]}},{"type":"Feature","properties":{},"geometry":{"type":"Polygon","coordinates":[[[139.79415893554688,35.66454877461669],[139.794180393219,35.66454877461669],[139.794180393219,35.64390523787731],[139.79415893554688,35.64390523787731],[139.79415893554688,35.66454877461669]]]}},{"type":"Feature","properties":{},"geometry":{"type":"Polygon","coordinates":[[[139.80151891708374,35.66454877461669],[139.80154037475586,35.66454877461669],[139.80154037475586,35.64390523787731],[139.80151891708374,35.64390523787731],[139.80151891708374,35.66454877461669]]]}},{"type":"Feature","properties":{},"geometry":{"type":"Polygon","coordinates":[[[139.794180393219,35.66453134144856],[139.7942018508911,35.66453134144856],[139.7942018508911,35.64390523787731],[139.794180393219,35.64390523787731],[139.794180393219,35.66453134144856]]]}},{"type":"Feature","properties":{},"geometry":{"type":"Polygon","coordinates":[[[139.8014760017395,35.66453134144856],[139.80151891708374,35.66453134144856],[139.80151891708374,35.64390523787731],[139.8014760017395,35.64390523787731],[139.8014760017395,35.66453134144856]]]}},{"type":"Feature","properties":{},"geometry":{"type":"Polygon","coordinates":[[[139.80145454406738,35.664513908276604],[139.8014760017395,35.664513908276604],[139.8014760017395,35.64390523787731],[139.80145454406738,35.64390523787731],[139.80145454406738,35.664513908276604]]]}},{"type":"Feature","properties":{},"geometry":{"type":"Polygon","coordinates":[[[139.7942018508911,35.664496475100854],[139.79422330856323,35.664496475100854],[139.79422330856323,35.64390523787731],[139.7942018508911,35.64390523787731],[139.7942018508911,35.664496475100854]]]}},{"type":"Feature","properties":{},"geometry":{"type":"Polygon","coordinates":[[[139.80143308639526,35.664496475100854],[139.80145454406738,35.664496475100854],[139.80145454406738,35.64390523787731],[139.80143308639526,35.64390523787731],[139.80143308639526,35.664496475100854]]]}},{"type":"Feature","properties":{},"geometry":{"type":"Polygon","coordinates":[[[139.79422330856323,35.66447904192128],[139.79424476623535,35.66447904192128],[139.79424476623535,35.64390523787731],[139.79422330856323,35.64390523787731],[139.79422330856323,35.66447904192128]]]}},{"type":"Feature","properties":{},"geometry":{"type":"Polygon","coordinates":[[[139.80139017105103,35.66447904192128],[139.80143308639526,35.66447904192128],[139.80143308639526,35.64390523787731],[139.80139017105103,35.64390523787731],[139.80139017105103,35.66447904192128]]]}},{"type":"Feature","properties":{},"geometry":{"type":"Polygon","coordinates":[[[139.8013687133789,35.6644616087379],[139.80139017105103,35.6644616087379],[139.80139017105103,35.64390523787731],[139.8013687133789,35.64390523787731],[139.8013687133789,35.6644616087379]]]}},{"type":"Feature","properties":{},"geometry":{"type":"Polygon","coordinates":[[[139.79424476623535,35.66444417555075],[139.79426622390747,35.66444417555075],[139.79426622390747,35.64390523787731],[139.79424476623535,35.64390523787731],[139.79424476623535,35.66444417555075]]]}},{"type":"Feature","properties":{},"geometry":{"type":"Polygon","coordinates":[[[139.8013472557068,35.66444417555075],[139.8013687133789,35.66444417555075],[139.8013687133789,35.64390523787731],[139.8013472557068,35.64390523787731],[139.8013472557068,35.66444417555075]]]}},{"type":"Feature","properties":{},"geometry":{"type":"Polygon","coordinates":[[[139.79426622390747,35.664426742359744],[139.7942876815796,35.664426742359744],[139.7942876815796,35.64390523787731],[139.79426622390747,35.64390523787731],[139.79426622390747,35.664426742359744]]]}},{"type":"Feature","properties":{},"geometry":{"type":"Polygon","coordinates":[[[139.80132579803467,35.664426742359744],[139.8013472557068,35.664426742359744],[139.8013472557068,35.64390523787731],[139.80132579803467,35.64390523787731],[139.80132579803467,35.664426742359744]]]}},{"type":"Feature","properties":{},"geometry":{"type":"Polygon","coordinates":[[[139.7942876815796,35.66440930916498],[139.7943091392517,35.66440930916498],[139.7943091392517,35.64390523787731],[139.7942876815796,35.64390523787731],[139.7942876815796,35.66440930916498]]]}},{"type":"Feature","properties":{},"geometry":{"type":"Polygon","coordinates":[[[139.80128288269043,35.66440930916498],[139.80132579803467,35.66440930916498],[139.80132579803467,35.64390523787731],[139.80128288269043,35.64390523787731],[139.80128288269043,35.66440930916498]]]}},{"type":"Feature","properties":{},"geometry":{"type":"Polygon","coordinates":[[[139.8012614250183,35.66439187596638],[139.80128288269043,35.66439187596638],[139.80128288269043,35.64390523787731],[139.8012614250183,35.64390523787731],[139.8012614250183,35.66439187596638]]]}},{"type":"Feature","properties":{},"geometry":{"type":"Polygon","coordinates":[[[139.7943091392517,35.664374442763986],[139.79433059692383,35.664374442763986],[139.79433059692383,35.64390523787731],[139.7943091392517,35.64390523787731],[139.7943091392517,35.664374442763986]]]}},{"type":"Feature","properties":{},"geometry":{"type":"Polygon","coordinates":[[[139.8012399673462,35.664374442763986],[139.8012614250183,35.664374442763986],[139.8012614250183,35.64390523787731],[139.8012399673462,35.64390523787731],[139.8012399673462,35.664374442763986]]]}},{"type":"Feature","properties":{},"geometry":{"type":"Polygon","coordinates":[[[139.79433059692383,35.66435700955777],[139.79435205459595,35.66435700955777],[139.79435205459595,35.64390523787731],[139.79433059692383,35.64390523787731],[139.79433059692383,35.66435700955777]]]}},{"type":"Feature","properties":{},"geometry":{"type":"Polygon","coordinates":[[[139.80121850967407,35.66435700955777],[139.8012399673462,35.66435700955777],[139.8012399673462,35.64390523787731],[139.80121850967407,35.64390523787731],[139.80121850967407,35.66435700955777]]]}},{"type":"Feature","properties":{},"geometry":{"type":"Polygon","coordinates":[[[139.80117559432983,35.664339576347764],[139.80121850967407,35.664339576347764],[139.80121850967407,35.64390523787731],[139.80117559432983,35.64390523787731],[139.80117559432983,35.664339576347764]]]}},{"type":"Feature","properties":{},"geometry":{"type":"Polygon","coordinates":[[[139.79435205459595,35.66432214313394],[139.79437351226807,35.66432214313394],[139.79437351226807,35.64390523787731],[139.79435205459595,35.64390523787731],[139.79435205459595,35.66432214313394]]]}},{"type":"Feature","properties":{},"geometry":{"type":"Polygon","coordinates":[[[139.80115413665771,35.66432214313394],[139.80117559432983,35.66432214313394],[139.80117559432983,35.64390523787731],[139.80115413665771,35.64390523787731],[139.80115413665771,35.66432214313394]]]}},{"type":"Feature","properties":{},"geometry":{"type":"Polygon","coordinates":[[[139.79437351226807,35.664304709916316],[139.79439496994019,35.664304709916316],[139.79439496994019,35.64390523787731],[139.79437351226807,35.64390523787731],[139.79437351226807,35.664304709916316]]]}},{"type":"Feature","properties":{},"geometry":{"type":"Polygon","coordinates":[[[139.8011326789856,35.664304709916316],[139.80115413665771,35.664304709916316],[139.80115413665771,35.64390523787731],[139.8011326789856,35.64390523787731],[139.8011326789856,35.664304709916316]]]}},{"type":"Feature","properties":{},"geometry":{"type":"Polygon","coordinates":[[[139.80111122131348,35.66428727669487],[139.8011326789856,35.66428727669487],[139.8011326789856,35.64390523787731],[139.80111122131348,35.64390523787731],[139.80111122131348,35.66428727669487]]]}},{"type":"Feature","properties":{},"geometry":{"type":"Polygon","coordinates":[[[139.79439496994019,35.66426984346965],[139.7944164276123,35.66426984346965],[139.7944164276123,35.64390523787731],[139.79439496994019,35.64390523787731],[139.79439496994019,35.66426984346965]]]}},{"type":"Feature","properties":{},"geometry":{"type":"Polygon","coordinates":[[[139.80106830596924,35.66426984346965],[139.80111122131348,35.66426984346965],[139.80111122131348,35.64390523787731],[139.80106830596924,35.64390523787731],[139.80106830596924,35.66426984346965]]]}},{"type":"Feature","properties":{},"geometry":{"type":"Polygon","coordinates":[[[139.7944164276123,35.66425241024059],[139.79443788528442,35.66425241024059],[139.79443788528442,35.64390523787731],[139.7944164276123,35.64390523787731],[139.7944164276123,35.66425241024059]]]}},{"type":"Feature","properties":{},"geometry":{"type":"Polygon","coordinates":[[[139.80074644088745,35.66425241024059],[139.80076789855957,35.66425241024059],[139.80076789855957,35.66406064446984],[139.80074644088745,35.66406064446984],[139.80074644088745,35.66425241024059]]]}},{"type":"Feature","properties":{},"geometry":{"type":"Polygon","coordinates":[[[139.80104684829712,35.66425241024059],[139.80106830596924,35.66425241024059],[139.80106830596924,35.64390523787731],[139.80104684829712,35.64390523787731],[139.80104684829712,35.66425241024059]]]}},{"type":"Feature","properties":{},"geometry":{"type":"Polygon","coordinates":[[[139.79443788528442,35.66423497700775],[139.79445934295654,35.66423497700775],[139.79445934295654,35.64390523787731],[139.79443788528442,35.64390523787731],[139.79443788528442,35.66423497700775]]]}},{"type":"Feature","properties":{},"geometry":{"type":"Polygon","coordinates":[[[139.80072498321533,35.66423497700775],[139.80074644088745,35.66423497700775],[139.80074644088745,35.66404321119513],[139.80072498321533,35.66404321119513],[139.80072498321533,35.66423497700775]]]}},{"type":"Feature","properties":{},"geometry":{"type":"Polygon","coordinates":[[[139.801025390625,35.66423497700775],[139.80104684829712,35.66423497700775],[139.80104684829712,35.64390523787731],[139.801025390625,35.64390523787731],[139.801025390625,35.66423497700775]]]}},{"type":"Feature","properties":{},"geometry":{"type":"Polygon","coordinates":[[[139.8007035255432,35.66421754377108],[139.80072498321533,35.66421754377108],[139.80072498321533,35.664025777916585],[139.8007035255432,35.664025777916585],[139.8007035255432,35.66421754377108]]]}},{"type":"Feature","properties":{},"geometry":{"type":"Polygon","coordinates":[[[139.80100393295288,35.66421754377108],[139.801025390625,35.66421754377108],[139.801025390625,35.64390523787731],[139.80100393295288,35.64390523787731],[139.80100393295288,35.66421754377108]]]}},{"type":"Feature","properties":{},"geometry":{"type":"Polygon","coordinates":[[[139.79445934295654,35.66420011053061],[139.79448080062866,35.66420011053061],[139.79448080062866,35.64390523787731],[139.79445934295654,35.64390523787731],[139.79445934295654,35.66420011053061]]]}},{"type":"Feature","properties":{},"geometry":{"type":"Polygon","coordinates":[[[139.80066061019897,35.66420011053061],[139.8007035255432,35.66420011053061],[139.8007035255432,35.664025777916585],[139.80066061019897,35.664025777916585],[139.80066061019897,35.66420011053061]]]}},{"type":"Feature","properties":{},"geometry":{"type":"Polygon","coordinates":[[[139.80096101760864,35.66420011053061],[139.80100393295288,35.66420011053061],[139.80100393295288,35.64390523787731],[139.80096101760864,35.64390523787731],[139.80096101760864,35.66420011053061]]]}},{"type":"Feature","properties":{},"geometry":{"type":"Polygon","coordinates":[[[139.79448080062866,35.66418267728634],[139.79450225830078,35.66418267728634],[139.79450225830078,35.64390523787731],[139.79448080062866,35.64390523787731],[139.79448080062866,35.66418267728634]]]}},{"type":"Feature","properties":{},"geometry":{"type":"Polygon","coordinates":[[[139.80063915252686,35.66418267728634],[139.80066061019897,35.66418267728634],[139.80066061019897,35.66399091134811],[139.80063915252686,35.66399091134811],[139.80063915252686,35.66418267728634]]]}},{"type":"Feature","properties":{},"geometry":{"type":"Polygon","coordinates":[[[139.80093955993652,35.66418267728634],[139.80096101760864,35.66418267728634],[139.80096101760864,35.64390523787731],[139.80093955993652,35.64390523787731],[139.80093955993652,35.66418267728634]]]}},{"type":"Feature","properties":{},"geometry":{"type":"Polygon","coordinates":[[[139.80061769485474,35.66416524403825],[139.80063915252686,35.66416524403825],[139.80063915252686,35.66397347805816],[139.80061769485474,35.66397347805816],[139.80061769485474,35.66416524403825]]]}},{"type":"Feature","properties":{},"geometry":{"type":"Polygon","coordinates":[[[139.8009181022644,35.66416524403825],[139.80093955993652,35.66416524403825],[139.80093955993652,35.64390523787731],[139.8009181022644,35.64390523787731],[139.8009181022644,35.66416524403825]]]}},{"type":"Feature","properties":{},"geometry":{"type":"Polygon","coordinates":[[[139.79450225830078,35.664147810786375],[139.7945237159729,35.664147810786375],[139.7945237159729,35.64390523787731],[139.79450225830078,35.64390523787731],[139.79450225830078,35.664147810786375]]]}},{"type":"Feature","properties":{},"geometry":{"type":"Polygon","coordinates":[[[139.80059623718262,35.664147810786375],[139.80061769485474,35.664147810786375],[139.80061769485474,35.6639560447644],[139.80059623718262,35.6639560447644],[139.80059623718262,35.664147810786375]]]}},{"type":"Feature","properties":{},"geometry":{"type":"Polygon","coordinates":[[[139.80089664459229,35.664147810786375],[139.8009181022644,35.664147810786375],[139.8009181022644,35.64390523787731],[139.80089664459229,35.64390523787731],[139.80089664459229,35.664147810786375]]]}},{"type":"Feature","properties":{},"geometry":{"type":"Polygon","coordinates":[[[139.7945237159729,35.66413037753068],[139.79454517364502,35.66413037753068],[139.79454517364502,35.64390523787731],[139.7945237159729,35.64390523787731],[139.7945237159729,35.66413037753068]]]}},{"type":"Feature","properties":{},"geometry":{"type":"Polygon","coordinates":[[[139.80055332183838,35.66413037753068],[139.80059623718262,35.66413037753068],[139.80059623718262,35.663938611466826],[139.80055332183838,35.663938611466826],[139.80055332183838,35.66413037753068]]]}},{"type":"Feature","properties":{},"geometry":{"type":"Polygon","coordinates":[[[139.80085372924805,35.66413037753068],[139.80089664459229,35.66413037753068],[139.80089664459229,35.64390523787731],[139.80085372924805,35.64390523787731],[139.80085372924805,35.66413037753068]]]}},{"type":"Feature","properties":{},"geometry":{"type":"Polygon","coordinates":[[[139.80053186416626,35.66411294427119],[139.80055332183838,35.66411294427119],[139.80055332183838,35.66392117816547],[139.80053186416626,35.66392117816547],[139.80053186416626,35.66411294427119]]]}},{"type":"Feature","properties":{},"geometry":{"type":"Polygon","coordinates":[[[139.80083227157593,35.66411294427119],[139.80085372924805,35.66411294427119],[139.80085372924805,35.64390523787731],[139.80083227157593,35.64390523787731],[139.80083227157593,35.66411294427119]]]}},{"type":"Feature","properties":{},"geometry":{"type":"Polygon","coordinates":[[[139.79454517364502,35.664095511007865],[139.79456663131714,35.664095511007865],[139.79456663131714,35.64390523787731],[139.79454517364502,35.64390523787731],[139.79454517364502,35.664095511007865]]]}},{"type":"Feature","properties":{},"geometry":{"type":"Polygon","coordinates":[[[139.80051040649414,35.664095511007865],[139.80053186416626,35.664095511007865],[139.80053186416626,35.66390374486028],[139.80051040649414,35.66390374486028],[139.80051040649414,35.664095511007865]]]}},{"type":"Feature","properties":{},"geometry":{"type":"Polygon","coordinates":[[[139.8008108139038,35.664095511007865],[139.80083227157593,35.664095511007865],[139.80083227157593,35.64390523787731],[139.8008108139038,35.64390523787731],[139.8008108139038,35.664095511007865]]]}},{"type":"Feature","properties":{},"geometry":{"type":"Polygon","coordinates":[[[139.79456663131714,35.664078077740776],[139.79458808898926,35.664078077740776],[139.79458808898926,35.64390523787731],[139.79456663131714,35.64390523787731],[139.79456663131714,35.664078077740776]]]}},{"type":"Feature","properties":{},"geometry":{"type":"Polygon","coordinates":[[[139.80048894882202,35.664078077740776],[139.80051040649414,35.664078077740776],[139.80051040649414,35.6638863115513],[139.80048894882202,35.6638863115513],[139.80048894882202,35.664078077740776]]]}},{"type":"Feature","properties":{},"geometry":{"type":"Polygon","coordinates":[[[139.80076789855957,35.664078077740776],[139.8008108139038,35.664078077740776],[139.8008108139038,35.64390523787731],[139.80076789855957,35.64390523787731],[139.80076789855957,35.664078077740776]]]}},{"type":"Feature","properties":{},"geometry":{"type":"Polygon","coordinates":[[[139.79458808898926,35.66406064446984],[139.79460954666138,35.66406064446984],[139.79460954666138,35.64390523787731],[139.79458808898926,35.64390523787731],[139.79458808898926,35.66406064446984]]]}},{"type":"Feature","properties":{},"geometry":{"type":"Polygon","coordinates":[[[139.8004674911499,35.66406064446984],[139.80048894882202,35.66406064446984],[139.80048894882202,35.66386887823851],[139.8004674911499,35.66386887823851],[139.8004674911499,35.66406064446984]]]}},{"type":"Feature","properties":{},"geometry":{"type":"Polygon","coordinates":[[[139.80042457580566,35.66404321119513],[139.8004674911499,35.66404321119513],[139.8004674911499,35.66386887823851],[139.80042457580566,35.66386887823851],[139.80042457580566,35.66404321119513]]]}},{"type":"Feature","properties":{},"geometry":{"type":"Polygon","coordinates":[[[139.79460954666138,35.664025777916585],[139.7946310043335,35.664025777916585],[139.7946310043335,35.64390523787731],[139.79460954666138,35.64390523787731],[139.79460954666138,35.664025777916585]]]}},{"type":"Feature","properties":{},"geometry":{"type":"Polygon","coordinates":[[[139.80040311813354,35.664025777916585],[139.80042457580566,35.664025777916585],[139.80042457580566,35.66383401160151],[139.80040311813354,35.66383401160151],[139.80040311813354,35.664025777916585]]]}},{"type":"Feature","properties":{},"geometry":{"type":"Polygon","coordinates":[[[139.80066061019897,35.664025777916585],[139.8006820678711,35.664025777916585],[139.8006820678711,35.66400834463426],[139.80066061019897,35.66400834463426],[139.80066061019897,35.664025777916585]]]}},{"type":"Feature","properties":{},"geometry":{"type":"Polygon","coordinates":[[[139.7946310043335,35.66400834463426],[139.79465246200562,35.66400834463426],[139.79465246200562,35.64390523787731],[139.7946310043335,35.64390523787731],[139.7946310043335,35.66400834463426]]]}},{"type":"Feature","properties":{},"geometry":{"type":"Polygon","coordinates":[[[139.80038166046143,35.66400834463426],[139.80040311813354,35.66400834463426],[139.80040311813354,35.66381657827731],[139.80038166046143,35.66381657827731],[139.80038166046143,35.66400834463426]]]}},{"type":"Feature","properties":{},"geometry":{"type":"Polygon","coordinates":[[[139.8003602027893,35.66399091134811],[139.80038166046143,35.66399091134811],[139.80038166046143,35.66379914494928],[139.8003602027893,35.66379914494928],[139.8003602027893,35.66399091134811]]]}},{"type":"Feature","properties":{},"geometry":{"type":"Polygon","coordinates":[[[139.79465246200562,35.66397347805816],[139.79467391967773,35.66397347805816],[139.79467391967773,35.64390523787731],[139.79465246200562,35.64390523787731],[139.79465246200562,35.66397347805816]]]}},{"type":"Feature","properties":{},"geometry":{"type":"Polygon","coordinates":[[[139.80031728744507,35.66397347805816],[139.8003602027893,35.66397347805816],[139.8003602027893,35.66378171161747],[139.80031728744507,35.66378171161747],[139.80031728744507,35.66397347805816]]]}},{"type":"Feature","properties":{},"geometry":{"type":"Polygon","coordinates":[[[139.79467391967773,35.6639560447644],[139.79469537734985,35.6639560447644],[139.79469537734985,35.64390523787731],[139.79467391967773,35.64390523787731],[139.79467391967773,35.6639560447644]]]}},{"type":"Feature","properties":{},"geometry":{"type":"Polygon","coordinates":[[[139.80029582977295,35.6639560447644],[139.80031728744507,35.6639560447644],[139.80031728744507,35.66376427828183],[139.80029582977295,35.66376427828183],[139.80029582977295,35.6639560447644]]]}},{"type":"Feature","properties":{},"geometry":{"type":"Polygon","coordinates":[[[139.79469537734985,35.663938611466826],[139.79471683502197,35.663938611466826],[139.79471683502197,35.64390523787731],[139.79469537734985,35.64390523787731],[139.79469537734985,35.663938611466826]]]}},{"type":"Feature","properties":{},"geometry":{"type":"Polygon","coordinates":[[[139.80027437210083,35.663938611466826],[139.80029582977295,35.663938611466826],[139.80029582977295,35.6637468449424],[139.80027437210083,35.6637468449424],[139.80027437210083,35.663938611466826]]]}},{"type":"Feature","properties":{},"geometry":{"type":"Polygon","coordinates":[[[139.8002529144287,35.66392117816547],[139.80027437210083,35.66392117816547],[139.80027437210083,35.66372941159915],[139.8002529144287,35.66372941159915],[139.8002529144287,35.66392117816547]]]}},{"type":"Feature","properties":{},"geometry":{"type":"Polygon","coordinates":[[[139.79471683502197,35.66390374486028],[139.7947382926941,35.66390374486028],[139.7947382926941,35.64390523787731],[139.79471683502197,35.64390523787731],[139.79471683502197,35.66390374486028]]]}},{"type":"Feature","properties":{},"geometry":{"type":"Polygon","coordinates":[[[139.8002314567566,35.66390374486028],[139.8002529144287,35.66390374486028],[139.8002529144287,35.66371197825212],[139.8002314567566,35.66371197825212],[139.8002314567566,35.66390374486028]]]}},{"type":"Feature","properties":{},"geometry":{"type":"Polygon","coordinates":[[[139.7947382926941,35.6638863115513],[139.7947597503662,35.6638863115513],[139.7947597503662,35.64390523787731],[139.7947382926941,35.64390523787731],[139.7947382926941,35.6638863115513]]]}},{"type":"Feature","properties":{},"geometry":{"type":"Polygon","coordinates":[[[139.80018854141235,35.6638863115513],[139.8002314567566,35.6638863115513],[139.8002314567566,35.66371197825212],[139.80018854141235,35.66371197825212],[139.80018854141235,35.6638863115513]]]}},{"type":"Feature","properties":{},"geometry":{"type":"Polygon","coordinates":[[[139.80016708374023,35.66386887823851],[139.80018854141235,35.66386887823851],[139.80018854141235,35.66367711154659],[139.80016708374023,35.66367711154659],[139.80016708374023,35.66386887823851]]]}},{"type":"Feature","properties":{},"geometry":{"type":"Polygon","coordinates":[[[139.80042457580566,35.66386887823851],[139.80044603347778,35.66386887823851],[139.80044603347778,35.66385144492192],[139.80042457580566,35.66385144492192],[139.80042457580566,35.66386887823851]]]}},{"type":"Feature","properties":{},"geometry":{"type":"Polygon","coordinates":[[[139.7947597503662,35.66385144492192],[139.79478120803833,35.66385144492192],[139.79478120803833,35.64390523787731],[139.7947597503662,35.64390523787731],[139.7947597503662,35.66385144492192]]]}},{"type":"Feature","properties":{},"geometry":{"type":"Polygon","coordinates":[[[139.80014562606812,35.66385144492192],[139.80016708374023,35.66385144492192],[139.80016708374023,35.66365967818811],[139.80014562606812,35.66365967818811],[139.80014562606812,35.66385144492192]]]}},{"type":"Feature","properties":{},"geometry":{"type":"Polygon","coordinates":[[[139.79478120803833,35.66383401160151],[139.79480266571045,35.66383401160151],[139.79480266571045,35.64390523787731],[139.79478120803833,35.64390523787731],[139.79478120803833,35.66383401160151]]]}},{"type":"Feature","properties":{},"geometry":{"type":"Polygon","coordinates":[[[139.800124168396,35.66383401160151],[139.80014562606812,35.66383401160151],[139.80014562606812,35.66364224482582],[139.800124168396,35.66364224482582],[139.800124168396,35.66383401160151]]]}},{"type":"Feature","properties":{},"geometry":{"type":"Polygon","coordinates":[[[139.80008125305176,35.66381657827731],[139.800124168396,35.66381657827731],[139.800124168396,35.66364224482582],[139.80008125305176,35.66364224482582],[139.80008125305176,35.66381657827731]]]}},{"type":"Feature","properties":{},"geometry":{"type":"Polygon","coordinates":[[[139.79480266571045,35.66379914494928],[139.79482412338257,35.66379914494928],[139.79482412338257,35.64390523787731],[139.79480266571045,35.64390523787731],[139.79480266571045,35.66379914494928]]]}},{"type":"Feature","properties":{},"geometry":{"type":"Polygon","coordinates":[[[139.80005979537964,35.66379914494928],[139.80008125305176,35.66379914494928],[139.80008125305176,35.663607378089864],[139.80005979537964,35.663607378089864],[139.80005979537964,35.66379914494928]]]}},{"type":"Feature","properties":{},"geometry":{"type":"Polygon","coordinates":[[[139.79482412338257,35.66378171161747],[139.7948455810547,35.66378171161747],[139.7948455810547,35.64390523787731],[139.79482412338257,35.64390523787731],[139.79482412338257,35.66378171161747]]]}},{"type":"Feature","properties":{},"geometry":{"type":"Polygon","coordinates":[[[139.80003833770752,35.66378171161747],[139.80005979537964,35.66378171161747],[139.80005979537964,35.66358994471618],[139.80003833770752,35.66358994471618],[139.80003833770752,35.66378171161747]]]}},{"type":"Feature","properties":{},"geometry":{"type":"Polygon","coordinates":[[[139.7948455810547,35.66376427828183],[139.7948670387268,35.66376427828183],[139.7948670387268,35.64390523787731],[139.7948455810547,35.64390523787731],[139.7948455810547,35.66376427828183]]]}},{"type":"Feature","properties":{},"geometry":{"type":"Polygon","coordinates":[[[139.8000168800354,35.66376427828183],[139.80003833770752,35.66376427828183],[139.80003833770752,35.663572511338664],[139.8000168800354,35.663572511338664],[139.8000168800354,35.66376427828183]]]}},{"type":"Feature","properties":{},"geometry":{"type":"Polygon","coordinates":[[[139.79997396469116,35.6637468449424],[139.8000168800354,35.6637468449424],[139.8000168800354,35.66355507795737],[139.79997396469116,35.66355507795737],[139.79997396469116,35.6637468449424]]]}},{"type":"Feature","properties":{},"geometry":{"type":"Polygon","coordinates":[[[139.7948670387268,35.66372941159915],[139.79488849639893,35.66372941159915],[139.79488849639893,35.64390523787731],[139.7948670387268,35.64390523787731],[139.7948670387268,35.66372941159915]]]}},{"type":"Feature","properties":{},"geometry":{"type":"Polygon","coordinates":[[[139.79995250701904,35.66372941159915],[139.79997396469116,35.66372941159915],[139.79997396469116,35.663537644572244],[139.79995250701904,35.663537644572244],[139.79995250701904,35.66372941159915]]]}},{"type":"Feature","properties":{},"geometry":{"type":"Polygon","coordinates":[[[139.80074644088745,35.66372941159915],[139.80076789855957,35.66372941159915],[139.80076789855957,35.64390523787731],[139.80074644088745,35.64390523787731],[139.80074644088745,35.66372941159915]]]}},{"type":"Feature","properties":{},"geometry":{"type":"Polygon","coordinates":[[[139.79488849639893,35.66371197825212],[139.79490995407104,35.66371197825212],[139.79490995407104,35.64390523787731],[139.79488849639893,35.64390523787731],[139.79488849639893,35.66371197825212]]]}},{"type":"Feature","properties":{},"geometry":{"type":"Polygon","coordinates":[[[139.79993104934692,35.66371197825212],[139.79995250701904,35.66371197825212],[139.79995250701904,35.66352021118334],[139.79993104934692,35.66352021118334],[139.79993104934692,35.66371197825212]]]}},{"type":"Feature","properties":{},"geometry":{"type":"Polygon","coordinates":[[[139.80018854141235,35.66371197825212],[139.80020999908447,35.66371197825212],[139.80020999908447,35.66369454490125],[139.80018854141235,35.66369454490125],[139.80018854141235,35.66371197825212]]]}},{"type":"Feature","properties":{},"geometry":{"type":"Polygon","coordinates":[[[139.80072498321533,35.66371197825212],[139.80074644088745,35.66371197825212],[139.80074644088745,35.64390523787731],[139.80072498321533,35.64390523787731],[139.80072498321533,35.66371197825212]]]}},{"type":"Feature","properties":{},"geometry":{"type":"Polygon","coordinates":[[[139.7999095916748,35.66369454490125],[139.79993104934692,35.66369454490125],[139.79993104934692,35.663502777790605],[139.7999095916748,35.663502777790605],[139.7999095916748,35.66369454490125]]]}},{"type":"Feature","properties":{},"geometry":{"type":"Polygon","coordinates":[[[139.8007035255432,35.66369454490125],[139.80072498321533,35.66369454490125],[139.80072498321533,35.64390523787731],[139.8007035255432,35.64390523787731],[139.8007035255432,35.66369454490125]]]}},{"type":"Feature","properties":{},"geometry":{"type":"Polygon","coordinates":[[[139.79490995407104,35.66367711154659],[139.79493141174316,35.66367711154659],[139.79493141174316,35.64390523787731],[139.79490995407104,35.64390523787731],[139.79490995407104,35.66367711154659]]]}},{"type":"Feature","properties":{},"geometry":{"type":"Polygon","coordinates":[[[139.79988813400269,35.66367711154659],[139.7999095916748,35.66367711154659],[139.7999095916748,35.663485344394076],[139.79988813400269,35.663485344394076],[139.79988813400269,35.66367711154659]]]}},{"type":"Feature","properties":{},"geometry":{"type":"Polygon","coordinates":[[[139.8006820678711,35.66367711154659],[139.8007035255432,35.66367711154659],[139.8007035255432,35.64390523787731],[139.8006820678711,35.64390523787731],[139.8006820678711,35.66367711154659]]]}},{"type":"Feature","properties":{},"geometry":{"type":"Polygon","coordinates":[[[139.79493141174316,35.66365967818811],[139.79495286941528,35.66365967818811],[139.79495286941528,35.64390523787731],[139.79493141174316,35.64390523787731],[139.79493141174316,35.66365967818811]]]}},{"type":"Feature","properties":{},"geometry":{"type":"Polygon","coordinates":[[[139.79984521865845,35.66365967818811],[139.79988813400269,35.66365967818811],[139.79988813400269,35.663485344394076],[139.79984521865845,35.663485344394076],[139.79984521865845,35.66365967818811]]]}},{"type":"Feature","properties":{},"geometry":{"type":"Polygon","coordinates":[[[139.80063915252686,35.66365967818811],[139.8006820678711,35.66365967818811],[139.8006820678711,35.64390523787731],[139.80063915252686,35.64390523787731],[139.80063915252686,35.66365967818811]]]}},{"type":"Feature","properties":{},"geometry":{"type":"Polygon","coordinates":[[[139.79982376098633,35.66364224482582],[139.79984521865845,35.66364224482582],[139.79984521865845,35.66345047758959],[139.79982376098633,35.66345047758959],[139.79982376098633,35.66364224482582]]]}},{"type":"Feature","properties":{},"geometry":{"type":"Polygon","coordinates":[[[139.80008125305176,35.66364224482582],[139.80010271072388,35.66364224482582],[139.80010271072388,35.66362481145976],[139.80008125305176,35.66362481145976],[139.80008125305176,35.66364224482582]]]}},{"type":"Feature","properties":{},"geometry":{"type":"Polygon","coordinates":[[[139.80061769485474,35.66364224482582],[139.80063915252686,35.66364224482582],[139.80063915252686,35.64390523787731],[139.80061769485474,35.64390523787731],[139.80061769485474,35.66364224482582]]]}},{"type":"Feature","properties":{},"geometry":{"type":"Polygon","coordinates":[[[139.79495286941528,35.66362481145976],[139.7949743270874,35.66362481145976],[139.7949743270874,35.64390523787731],[139.79495286941528,35.64390523787731],[139.79495286941528,35.66362481145976]]]}},{"type":"Feature","properties":{},"geometry":{"type":"Polygon","coordinates":[[[139.7998023033142,35.66362481145976],[139.79982376098633,35.66362481145976],[139.79982376098633,35.66343304418163],[139.7998023033142,35.66343304418163],[139.7998023033142,35.66362481145976]]]}},{"type":"Feature","properties":{},"geometry":{"type":"Polygon","coordinates":[[[139.80059623718262,35.66362481145976],[139.80061769485474,35.66362481145976],[139.80061769485474,35.64390523787731],[139.80059623718262,35.64390523787731],[139.80059623718262,35.66362481145976]]]}},{"type":"Feature","properties":{},"geometry":{"type":"Polygon","coordinates":[[[139.7949743270874,35.663607378089864],[139.79499578475952,35.663607378089864],[139.79499578475952,35.64390523787731],[139.7949743270874,35.64390523787731],[139.7949743270874,35.663607378089864]]]}},{"type":"Feature","properties":{},"geometry":{"type":"Polygon","coordinates":[[[139.7997808456421,35.663607378089864],[139.7998023033142,35.663607378089864],[139.7998023033142,35.66341561076988],[139.7997808456421,35.66341561076988],[139.7997808456421,35.663607378089864]]]}},{"type":"Feature","properties":{},"geometry":{"type":"Polygon","coordinates":[[[139.80055332183838,35.663607378089864],[139.80059623718262,35.663607378089864],[139.80059623718262,35.64390523787731],[139.80055332183838,35.64390523787731],[139.80055332183838,35.663607378089864]]]}},{"type":"Feature","properties":{},"geometry":{"type":"Polygon","coordinates":[[[139.79499578475952,35.66358994471618],[139.79501724243164,35.66358994471618],[139.79501724243164,35.64390523787731],[139.79499578475952,35.64390523787731],[139.79499578475952,35.66358994471618]]]}},{"type":"Feature","properties":{},"geometry":{"type":"Polygon","coordinates":[[[139.79973793029785,35.66358994471618],[139.7997808456421,35.66358994471618],[139.7997808456421,35.6633981773543],[139.79973793029785,35.6633981773543],[139.79973793029785,35.66358994471618]]]}},{"type":"Feature","properties":{},"geometry":{"type":"Polygon","coordinates":[[[139.80053186416626,35.66358994471618],[139.80055332183838,35.66358994471618],[139.80055332183838,35.64390523787731],[139.80053186416626,35.64390523787731],[139.80053186416626,35.66358994471618]]]}},{"type":"Feature","properties":{},"geometry":{"type":"Polygon","coordinates":[[[139.79971647262573,35.663572511338664],[139.79973793029785,35.663572511338664],[139.79973793029785,35.663380743934916],[139.79971647262573,35.663380743934916],[139.79971647262573,35.663572511338664]]]}},{"type":"Feature","properties":{},"geometry":{"type":"Polygon","coordinates":[[[139.80051040649414,35.663572511338664],[139.80053186416626,35.663572511338664],[139.80053186416626,35.64390523787731],[139.80051040649414,35.64390523787731],[139.80051040649414,35.663572511338664]]]}},{"type":"Feature","properties":{},"geometry":{"type":"Polygon","coordinates":[[[139.79501724243164,35.66355507795737],[139.79503870010376,35.66355507795737],[139.79503870010376,35.64390523787731],[139.79501724243164,35.64390523787731],[139.79501724243164,35.66355507795737]]]}},{"type":"Feature","properties":{},"geometry":{"type":"Polygon","coordinates":[[[139.7996950149536,35.66355507795737],[139.79971647262573,35.66355507795737],[139.79971647262573,35.66336331051174],[139.7996950149536,35.66336331051174],[139.7996950149536,35.66355507795737]]]}},{"type":"Feature","properties":{},"geometry":{"type":"Polygon","coordinates":[[[139.80048894882202,35.66355507795737],[139.80051040649414,35.66355507795737],[139.80051040649414,35.64390523787731],[139.80048894882202,35.64390523787731],[139.80048894882202,35.66355507795737]]]}},{"type":"Feature","properties":{},"geometry":{"type":"Polygon","coordinates":[[[139.79503870010376,35.663537644572244],[139.79506015777588,35.663537644572244],[139.79506015777588,35.64390523787731],[139.79503870010376,35.64390523787731],[139.79503870010376,35.663537644572244]]]}},{"type":"Feature","properties":{},"geometry":{"type":"Polygon","coordinates":[[[139.7996735572815,35.663537644572244],[139.7996950149536,35.663537644572244],[139.7996950149536,35.66334587708476],[139.7996735572815,35.66334587708476],[139.7996735572815,35.663537644572244]]]}},{"type":"Feature","properties":{},"geometry":{"type":"Polygon","coordinates":[[[139.80044603347778,35.663537644572244],[139.80048894882202,35.663537644572244],[139.80048894882202,35.64390523787731],[139.80044603347778,35.64390523787731],[139.80044603347778,35.663537644572244]]]}},{"type":"Feature","properties":{},"geometry":{"type":"Polygon","coordinates":[[[139.79965209960938,35.66352021118334],[139.7996735572815,35.66352021118334],[139.7996735572815,35.66332844365397],[139.79965209960938,35.66332844365397],[139.79965209960938,35.66352021118334]]]}},{"type":"Feature","properties":{},"geometry":{"type":"Polygon","coordinates":[[[139.80042457580566,35.66352021118334],[139.80044603347778,35.66352021118334],[139.80044603347778,35.64390523787731],[139.80042457580566,35.64390523787731],[139.80042457580566,35.66352021118334]]]}},{"type":"Feature","properties":{},"geometry":{"type":"Polygon","coordinates":[[[139.79506015777588,35.663502777790605],[139.795081615448,35.663502777790605],[139.795081615448,35.64390523787731],[139.79506015777588,35.64390523787731],[139.79506015777588,35.663502777790605]]]}},{"type":"Feature","properties":{},"geometry":{"type":"Polygon","coordinates":[[[139.79960918426514,35.663502777790605],[139.79965209960938,35.663502777790605],[139.79965209960938,35.66332844365397],[139.79960918426514,35.66332844365397],[139.79960918426514,35.663502777790605]]]}},{"type":"Feature","properties":{},"geometry":{"type":"Polygon","coordinates":[[[139.80040311813354,35.663502777790605],[139.80042457580566,35.663502777790605],[139.80042457580566,35.64390523787731],[139.80040311813354,35.64390523787731],[139.80040311813354,35.663502777790605]]]}},{"type":"Feature","properties":{},"geometry":{"type":"Polygon","coordinates":[[[139.795081615448,35.663485344394076],[139.79510307312012,35.663485344394076],[139.79510307312012,35.64390523787731],[139.795081615448,35.64390523787731],[139.795081615448,35.663485344394076]]]}},{"type":"Feature","properties":{},"geometry":{"type":"Polygon","coordinates":[[[139.79958772659302,35.663485344394076],[139.79960918426514,35.663485344394076],[139.79960918426514,35.663293576780966],[139.79958772659302,35.663293576780966],[139.79958772659302,35.663485344394076]]]}},{"type":"Feature","properties":{},"geometry":{"type":"Polygon","coordinates":[[[139.79984521865845,35.663485344394076],[139.79986667633057,35.663485344394076],[139.79986667633057,35.663467910993724],[139.79984521865845,35.663467910993724],[139.79984521865845,35.663485344394076]]]}},{"type":"Feature","properties":{},"geometry":{"type":"Polygon","coordinates":[[[139.80038166046143,35.663485344394076],[139.80040311813354,35.663485344394076],[139.80040311813354,35.64390523787731],[139.80038166046143,35.64390523787731],[139.80038166046143,35.663485344394076]]]}},{"type":"Feature","properties":{},"geometry":{"type":"Polygon","coordinates":[[[139.7995662689209,35.663467910993724],[139.79958772659302,35.663467910993724],[139.79958772659302,35.66327614333874],[139.7995662689209,35.66327614333874],[139.7995662689209,35.663467910993724]]]}},{"type":"Feature","properties":{},"geometry":{"type":"Polygon","coordinates":[[[139.8003387451172,35.663467910993724],[139.80038166046143,35.663467910993724],[139.80038166046143,35.64390523787731],[139.8003387451172,35.64390523787731],[139.8003387451172,35.663467910993724]]]}},{"type":"Feature","properties":{},"geometry":{"type":"Polygon","coordinates":[[[139.79510307312012,35.66345047758959],[139.79512453079224,35.66345047758959],[139.79512453079224,35.64390523787731],[139.79510307312012,35.64390523787731],[139.79510307312012,35.66345047758959]]]}},{"type":"Feature","properties":{},"geometry":{"type":"Polygon","coordinates":[[[139.79954481124878,35.66345047758959],[139.7995662689209,35.66345047758959],[139.7995662689209,35.66325870989274],[139.79954481124878,35.66325870989274],[139.79954481124878,35.66345047758959]]]}},{"type":"Feature","properties":{},"geometry":{"type":"Polygon","coordinates":[[[139.80031728744507,35.66345047758959],[139.8003387451172,35.66345047758959],[139.8003387451172,35.64390523787731],[139.80031728744507,35.64390523787731],[139.80031728744507,35.66345047758959]]]}},{"type":"Feature","properties":{},"geometry":{"type":"Polygon","coordinates":[[[139.79512453079224,35.66343304418163],[139.79514598846436,35.66343304418163],[139.79514598846436,35.64390523787731],[139.79512453079224,35.64390523787731],[139.79512453079224,35.66343304418163]]]}},{"type":"Feature","properties":{},"geometry":{"type":"Polygon","coordinates":[[[139.79950189590454,35.66343304418163],[139.79954481124878,35.66343304418163],[139.79954481124878,35.66324127644291],[139.79950189590454,35.66324127644291],[139.79950189590454,35.66343304418163]]]}},{"type":"Feature","properties":{},"geometry":{"type":"Polygon","coordinates":[[[139.80029582977295,35.66343304418163],[139.80031728744507,35.66343304418163],[139.80031728744507,35.64390523787731],[139.80029582977295,35.64390523787731],[139.80029582977295,35.66343304418163]]]}},{"type":"Feature","properties":{},"geometry":{"type":"Polygon","coordinates":[[[139.79514598846436,35.66341561076988],[139.79516744613647,35.66341561076988],[139.79516744613647,35.64390523787731],[139.79514598846436,35.64390523787731],[139.79514598846436,35.66341561076988]]]}},{"type":"Feature","properties":{},"geometry":{"type":"Polygon","coordinates":[[[139.79948043823242,35.66341561076988],[139.79950189590454,35.66341561076988],[139.79950189590454,35.66322384298928],[139.79948043823242,35.66322384298928],[139.79948043823242,35.66341561076988]]]}},{"type":"Feature","properties":{},"geometry":{"type":"Polygon","coordinates":[[[139.8002529144287,35.66341561076988],[139.80029582977295,35.66341561076988],[139.80029582977295,35.64390523787731],[139.8002529144287,35.64390523787731],[139.8002529144287,35.66341561076988]]]}},{"type":"Feature","properties":{},"geometry":{"type":"Polygon","coordinates":[[[139.7994589805603,35.6633981773543],[139.79948043823242,35.6633981773543],[139.79948043823242,35.66320640953183],[139.7994589805603,35.66320640953183],[139.7994589805603,35.6633981773543]]]}},{"type":"Feature","properties":{},"geometry":{"type":"Polygon","coordinates":[[[139.8002314567566,35.6633981773543],[139.8002529144287,35.6633981773543],[139.8002529144287,35.64390523787731],[139.8002314567566,35.64390523787731],[139.8002314567566,35.6633981773543]]]}},{"type":"Feature","properties":{},"geometry":{"type":"Polygon","coordinates":[[[139.79516744613647,35.663380743934916],[139.7951889038086,35.663380743934916],[139.7951889038086,35.64390523787731],[139.79516744613647,35.64390523787731],[139.79516744613647,35.663380743934916]]]}},{"type":"Feature","properties":{},"geometry":{"type":"Polygon","coordinates":[[[139.79943752288818,35.663380743934916],[139.7994589805603,35.663380743934916],[139.7994589805603,35.6631889760706],[139.79943752288818,35.6631889760706],[139.79943752288818,35.663380743934916]]]}},{"type":"Feature","properties":{},"geometry":{"type":"Polygon","coordinates":[[[139.80020999908447,35.663380743934916],[139.8002314567566,35.663380743934916],[139.8002314567566,35.64390523787731],[139.80020999908447,35.64390523787731],[139.80020999908447,35.663380743934916]]]}},{"type":"Feature","properties":{},"geometry":{"type":"Polygon","coordinates":[[[139.7951889038086,35.66336331051174],[139.7952103614807,35.66336331051174],[139.7952103614807,35.64390523787731],[139.7951889038086,35.64390523787731],[139.7951889038086,35.66336331051174]]]}},{"type":"Feature","properties":{},"geometry":{"type":"Polygon","coordinates":[[[139.79941606521606,35.66336331051174],[139.79943752288818,35.66336331051174],[139.79943752288818,35.66317154260554],[139.79941606521606,35.66317154260554],[139.79941606521606,35.66336331051174]]]}},{"type":"Feature","properties":{},"geometry":{"type":"Polygon","coordinates":[[[139.80018854141235,35.66336331051174],[139.80020999908447,35.66336331051174],[139.80020999908447,35.64390523787731],[139.80018854141235,35.64390523787731],[139.80018854141235,35.66336331051174]]]}},{"type":"Feature","properties":{},"geometry":{"type":"Polygon","coordinates":[[[139.79937314987183,35.66334587708476],[139.79941606521606,35.66334587708476],[139.79941606521606,35.66317154260554],[139.79937314987183,35.66317154260554],[139.79937314987183,35.66334587708476]]]}},{"type":"Feature","properties":{},"geometry":{"type":"Polygon","coordinates":[[[139.80014562606812,35.66334587708476],[139.80018854141235,35.66334587708476],[139.80018854141235,35.64390523787731],[139.80014562606812,35.64390523787731],[139.80014562606812,35.66334587708476]]]}},{"type":"Feature","properties":{},"geometry":{"type":"Polygon","coordinates":[[[139.7952103614807,35.66332844365397],[139.79523181915283,35.66332844365397],[139.79523181915283,35.64390523787731],[139.7952103614807,35.64390523787731],[139.7952103614807,35.66332844365397]]]}},{"type":"Feature","properties":{},"geometry":{"type":"Polygon","coordinates":[[[139.7993516921997,35.66332844365397],[139.79937314987183,35.66332844365397],[139.79937314987183,35.66313667566402],[139.7993516921997,35.66313667566402],[139.7993516921997,35.66332844365397]]]}},{"type":"Feature","properties":{},"geometry":{"type":"Polygon","coordinates":[[[139.79960918426514,35.66332844365397],[139.79963064193726,35.66332844365397],[139.79963064193726,35.66331101021936],[139.79960918426514,35.66331101021936],[139.79960918426514,35.66332844365397]]]}},{"type":"Feature","properties":{},"geometry":{"type":"Polygon","coordinates":[[[139.800124168396,35.66332844365397],[139.80014562606812,35.66332844365397],[139.80014562606812,35.64390523787731],[139.800124168396,35.64390523787731],[139.800124168396,35.66332844365397]]]}},{"type":"Feature","properties":{},"geometry":{"type":"Polygon","coordinates":[[[139.79523181915283,35.66331101021936],[139.79525327682495,35.66331101021936],[139.79525327682495,35.64390523787731],[139.79523181915283,35.64390523787731],[139.79523181915283,35.66331101021936]]]}},{"type":"Feature","properties":{},"geometry":{"type":"Polygon","coordinates":[[[139.7993302345276,35.66331101021936],[139.7993516921997,35.66331101021936],[139.7993516921997,35.663119242187534],[139.7993302345276,35.663119242187534],[139.7993302345276,35.66331101021936]]]}},{"type":"Feature","properties":{},"geometry":{"type":"Polygon","coordinates":[[[139.80010271072388,35.66331101021936],[139.800124168396,35.66331101021936],[139.800124168396,35.64390523787731],[139.80010271072388,35.64390523787731],[139.80010271072388,35.66331101021936]]]}},{"type":"Feature","properties":{},"geometry":{"type":"Polygon","coordinates":[[[139.79525327682495,35.663293576780966],[139.79527473449707,35.663293576780966],[139.79527473449707,35.64390523787731],[139.79525327682495,35.64390523787731],[139.79525327682495,35.663293576780966]]]}},{"type":"Feature","properties":{},"geometry":{"type":"Polygon","coordinates":[[[139.79930877685547,35.663293576780966],[139.7993302345276,35.663293576780966],[139.7993302345276,35.663101808707275],[139.79930877685547,35.663101808707275],[139.79930877685547,35.663293576780966]]]}},{"type":"Feature","properties":{},"geometry":{"type":"Polygon","coordinates":[[[139.80008125305176,35.663293576780966],[139.80010271072388,35.663293576780966],[139.80010271072388,35.64390523787731],[139.80008125305176,35.64390523787731],[139.80008125305176,35.663293576780966]]]}},{"type":"Feature","properties":{},"geometry":{"type":"Polygon","coordinates":[[[139.79926586151123,35.66327614333874],[139.79930877685547,35.66327614333874],[139.79930877685547,35.663101808707275],[139.79926586151123,35.663101808707275],[139.79926586151123,35.66327614333874]]]}},{"type":"Feature","properties":{},"geometry":{"type":"Polygon","coordinates":[[[139.80003833770752,35.66327614333874],[139.80008125305176,35.66327614333874],[139.80008125305176,35.64390523787731],[139.80003833770752,35.64390523787731],[139.80003833770752,35.66327614333874]]]}},{"type":"Feature","properties":{},"geometry":{"type":"Polygon","coordinates":[[[139.79527473449707,35.66325870989274],[139.7952961921692,35.66325870989274],[139.7952961921692,35.64390523787731],[139.79527473449707,35.64390523787731],[139.79527473449707,35.66325870989274]]]}},{"type":"Feature","properties":{},"geometry":{"type":"Polygon","coordinates":[[[139.7992444038391,35.66325870989274],[139.79926586151123,35.66325870989274],[139.79926586151123,35.663066941735295],[139.7992444038391,35.663066941735295],[139.7992444038391,35.66325870989274]]]}},{"type":"Feature","properties":{},"geometry":{"type":"Polygon","coordinates":[[[139.8000168800354,35.66325870989274],[139.80003833770752,35.66325870989274],[139.80003833770752,35.64390523787731],[139.8000168800354,35.64390523787731],[139.8000168800354,35.66325870989274]]]}},{"type":"Feature","properties":{},"geometry":{"type":"Polygon","coordinates":[[[139.7952961921692,35.66324127644291],[139.7953176498413,35.66324127644291],[139.7953176498413,35.64390523787731],[139.7952961921692,35.64390523787731],[139.7952961921692,35.66324127644291]]]}},{"type":"Feature","properties":{},"geometry":{"type":"Polygon","coordinates":[[[139.799222946167,35.66324127644291],[139.7992444038391,35.66324127644291],[139.7992444038391,35.66304950824359],[139.799222946167,35.66304950824359],[139.799222946167,35.66324127644291]]]}},{"type":"Feature","properties":{},"geometry":{"type":"Polygon","coordinates":[[[139.79999542236328,35.66324127644291],[139.8000168800354,35.66324127644291],[139.8000168800354,35.64390523787731],[139.79999542236328,35.64390523787731],[139.79999542236328,35.66324127644291]]]}},{"type":"Feature","properties":{},"geometry":{"type":"Polygon","coordinates":[[[139.7953176498413,35.66322384298928],[139.79533910751343,35.66322384298928],[139.79533910751343,35.64390523787731],[139.7953176498413,35.64390523787731],[139.7953176498413,35.66322384298928]]]}},{"type":"Feature","properties":{},"geometry":{"type":"Polygon","coordinates":[[[139.79920148849487,35.66322384298928],[139.799222946167,35.66322384298928],[139.799222946167,35.663032074748095],[139.79920148849487,35.663032074748095],[139.79920148849487,35.66322384298928]]]}},{"type":"Feature","properties":{},"geometry":{"type":"Polygon","coordinates":[[[139.79995250701904,35.66322384298928],[139.79999542236328,35.66322384298928],[139.79999542236328,35.64390523787731],[139.79995250701904,35.64390523787731],[139.79995250701904,35.66322384298928]]]}},{"type":"Feature","properties":{},"geometry":{"type":"Polygon","coordinates":[[[139.79533910751343,35.66320640953183],[139.79536056518555,35.66320640953183],[139.79536056518555,35.64390523787731],[139.79533910751343,35.64390523787731],[139.79533910751343,35.66320640953183]]]}},{"type":"Feature","properties":{},"geometry":{"type":"Polygon","coordinates":[[[139.79918003082275,35.66320640953183],[139.79920148849487,35.66320640953183],[139.79920148849487,35.66301464124878],[139.79918003082275,35.66301464124878],[139.79918003082275,35.66320640953183]]]}},{"type":"Feature","properties":{},"geometry":{"type":"Polygon","coordinates":[[[139.79993104934692,35.66320640953183],[139.79995250701904,35.66320640953183],[139.79995250701904,35.64390523787731],[139.79993104934692,35.64390523787731],[139.79993104934692,35.66320640953183]]]}},{"type":"Feature","properties":{},"geometry":{"type":"Polygon","coordinates":[[[139.79913711547852,35.6631889760706],[139.79918003082275,35.6631889760706],[139.79918003082275,35.66301464124878],[139.79913711547852,35.66301464124878],[139.79913711547852,35.6631889760706]]]}},{"type":"Feature","properties":{},"geometry":{"type":"Polygon","coordinates":[[[139.7999095916748,35.6631889760706],[139.79993104934692,35.6631889760706],[139.79993104934692,35.64390523787731],[139.7999095916748,35.64390523787731],[139.7999095916748,35.6631889760706]]]}},{"type":"Feature","properties":{},"geometry":{"type":"Polygon","coordinates":[[[139.79536056518555,35.66317154260554],[139.79538202285767,35.66317154260554],[139.79538202285767,35.64390523787731],[139.79536056518555,35.64390523787731],[139.79536056518555,35.66317154260554]]]}},{"type":"Feature","properties":{},"geometry":{"type":"Polygon","coordinates":[[[139.7991156578064,35.66317154260554],[139.79913711547852,35.66317154260554],[139.79913711547852,35.66297977423874],[139.7991156578064,35.66297977423874],[139.7991156578064,35.66317154260554]]]}},{"type":"Feature","properties":{},"geometry":{"type":"Polygon","coordinates":[[[139.79937314987183,35.66317154260554],[139.79939460754395,35.66317154260554],[139.79939460754395,35.663154109136684],[139.79937314987183,35.663154109136684],[139.79937314987183,35.66317154260554]]]}},{"type":"Feature","properties":{},"geometry":{"type":"Polygon","coordinates":[[[139.79988813400269,35.66317154260554],[139.7999095916748,35.66317154260554],[139.7999095916748,35.64390523787731],[139.79988813400269,35.64390523787731],[139.79988813400269,35.66317154260554]]]}},{"type":"Feature","properties":{},"geometry":{"type":"Polygon","coordinates":[[[139.79538202285767,35.663154109136684],[139.79540348052979,35.663154109136684],[139.79540348052979,35.64390523787731],[139.79538202285767,35.64390523787731],[139.79538202285767,35.663154109136684]]]}},{"type":"Feature","properties":{},"geometry":{"type":"Polygon","coordinates":[[[139.79909420013428,35.663154109136684],[139.7991156578064,35.663154109136684],[139.7991156578064,35.662962340728015],[139.79909420013428,35.662962340728015],[139.79909420013428,35.663154109136684]]]}},{"type":"Feature","properties":{},"geometry":{"type":"Polygon","coordinates":[[[139.79984521865845,35.663154109136684],[139.79988813400269,35.663154109136684],[139.79988813400269,35.64390523787731],[139.79984521865845,35.64390523787731],[139.79984521865845,35.663154109136684]]]}},{"type":"Feature","properties":{},"geometry":{"type":"Polygon","coordinates":[[[139.79540348052979,35.66313667566402],[139.7954249382019,35.66313667566402],[139.7954249382019,35.64390523787731],[139.79540348052979,35.64390523787731],[139.79540348052979,35.66313667566402]]]}},{"type":"Feature","properties":{},"geometry":{"type":"Polygon","coordinates":[[[139.79907274246216,35.66313667566402],[139.79909420013428,35.66313667566402],[139.79909420013428,35.66294490721347],[139.79907274246216,35.66294490721347],[139.79907274246216,35.66313667566402]]]}},{"type":"Feature","properties":{},"geometry":{"type":"Polygon","coordinates":[[[139.79982376098633,35.66313667566402],[139.79984521865845,35.66313667566402],[139.79984521865845,35.64390523787731],[139.79982376098633,35.64390523787731],[139.79982376098633,35.66313667566402]]]}},{"type":"Feature","properties":{},"geometry":{"type":"Polygon","coordinates":[[[139.79902982711792,35.663119242187534],[139.79907274246216,35.663119242187534],[139.79907274246216,35.66294490721347],[139.79902982711792,35.66294490721347],[139.79902982711792,35.663119242187534]]]}},{"type":"Feature","properties":{},"geometry":{"type":"Polygon","coordinates":[[[139.7998023033142,35.663119242187534],[139.79982376098633,35.663119242187534],[139.79982376098633,35.64390523787731],[139.7998023033142,35.64390523787731],[139.7998023033142,35.663119242187534]]]}},{"type":"Feature","properties":{},"geometry":{"type":"Polygon","coordinates":[[[139.7954249382019,35.663101808707275],[139.79544639587402,35.663101808707275],[139.79544639587402,35.64390523787731],[139.7954249382019,35.64390523787731],[139.7954249382019,35.663101808707275]]]}},{"type":"Feature","properties":{},"geometry":{"type":"Polygon","coordinates":[[[139.79613304138184,35.663101808707275],[139.79615449905396,35.663101808707275],[139.79615449905396,35.66287517311728],[139.79613304138184,35.66287517311728],[139.79613304138184,35.663101808707275]]]}},{"type":"Feature","properties":{},"geometry":{"type":"Polygon","coordinates":[[[139.7990083694458,35.663101808707275],[139.79902982711792,35.663101808707275],[139.79902982711792,35.66291004017299],[139.7990083694458,35.66291004017299],[139.7990083694458,35.663101808707275]]]}},{"type":"Feature","properties":{},"geometry":{"type":"Polygon","coordinates":[[[139.79926586151123,35.663101808707275],[139.79928731918335,35.663101808707275],[139.79928731918335,35.66308437522318],[139.79926586151123,35.66308437522318],[139.79926586151123,35.663101808707275]]]}},{"type":"Feature","properties":{},"geometry":{"type":"Polygon","coordinates":[[[139.7997808456421,35.663101808707275],[139.7998023033142,35.663101808707275],[139.7998023033142,35.64390523787731],[139.7997808456421,35.64390523787731],[139.7997808456421,35.663101808707275]]]}},{"type":"Feature","properties":{},"geometry":{"type":"Polygon","coordinates":[[[139.79544639587402,35.66308437522318],[139.79546785354614,35.66308437522318],[139.79546785354614,35.64390523787731],[139.79544639587402,35.64390523787731],[139.79544639587402,35.66308437522318]]]}},{"type":"Feature","properties":{},"geometry":{"type":"Polygon","coordinates":[[[139.7960901260376,35.66308437522318],[139.79613304138184,35.66308437522318],[139.79613304138184,35.66294490721347],[139.7960901260376,35.66294490721347],[139.7960901260376,35.66308437522318]]]}},{"type":"Feature","properties":{},"geometry":{"type":"Polygon","coordinates":[[[139.79615449905396,35.66308437522318],[139.79617595672607,35.66308437522318],[139.79617595672607,35.66285773958369],[139.79615449905396,35.66285773958369],[139.79615449905396,35.66308437522318]]]}},{"type":"Feature","properties":{},"geometry":{"type":"Polygon","coordinates":[[[139.79898691177368,35.66308437522318],[139.7990083694458,35.66308437522318],[139.7990083694458,35.66289260664704],[139.79898691177368,35.66289260664704],[139.79898691177368,35.66308437522318]]]}},{"type":"Feature","properties":{},"geometry":{"type":"Polygon","coordinates":[[[139.79973793029785,35.66308437522318],[139.7997808456421,35.66308437522318],[139.7997808456421,35.64390523787731],[139.79973793029785,35.64390523787731],[139.79973793029785,35.66308437522318]]]}},{"type":"Feature","properties":{},"geometry":{"type":"Polygon","coordinates":[[[139.79546785354614,35.663066941735295],[139.79548931121826,35.663066941735295],[139.79548931121826,35.64390523787731],[139.79546785354614,35.64390523787731],[139.79546785354614,35.663066941735295]]]}},{"type":"Feature","properties":{},"geometry":{"type":"Polygon","coordinates":[[[139.79606866836548,35.663066941735295],[139.7960901260376,35.663066941735295],[139.7960901260376,35.66297977423874],[139.79606866836548,35.66297977423874],[139.79606866836548,35.663066941735295]]]}},{"type":"Feature","properties":{},"geometry":{"type":"Polygon","coordinates":[[[139.79617595672607,35.663066941735295],[139.7961974143982,35.663066941735295],[139.7961974143982,35.66282287250514],[139.79617595672607,35.66282287250514],[139.79617595672607,35.663066941735295]]]}},{"type":"Feature","properties":{},"geometry":{"type":"Polygon","coordinates":[[[139.79896545410156,35.663066941735295],[139.79898691177368,35.663066941735295],[139.79898691177368,35.66287517311728],[139.79896545410156,35.66287517311728],[139.79896545410156,35.663066941735295]]]}},{"type":"Feature","properties":{},"geometry":{"type":"Polygon","coordinates":[[[139.79971647262573,35.663066941735295],[139.79973793029785,35.663066941735295],[139.79973793029785,35.64390523787731],[139.79971647262573,35.64390523787731],[139.79971647262573,35.663066941735295]]]}},{"type":"Feature","properties":{},"geometry":{"type":"Polygon","coordinates":[[[139.79602575302124,35.66304950824359],[139.79606866836548,35.66304950824359],[139.79606866836548,35.663032074748095],[139.79602575302124,35.663032074748095],[139.79602575302124,35.66304950824359]]]}},{"type":"Feature","properties":{},"geometry":{"type":"Polygon","coordinates":[[[139.7961974143982,35.66304950824359],[139.7962188720703,35.66304950824359],[139.7962188720703,35.66278800541136],[139.7961974143982,35.66278800541136],[139.7961974143982,35.66304950824359]]]}},{"type":"Feature","properties":{},"geometry":{"type":"Polygon","coordinates":[[[139.79892253875732,35.66304950824359],[139.79896545410156,35.66304950824359],[139.79896545410156,35.66285773958369],[139.79892253875732,35.66285773958369],[139.79892253875732,35.66304950824359]]]}},{"type":"Feature","properties":{},"geometry":{"type":"Polygon","coordinates":[[[139.7996950149536,35.66304950824359],[139.79971647262573,35.66304950824359],[139.79971647262573,35.64390523787731],[139.7996950149536,35.64390523787731],[139.7996950149536,35.66304950824359]]]}},{"type":"Feature","properties":{},"geometry":{"type":"Polygon","coordinates":[[[139.79548931121826,35.663032074748095],[139.79551076889038,35.663032074748095],[139.79551076889038,35.64390523787731],[139.79548931121826,35.64390523787731],[139.79548931121826,35.663032074748095]]]}},{"type":"Feature","properties":{},"geometry":{"type":"Polygon","coordinates":[[[139.79604721069336,35.663032074748095],[139.79606866836548,35.663032074748095],[139.79606866836548,35.662997207745676],[139.79604721069336,35.662997207745676],[139.79604721069336,35.663032074748095]]]}},{"type":"Feature","properties":{},"geometry":{"type":"Polygon","coordinates":[[[139.7962188720703,35.663032074748095],[139.79624032974243,35.663032074748095],[139.79624032974243,35.662770571858765],[139.7962188720703,35.662770571858765],[139.7962188720703,35.663032074748095]]]}},{"type":"Feature","properties":{},"geometry":{"type":"Polygon","coordinates":[[[139.7989010810852,35.663032074748095],[139.79892253875732,35.663032074748095],[139.79892253875732,35.662840306046334],[139.7989010810852,35.662840306046334],[139.7989010810852,35.663032074748095]]]}},{"type":"Feature","properties":{},"geometry":{"type":"Polygon","coordinates":[[[139.79965209960938,35.663032074748095],[139.7996950149536,35.663032074748095],[139.7996950149536,35.64390523787731],[139.79965209960938,35.64390523787731],[139.79965209960938,35.663032074748095]]]}},{"type":"Feature","properties":{},"geometry":{"type":"Polygon","coordinates":[[[139.79551076889038,35.66301464124878],[139.7955322265625,35.66301464124878],[139.7955322265625,35.64390523787731],[139.79551076889038,35.64390523787731],[139.79551076889038,35.66301464124878]]]}},{"type":"Feature","properties":{},"geometry":{"type":"Polygon","coordinates":[[[139.79624032974243,35.66301464124878],[139.79628324508667,35.66301464124878],[139.79628324508667,35.66273570474215],[139.79624032974243,35.66273570474215],[139.79624032974243,35.66301464124878]]]}},{"type":"Feature","properties":{},"geometry":{"type":"Polygon","coordinates":[[[139.7988796234131,35.66301464124878],[139.7989010810852,35.66301464124878],[139.7989010810852,35.66282287250514],[139.7988796234131,35.66282287250514],[139.7988796234131,35.66301464124878]]]}},{"type":"Feature","properties":{},"geometry":{"type":"Polygon","coordinates":[[[139.79913711547852,35.66301464124878],[139.79915857315063,35.66301464124878],[139.79915857315063,35.662997207745676],[139.79913711547852,35.662997207745676],[139.79913711547852,35.66301464124878]]]}},{"type":"Feature","properties":{},"geometry":{"type":"Polygon","coordinates":[[[139.79963064193726,35.66301464124878],[139.79965209960938,35.66301464124878],[139.79965209960938,35.64390523787731],[139.79963064193726,35.64390523787731],[139.79963064193726,35.66301464124878]]]}},{"type":"Feature","properties":{},"geometry":{"type":"Polygon","coordinates":[[[139.7955322265625,35.662997207745676],[139.79555368423462,35.662997207745676],[139.79555368423462,35.64390523787731],[139.7955322265625,35.64390523787731],[139.7955322265625,35.662997207745676]]]}},{"type":"Feature","properties":{},"geometry":{"type":"Polygon","coordinates":[[[139.79628324508667,35.662997207745676],[139.7963047027588,35.662997207745676],[139.7963047027588,35.66266597046323],[139.79628324508667,35.66266597046323],[139.79628324508667,35.662997207745676]]]}},{"type":"Feature","properties":{},"geometry":{"type":"Polygon","coordinates":[[[139.79885816574097,35.662997207745676],[139.7988796234131,35.662997207745676],[139.7988796234131,35.66280543896016],[139.79885816574097,35.66280543896016],[139.79885816574097,35.662997207745676]]]}},{"type":"Feature","properties":{},"geometry":{"type":"Polygon","coordinates":[[[139.79960918426514,35.662997207745676],[139.79963064193726,35.662997207745676],[139.79963064193726,35.64390523787731],[139.79960918426514,35.64390523787731],[139.79960918426514,35.662997207745676]]]}},{"type":"Feature","properties":{},"geometry":{"type":"Polygon","coordinates":[[[139.7963047027588,35.66297977423874],[139.7963261604309,35.66297977423874],[139.7963261604309,35.66264853688397],[139.7963047027588,35.66264853688397],[139.7963047027588,35.66297977423874]]]}},{"type":"Feature","properties":{},"geometry":{"type":"Polygon","coordinates":[[[139.79883670806885,35.66297977423874],[139.79885816574097,35.66297977423874],[139.79885816574097,35.66278800541136],[139.79883670806885,35.66278800541136],[139.79883670806885,35.66297977423874]]]}},{"type":"Feature","properties":{},"geometry":{"type":"Polygon","coordinates":[[[139.79958772659302,35.66297977423874],[139.79960918426514,35.66297977423874],[139.79960918426514,35.64390523787731],[139.79958772659302,35.64390523787731],[139.79958772659302,35.66297977423874]]]}},{"type":"Feature","properties":{},"geometry":{"type":"Polygon","coordinates":[[[139.79555368423462,35.662962340728015],[139.79557514190674,35.662962340728015],[139.79557514190674,35.64390523787731],[139.79555368423462,35.64390523787731],[139.79555368423462,35.662962340728015]]]}},{"type":"Feature","properties":{},"geometry":{"type":"Polygon","coordinates":[[[139.7963261604309,35.662962340728015],[139.79634761810303,35.662962340728015],[139.79634761810303,35.66261366971407],[139.7963261604309,35.66261366971407],[139.7963261604309,35.662962340728015]]]}},{"type":"Feature","properties":{},"geometry":{"type":"Polygon","coordinates":[[[139.7987937927246,35.662962340728015],[139.79883670806885,35.662962340728015],[139.79883670806885,35.66278800541136],[139.7987937927246,35.66278800541136],[139.7987937927246,35.662962340728015]]]}},{"type":"Feature","properties":{},"geometry":{"type":"Polygon","coordinates":[[[139.79954481124878,35.662962340728015],[139.79958772659302,35.662962340728015],[139.79958772659302,35.64390523787731],[139.79954481124878,35.64390523787731],[139.79954481124878,35.662962340728015]]]}},{"type":"Feature","properties":{},"geometry":{"type":"Polygon","coordinates":[[[139.79557514190674,35.66294490721347],[139.79559659957886,35.66294490721347],[139.79559659957886,35.64390523787731],[139.79557514190674,35.64390523787731],[139.79557514190674,35.66294490721347]]]}},{"type":"Feature","properties":{},"geometry":{"type":"Polygon","coordinates":[[[139.79611158370972,35.66294490721347],[139.79613304138184,35.66294490721347],[139.79613304138184,35.66291004017299],[139.79611158370972,35.66291004017299],[139.79611158370972,35.66294490721347]]]}},{"type":"Feature","properties":{},"geometry":{"type":"Polygon","coordinates":[[[139.79634761810303,35.66294490721347],[139.79636907577515,35.66294490721347],[139.79636907577515,35.66257880252893],[139.79634761810303,35.66257880252893],[139.79634761810303,35.66294490721347]]]}},{"type":"Feature","properties":{},"geometry":{"type":"Polygon","coordinates":[[[139.7987723350525,35.66294490721347],[139.7987937927246,35.66294490721347],[139.7987937927246,35.66275313830235],[139.7987723350525,35.66275313830235],[139.7987723350525,35.66294490721347]]]}},{"type":"Feature","properties":{},"geometry":{"type":"Polygon","coordinates":[[[139.79902982711792,35.66294490721347],[139.79905128479004,35.66294490721347],[139.79905128479004,35.66292747369514],[139.79902982711792,35.66292747369514],[139.79902982711792,35.66294490721347]]]}},{"type":"Feature","properties":{},"geometry":{"type":"Polygon","coordinates":[[[139.79952335357666,35.66294490721347],[139.79954481124878,35.66294490721347],[139.79954481124878,35.64390523787731],[139.79952335357666,35.64390523787731],[139.79952335357666,35.66294490721347]]]}},{"type":"Feature","properties":{},"geometry":{"type":"Polygon","coordinates":[[[139.79559659957886,35.66292747369514],[139.79561805725098,35.66292747369514],[139.79561805725098,35.64390523787731],[139.79559659957886,35.64390523787731],[139.79559659957886,35.66292747369514]]]}},{"type":"Feature","properties":{},"geometry":{"type":"Polygon","coordinates":[[[139.79636907577515,35.66292747369514],[139.79639053344727,35.66292747369514],[139.79639053344727,35.66256136893064],[139.79636907577515,35.66256136893064],[139.79636907577515,35.66292747369514]]]}},{"type":"Feature","properties":{},"geometry":{"type":"Polygon","coordinates":[[[139.79875087738037,35.66292747369514],[139.7987723350525,35.66292747369514],[139.7987723350525,35.66273570474215],[139.79875087738037,35.66273570474215],[139.79875087738037,35.66292747369514]]]}},{"type":"Feature","properties":{},"geometry":{"type":"Polygon","coordinates":[[[139.79950189590454,35.66292747369514],[139.79952335357666,35.66292747369514],[139.79952335357666,35.64390523787731],[139.79950189590454,35.64390523787731],[139.79950189590454,35.66292747369514]]]}},{"type":"Feature","properties":{},"geometry":{"type":"Polygon","coordinates":[[[139.79639053344727,35.66291004017299],[139.7964334487915,35.66291004017299],[139.7964334487915,35.66252650172267],[139.79639053344727,35.66252650172267],[139.79639053344727,35.66291004017299]]]}},{"type":"Feature","properties":{},"geometry":{"type":"Polygon","coordinates":[[[139.79872941970825,35.66291004017299],[139.79875087738037,35.66291004017299],[139.79875087738037,35.662718271178115],[139.79872941970825,35.662718271178115],[139.79872941970825,35.66291004017299]]]}},{"type":"Feature","properties":{},"geometry":{"type":"Polygon","coordinates":[[[139.79948043823242,35.66291004017299],[139.79950189590454,35.66291004017299],[139.79950189590454,35.64390523787731],[139.79948043823242,35.64390523787731],[139.79948043823242,35.66291004017299]]]}},{"type":"Feature","properties":{},"geometry":{"type":"Polygon","coordinates":[[[139.79561805725098,35.66289260664704],[139.7956395149231,35.66289260664704],[139.7956395149231,35.64390523787731],[139.79561805725098,35.64390523787731],[139.79561805725098,35.66289260664704]]]}},{"type":"Feature","properties":{},"geometry":{"type":"Polygon","coordinates":[[[139.7964334487915,35.66289260664704],[139.79645490646362,35.66289260664704],[139.79645490646362,35.662456767261034],[139.7964334487915,35.662456767261034],[139.7964334487915,35.66289260664704]]]}},{"type":"Feature","properties":{},"geometry":{"type":"Polygon","coordinates":[[[139.798686504364,35.66289260664704],[139.79872941970825,35.66289260664704],[139.79872941970825,35.66270083761031],[139.798686504364,35.66270083761031],[139.798686504364,35.66289260664704]]]}},{"type":"Feature","properties":{},"geometry":{"type":"Polygon","coordinates":[[[139.79943752288818,35.66289260664704],[139.79948043823242,35.66289260664704],[139.79948043823242,35.64390523787731],[139.79943752288818,35.64390523787731],[139.79943752288818,35.66289260664704]]]}},{"type":"Feature","properties":{},"geometry":{"type":"Polygon","coordinates":[[[139.7956395149231,35.66287517311728],[139.79566097259521,35.66287517311728],[139.79566097259521,35.64390523787731],[139.7956395149231,35.64390523787731],[139.7956395149231,35.66287517311728]]]}},{"type":"Feature","properties":{},"geometry":{"type":"Polygon","coordinates":[[[139.79645490646362,35.66287517311728],[139.79647636413574,35.66287517311728],[139.79647636413574,35.66243933363612],[139.79645490646362,35.66243933363612],[139.79645490646362,35.66287517311728]]]}},{"type":"Feature","properties":{},"geometry":{"type":"Polygon","coordinates":[[[139.7986650466919,35.66287517311728],[139.798686504364,35.66287517311728],[139.798686504364,35.66268340403866],[139.7986650466919,35.66268340403866],[139.7986650466919,35.66287517311728]]]}},{"type":"Feature","properties":{},"geometry":{"type":"Polygon","coordinates":[[[139.79941606521606,35.66287517311728],[139.79943752288818,35.66287517311728],[139.79943752288818,35.64390523787731],[139.79941606521606,35.64390523787731],[139.79941606521606,35.66287517311728]]]}},{"type":"Feature","properties":{},"geometry":{"type":"Polygon","coordinates":[[[139.79566097259521,35.66285773958369],[139.79568243026733,35.66285773958369],[139.79568243026733,35.64390523787731],[139.79566097259521,35.64390523787731],[139.79566097259521,35.66285773958369]]]}},{"type":"Feature","properties":{},"geometry":{"type":"Polygon","coordinates":[[[139.79647636413574,35.66285773958369],[139.79649782180786,35.66285773958369],[139.79649782180786,35.66240446637486],[139.79647636413574,35.66240446637486],[139.79647636413574,35.66285773958369]]]}},{"type":"Feature","properties":{},"geometry":{"type":"Polygon","coordinates":[[[139.79864358901978,35.66285773958369],[139.7986650466919,35.66285773958369],[139.7986650466919,35.66266597046323],[139.79864358901978,35.66266597046323],[139.79864358901978,35.66285773958369]]]}},{"type":"Feature","properties":{},"geometry":{"type":"Polygon","coordinates":[[[139.79939460754395,35.66285773958369],[139.79941606521606,35.66285773958369],[139.79941606521606,35.64390523787731],[139.79939460754395,35.64390523787731],[139.79939460754395,35.66285773958369]]]}},{"type":"Feature","properties":{},"geometry":{"type":"Polygon","coordinates":[[[139.79568243026733,35.662840306046334],[139.79570388793945,35.662840306046334],[139.79570388793945,35.64390523787731],[139.79568243026733,35.64390523787731],[139.79568243026733,35.662840306046334]]]}},{"type":"Feature","properties":{},"geometry":{"type":"Polygon","coordinates":[[[139.79649782180786,35.662840306046334],[139.79651927947998,35.662840306046334],[139.79651927947998,35.66236959909837],[139.79649782180786,35.66236959909837],[139.79649782180786,35.662840306046334]]]}},{"type":"Feature","properties":{},"geometry":{"type":"Polygon","coordinates":[[[139.79860067367554,35.662840306046334],[139.79864358901978,35.662840306046334],[139.79864358901978,35.66264853688397],[139.79860067367554,35.66264853688397],[139.79860067367554,35.662840306046334]]]}},{"type":"Feature","properties":{},"geometry":{"type":"Polygon","coordinates":[[[139.7993516921997,35.662840306046334],[139.79939460754395,35.662840306046334],[139.79939460754395,35.64390523787731],[139.7993516921997,35.64390523787731],[139.7993516921997,35.662840306046334]]]}},{"type":"Feature","properties":{},"geometry":{"type":"Polygon","coordinates":[[[139.79651927947998,35.66282287250514],[139.7965407371521,35.66282287250514],[139.7965407371521,35.662334731806624],[139.79651927947998,35.662334731806624],[139.79651927947998,35.66282287250514]]]}},{"type":"Feature","properties":{},"geometry":{"type":"Polygon","coordinates":[[[139.79857921600342,35.66282287250514],[139.79860067367554,35.66282287250514],[139.79860067367554,35.66263110330093],[139.79857921600342,35.66263110330093],[139.79857921600342,35.66282287250514]]]}},{"type":"Feature","properties":{},"geometry":{"type":"Polygon","coordinates":[[[139.7993302345276,35.66282287250514],[139.7993516921997,35.66282287250514],[139.7993516921997,35.64390523787731],[139.7993302345276,35.64390523787731],[139.7993302345276,35.66282287250514]]]}},{"type":"Feature","properties":{},"geometry":{"type":"Polygon","coordinates":[[[139.79570388793945,35.66280543896016],[139.79572534561157,35.66280543896016],[139.79572534561157,35.64390523787731],[139.79570388793945,35.64390523787731],[139.79570388793945,35.66280543896016]]]}},{"type":"Feature","properties":{},"geometry":{"type":"Polygon","coordinates":[[[139.7965407371521,35.66280543896016],[139.79656219482422,35.66280543896016],[139.79656219482422,35.66231729815507],[139.7965407371521,35.66231729815507],[139.7965407371521,35.66280543896016]]]}},{"type":"Feature","properties":{},"geometry":{"type":"Polygon","coordinates":[[[139.7985577583313,35.66280543896016],[139.79857921600342,35.66280543896016],[139.79857921600342,35.66261366971407],[139.7985577583313,35.66261366971407],[139.7985577583313,35.66280543896016]]]}},{"type":"Feature","properties":{},"geometry":{"type":"Polygon","coordinates":[[[139.79930877685547,35.66280543896016],[139.7993302345276,35.66280543896016],[139.7993302345276,35.64390523787731],[139.79930877685547,35.64390523787731],[139.79930877685547,35.66280543896016]]]}},{"type":"Feature","properties":{},"geometry":{"type":"Polygon","coordinates":[[[139.79572534561157,35.66278800541136],[139.7957468032837,35.66278800541136],[139.7957468032837,35.64390523787731],[139.79572534561157,35.64390523787731],[139.79572534561157,35.66278800541136]]]}},{"type":"Feature","properties":{},"geometry":{"type":"Polygon","coordinates":[[[139.79656219482422,35.66278800541136],[139.79658365249634,35.66278800541136],[139.79658365249634,35.66228243084051],[139.79656219482422,35.66228243084051],[139.79656219482422,35.66278800541136]]]}},{"type":"Feature","properties":{},"geometry":{"type":"Polygon","coordinates":[[[139.79853630065918,35.66278800541136],[139.7985577583313,35.66278800541136],[139.7985577583313,35.662596236123385],[139.79853630065918,35.662596236123385],[139.79853630065918,35.66278800541136]]]}},{"type":"Feature","properties":{},"geometry":{"type":"Polygon","coordinates":[[[139.7987937927246,35.66278800541136],[139.79881525039673,35.66278800541136],[139.79881525039673,35.662770571858765],[139.7987937927246,35.662770571858765],[139.7987937927246,35.66278800541136]]]}},{"type":"Feature","properties":{},"geometry":{"type":"Polygon","coordinates":[[[139.79928731918335,35.66278800541136],[139.79930877685547,35.66278800541136],[139.79930877685547,35.64390523787731],[139.79928731918335,35.64390523787731],[139.79928731918335,35.66278800541136]]]}},{"type":"Feature","properties":{},"geometry":{"type":"Polygon","coordinates":[[[139.7957468032837,35.662770571858765],[139.7957682609558,35.662770571858765],[139.7957682609558,35.64390523787731],[139.7957468032837,35.64390523787731],[139.7957468032837,35.662770571858765]]]}},{"type":"Feature","properties":{},"geometry":{"type":"Polygon","coordinates":[[[139.79849338531494,35.662770571858765],[139.79853630065918,35.662770571858765],[139.79853630065918,35.66257880252893],[139.79849338531494,35.66257880252893],[139.79849338531494,35.662770571858765]]]}},{"type":"Feature","properties":{},"geometry":{"type":"Polygon","coordinates":[[[139.7992444038391,35.662770571858765],[139.79928731918335,35.662770571858765],[139.79928731918335,35.64390523787731],[139.7992444038391,35.64390523787731],[139.7992444038391,35.662770571858765]]]}},{"type":"Feature","properties":{},"geometry":{"type":"Polygon","coordinates":[[[139.79658365249634,35.66275313830235],[139.79660511016846,35.66275313830235],[139.79660511016846,35.66224756351073],[139.79658365249634,35.66224756351073],[139.79658365249634,35.66275313830235]]]}},{"type":"Feature","properties":{},"geometry":{"type":"Polygon","coordinates":[[[139.79847192764282,35.66275313830235],[139.79849338531494,35.66275313830235],[139.79849338531494,35.662543935328564],[139.79847192764282,35.662543935328564],[139.79847192764282,35.66275313830235]]]}},{"type":"Feature","properties":{},"geometry":{"type":"Polygon","coordinates":[[[139.799222946167,35.66275313830235],[139.7992444038391,35.66275313830235],[139.7992444038391,35.64390523787731],[139.799222946167,35.64390523787731],[139.799222946167,35.66275313830235]]]}},{"type":"Feature","properties":{},"geometry":{"type":"Polygon","coordinates":[[[139.7957682609558,35.66273570474215],[139.79578971862793,35.66273570474215],[139.79578971862793,35.64390523787731],[139.7957682609558,35.64390523787731],[139.7957682609558,35.66273570474215]]]}},{"type":"Feature","properties":{},"geometry":{"type":"Polygon","coordinates":[[[139.79626178741455,35.66273570474215],[139.79628324508667,35.66273570474215],[139.79628324508667,35.66270083761031],[139.79626178741455,35.66270083761031],[139.79626178741455,35.66273570474215]]]}},{"type":"Feature","properties":{},"geometry":{"type":"Polygon","coordinates":[[[139.7984504699707,35.66273570474215],[139.79847192764282,35.66273570474215],[139.79847192764282,35.662543935328564],[139.7984504699707,35.662543935328564],[139.7984504699707,35.66273570474215]]]}},{"type":"Feature","properties":{},"geometry":{"type":"Polygon","coordinates":[[[139.79920148849487,35.66273570474215],[139.799222946167,35.66273570474215],[139.799222946167,35.64390523787731],[139.79920148849487,35.64390523787731],[139.79920148849487,35.66273570474215]]]}},{"type":"Feature","properties":{},"geometry":{"type":"Polygon","coordinates":[[[139.79578971862793,35.662718271178115],[139.79581117630005,35.662718271178115],[139.79581117630005,35.64390523787731],[139.79578971862793,35.64390523787731],[139.79578971862793,35.662718271178115]]]}},{"type":"Feature","properties":{},"geometry":{"type":"Polygon","coordinates":[[[139.79842901229858,35.662718271178115],[139.7984504699707,35.662718271178115],[139.7984504699707,35.66252650172267],[139.79842901229858,35.66252650172267],[139.79842901229858,35.662718271178115]]]}},{"type":"Feature","properties":{},"geometry":{"type":"Polygon","coordinates":[[[139.79918003082275,35.662718271178115],[139.79920148849487,35.662718271178115],[139.79920148849487,35.64390523787731],[139.79918003082275,35.64390523787731],[139.79918003082275,35.662718271178115]]]}},{"type":"Feature","properties":{},"geometry":{"type":"Polygon","coordinates":[[[139.79581117630005,35.66270083761031],[139.79583263397217,35.66270083761031],[139.79583263397217,35.64390523787731],[139.79581117630005,35.64390523787731],[139.79581117630005,35.66270083761031]]]}},{"type":"Feature","properties":{},"geometry":{"type":"Polygon","coordinates":[[[139.79660511016846,35.66270083761031],[139.79662656784058,35.66270083761031],[139.79662656784058,35.662230129840125],[139.79660511016846,35.662230129840125],[139.79660511016846,35.66270083761031]]]}},{"type":"Feature","properties":{},"geometry":{"type":"Polygon","coordinates":[[[139.79838609695435,35.66270083761031],[139.79842901229858,35.66270083761031],[139.79842901229858,35.662509068112975],[139.79838609695435,35.662509068112975],[139.79838609695435,35.66270083761031]]]}},{"type":"Feature","properties":{},"geometry":{"type":"Polygon","coordinates":[[[139.79913711547852,35.66270083761031],[139.79918003082275,35.66270083761031],[139.79918003082275,35.64390523787731],[139.79913711547852,35.64390523787731],[139.79913711547852,35.66270083761031]]]}},{"type":"Feature","properties":{},"geometry":{"type":"Polygon","coordinates":[[[139.79662656784058,35.66268340403866],[139.7966480255127,35.66268340403866],[139.7966480255127,35.662195262487494],[139.79662656784058,35.662195262487494],[139.79662656784058,35.66268340403866]]]}},{"type":"Feature","properties":{},"geometry":{"type":"Polygon","coordinates":[[[139.79836463928223,35.66268340403866],[139.79838609695435,35.66268340403866],[139.79838609695435,35.66247420088216],[139.79836463928223,35.66247420088216],[139.79836463928223,35.66268340403866]]]}},{"type":"Feature","properties":{},"geometry":{"type":"Polygon","coordinates":[[[139.7991156578064,35.66268340403866],[139.79913711547852,35.66268340403866],[139.79913711547852,35.64390523787731],[139.7991156578064,35.64390523787731],[139.7991156578064,35.66268340403866]]]}},{"type":"Feature","properties":{},"geometry":{"type":"Polygon","coordinates":[[[139.79583263397217,35.66266597046323],[139.7958540916443,35.66266597046323],[139.7958540916443,35.64390523787731],[139.79583263397217,35.64390523787731],[139.79583263397217,35.66266597046323]]]}},{"type":"Feature","properties":{},"geometry":{"type":"Polygon","coordinates":[[[139.7983431816101,35.66266597046323],[139.79836463928223,35.66266597046323],[139.79836463928223,35.66247420088216],[139.7983431816101,35.66247420088216],[139.7983431816101,35.66266597046323]]]}},{"type":"Feature","properties":{},"geometry":{"type":"Polygon","coordinates":[[[139.79909420013428,35.66266597046323],[139.7991156578064,35.66266597046323],[139.7991156578064,35.64390523787731],[139.79909420013428,35.64390523787731],[139.79909420013428,35.66266597046323]]]}},{"type":"Feature","properties":{},"geometry":{"type":"Polygon","coordinates":[[[139.7958540916443,35.66264853688397],[139.7958755493164,35.66264853688397],[139.7958755493164,35.64390523787731],[139.7958540916443,35.64390523787731],[139.7958540916443,35.66264853688397]]]}},{"type":"Feature","properties":{},"geometry":{"type":"Polygon","coordinates":[[[139.798321723938,35.66264853688397],[139.7983431816101,35.66264853688397],[139.7983431816101,35.662456767261034],[139.798321723938,35.662456767261034],[139.798321723938,35.66264853688397]]]}},{"type":"Feature","properties":{},"geometry":{"type":"Polygon","coordinates":[[[139.79860067367554,35.66264853688397],[139.79862213134766,35.66264853688397],[139.79862213134766,35.66263110330093],[139.79860067367554,35.66263110330093],[139.79860067367554,35.66264853688397]]]}},{"type":"Feature","properties":{},"geometry":{"type":"Polygon","coordinates":[[[139.79907274246216,35.66264853688397],[139.79909420013428,35.66264853688397],[139.79909420013428,35.64390523787731],[139.79907274246216,35.64390523787731],[139.79907274246216,35.66264853688397]]]}},{"type":"Feature","properties":{},"geometry":{"type":"Polygon","coordinates":[[[139.7958755493164,35.66263110330093],[139.79589700698853,35.66263110330093],[139.79589700698853,35.64390523787731],[139.7958755493164,35.64390523787731],[139.7958755493164,35.66263110330093]]]}},{"type":"Feature","properties":{},"geometry":{"type":"Polygon","coordinates":[[[139.7966480255127,35.66263110330093],[139.79666948318481,35.66263110330093],[139.79666948318481,35.66216039511965],[139.7966480255127,35.66216039511965],[139.7966480255127,35.66263110330093]]]}},{"type":"Feature","properties":{},"geometry":{"type":"Polygon","coordinates":[[[139.79827880859375,35.66263110330093],[139.798321723938,35.66263110330093],[139.798321723938,35.66243933363612],[139.79827880859375,35.66243933363612],[139.79827880859375,35.66263110330093]]]}},{"type":"Feature","properties":{},"geometry":{"type":"Polygon","coordinates":[[[139.79902982711792,35.66263110330093],[139.79907274246216,35.66263110330093],[139.79907274246216,35.64390523787731],[139.79902982711792,35.64390523787731],[139.79902982711792,35.66263110330093]]]}},{"type":"Feature","properties":{},"geometry":{"type":"Polygon","coordinates":[[[139.79825735092163,35.66261366971407],[139.79827880859375,35.66261366971407],[139.79827880859375,35.66240446637486],[139.79825735092163,35.66240446637486],[139.79825735092163,35.66261366971407]]]}},{"type":"Feature","properties":{},"geometry":{"type":"Polygon","coordinates":[[[139.7990083694458,35.66261366971407],[139.79902982711792,35.66261366971407],[139.79902982711792,35.64390523787731],[139.7990083694458,35.64390523787731],[139.7990083694458,35.66261366971407]]]}},{"type":"Feature","properties":{},"geometry":{"type":"Polygon","coordinates":[[[139.79589700698853,35.662596236123385],[139.79591846466064,35.662596236123385],[139.79591846466064,35.64390523787731],[139.79589700698853,35.64390523787731],[139.79589700698853,35.662596236123385]]]}},{"type":"Feature","properties":{},"geometry":{"type":"Polygon","coordinates":[[[139.79666948318481,35.662596236123385],[139.79669094085693,35.662596236123385],[139.79669094085693,35.66212552773658],[139.79666948318481,35.66212552773658],[139.79666948318481,35.662596236123385]]]}},{"type":"Feature","properties":{},"geometry":{"type":"Polygon","coordinates":[[[139.7982358932495,35.662596236123385],[139.79825735092163,35.662596236123385],[139.79825735092163,35.6623870327385],[139.7982358932495,35.6623870327385],[139.7982358932495,35.662596236123385]]]}},{"type":"Feature","properties":{},"geometry":{"type":"Polygon","coordinates":[[[139.79898691177368,35.662596236123385],[139.7990083694458,35.662596236123385],[139.7990083694458,35.64390523787731],[139.79898691177368,35.64390523787731],[139.79898691177368,35.662596236123385]]]}},{"type":"Feature","properties":{},"geometry":{"type":"Polygon","coordinates":[[[139.79591846466064,35.66257880252893],[139.79593992233276,35.66257880252893],[139.79593992233276,35.64390523787731],[139.79591846466064,35.64390523787731],[139.79591846466064,35.66257880252893]]]}},{"type":"Feature","properties":{},"geometry":{"type":"Polygon","coordinates":[[[139.7982144355774,35.66257880252893],[139.7982358932495,35.66257880252893],[139.7982358932495,35.6623870327385],[139.7982144355774,35.6623870327385],[139.7982144355774,35.66257880252893]]]}},{"type":"Feature","properties":{},"geometry":{"type":"Polygon","coordinates":[[[139.79849338531494,35.66257880252893],[139.79851484298706,35.66257880252893],[139.79851484298706,35.66256136893064],[139.79849338531494,35.66256136893064],[139.79849338531494,35.66257880252893]]]}},{"type":"Feature","properties":{},"geometry":{"type":"Polygon","coordinates":[[[139.79894399642944,35.66257880252893],[139.79898691177368,35.66257880252893],[139.79898691177368,35.64390523787731],[139.79894399642944,35.64390523787731],[139.79894399642944,35.66257880252893]]]}},{"type":"Feature","properties":{},"geometry":{"type":"Polygon","coordinates":[[[139.79593992233276,35.66256136893064],[139.79596138000488,35.66256136893064],[139.79596138000488,35.64390523787731],[139.79593992233276,35.64390523787731],[139.79593992233276,35.66256136893064]]]}},{"type":"Feature","properties":{},"geometry":{"type":"Polygon","coordinates":[[[139.79669094085693,35.66256136893064],[139.79671239852905,35.66256136893064],[139.79671239852905,35.66210809403934],[139.79669094085693,35.66210809403934],[139.79669094085693,35.66256136893064]]]}},{"type":"Feature","properties":{},"geometry":{"type":"Polygon","coordinates":[[[139.79817152023315,35.66256136893064],[139.7982144355774,35.66256136893064],[139.7982144355774,35.66236959909837],[139.79817152023315,35.66236959909837],[139.79817152023315,35.66256136893064]]]}},{"type":"Feature","properties":{},"geometry":{"type":"Polygon","coordinates":[[[139.79892253875732,35.66256136893064],[139.79894399642944,35.66256136893064],[139.79894399642944,35.64390523787731],[139.79892253875732,35.64390523787731],[139.79892253875732,35.66256136893064]]]}},{"type":"Feature","properties":{},"geometry":{"type":"Polygon","coordinates":[[[139.79815006256104,35.662543935328564],[139.79817152023315,35.662543935328564],[139.79817152023315,35.662334731806624],[139.79815006256104,35.662334731806624],[139.79815006256104,35.662543935328564]]]}},{"type":"Feature","properties":{},"geometry":{"type":"Polygon","coordinates":[[[139.7989010810852,35.662543935328564],[139.79892253875732,35.662543935328564],[139.79892253875732,35.64390523787731],[139.7989010810852,35.64390523787731],[139.7989010810852,35.662543935328564]]]}},{"type":"Feature","properties":{},"geometry":{"type":"Polygon","coordinates":[[[139.79596138000488,35.66252650172267],[139.795982837677,35.66252650172267],[139.795982837677,35.64390523787731],[139.79596138000488,35.64390523787731],[139.79596138000488,35.66252650172267]]]}},{"type":"Feature","properties":{},"geometry":{"type":"Polygon","coordinates":[[[139.79641199111938,35.66252650172267],[139.7964334487915,35.66252650172267],[139.7964334487915,35.66249163449946],[139.79641199111938,35.66249163449946],[139.79641199111938,35.66252650172267]]]}},{"type":"Feature","properties":{},"geometry":{"type":"Polygon","coordinates":[[[139.79671239852905,35.66252650172267],[139.79673385620117,35.66252650172267],[139.79673385620117,35.662073226633424],[139.79671239852905,35.662073226633424],[139.79671239852905,35.66252650172267]]]}},{"type":"Feature","properties":{},"geometry":{"type":"Polygon","coordinates":[[[139.79812860488892,35.66252650172267],[139.79815006256104,35.66252650172267],[139.79815006256104,35.66231729815507],[139.79812860488892,35.66231729815507],[139.79812860488892,35.66252650172267]]]}},{"type":"Feature","properties":{},"geometry":{"type":"Polygon","coordinates":[[[139.7988796234131,35.66252650172267],[139.7989010810852,35.66252650172267],[139.7989010810852,35.64390523787731],[139.7988796234131,35.64390523787731],[139.7988796234131,35.66252650172267]]]}},{"type":"Feature","properties":{},"geometry":{"type":"Polygon","coordinates":[[[139.795982837677,35.662509068112975],[139.79600429534912,35.662509068112975],[139.79600429534912,35.64390523787731],[139.795982837677,35.64390523787731],[139.795982837677,35.662509068112975]]]}},{"type":"Feature","properties":{},"geometry":{"type":"Polygon","coordinates":[[[139.7981071472168,35.662509068112975],[139.79812860488892,35.662509068112975],[139.79812860488892,35.66231729815507],[139.7981071472168,35.66231729815507],[139.7981071472168,35.662509068112975]]]}},{"type":"Feature","properties":{},"geometry":{"type":"Polygon","coordinates":[[[139.79838609695435,35.662509068112975],[139.79840755462646,35.662509068112975],[139.79840755462646,35.66249163449946],[139.79838609695435,35.66249163449946],[139.79838609695435,35.662509068112975]]]}},{"type":"Feature","properties":{},"geometry":{"type":"Polygon","coordinates":[[[139.79883670806885,35.662509068112975],[139.7988796234131,35.662509068112975],[139.7988796234131,35.64390523787731],[139.79883670806885,35.64390523787731],[139.79883670806885,35.662509068112975]]]}},{"type":"Feature","properties":{},"geometry":{"type":"Polygon","coordinates":[[[139.79600429534912,35.66249163449946],[139.79602575302124,35.66249163449946],[139.79602575302124,35.64390523787731],[139.79600429534912,35.64390523787731],[139.79600429534912,35.66249163449946]]]}},{"type":"Feature","properties":{},"geometry":{"type":"Polygon","coordinates":[[[139.79673385620117,35.66249163449946],[139.7967553138733,35.66249163449946],[139.7967553138733,35.66203835921227],[139.79673385620117,35.66203835921227],[139.79673385620117,35.66249163449946]]]}},{"type":"Feature","properties":{},"geometry":{"type":"Polygon","coordinates":[[[139.79806423187256,35.66249163449946],[139.7981071472168,35.66249163449946],[139.7981071472168,35.66229986449969],[139.79806423187256,35.66229986449969],[139.79806423187256,35.66249163449946]]]}},{"type":"Feature","properties":{},"geometry":{"type":"Polygon","coordinates":[[[139.79881525039673,35.66249163449946],[139.79883670806885,35.66249163449946],[139.79883670806885,35.64390523787731],[139.79881525039673,35.64390523787731],[139.79881525039673,35.66249163449946]]]}},{"type":"Feature","properties":{},"geometry":{"type":"Polygon","coordinates":[[[139.79804277420044,35.66247420088216],[139.79806423187256,35.66247420088216],[139.79806423187256,35.662264997177516],[139.79804277420044,35.662264997177516],[139.79804277420044,35.66247420088216]]]}},{"type":"Feature","properties":{},"geometry":{"type":"Polygon","coordinates":[[[139.7987937927246,35.66247420088216],[139.79881525039673,35.66247420088216],[139.79881525039673,35.64390523787731],[139.7987937927246,35.64390523787731],[139.7987937927246,35.66247420088216]]]}},{"type":"Feature","properties":{},"geometry":{"type":"Polygon","coordinates":[[[139.79602575302124,35.662456767261034],[139.79604721069336,35.662456767261034],[139.79604721069336,35.64390523787731],[139.79602575302124,35.64390523787731],[139.79602575302124,35.662456767261034]]]}},{"type":"Feature","properties":{},"geometry":{"type":"Polygon","coordinates":[[[139.7967553138733,35.662456767261034],[139.7967767715454,35.662456767261034],[139.7967767715454,35.662020925496],[139.7967553138733,35.662020925496],[139.7967553138733,35.662456767261034]]]}},{"type":"Feature","properties":{},"geometry":{"type":"Polygon","coordinates":[[[139.79802131652832,35.662456767261034],[139.79804277420044,35.662456767261034],[139.79804277420044,35.66224756351073],[139.79802131652832,35.66224756351073],[139.79802131652832,35.662456767261034]]]}},{"type":"Feature","properties":{},"geometry":{"type":"Polygon","coordinates":[[[139.7987723350525,35.662456767261034],[139.7987937927246,35.662456767261034],[139.7987937927246,35.64390523787731],[139.7987723350525,35.64390523787731],[139.7987723350525,35.662456767261034]]]}},{"type":"Feature","properties":{},"geometry":{"type":"Polygon","coordinates":[[[139.79604721069336,35.66243933363612],[139.79606866836548,35.66243933363612],[139.79606866836548,35.64390523787731],[139.79604721069336,35.64390523787731],[139.79604721069336,35.66243933363612]]]}},{"type":"Feature","properties":{},"geometry":{"type":"Polygon","coordinates":[[[139.7979998588562,35.66243933363612],[139.79802131652832,35.66243933363612],[139.79802131652832,35.66224756351073],[139.7979998588562,35.66224756351073],[139.7979998588562,35.66243933363612]]]}},{"type":"Feature","properties":{},"geometry":{"type":"Polygon","coordinates":[[[139.79827880859375,35.66243933363612],[139.79830026626587,35.66243933363612],[139.79830026626587,35.66242190000739],[139.79827880859375,35.66242190000739],[139.79827880859375,35.66243933363612]]]}},{"type":"Feature","properties":{},"geometry":{"type":"Polygon","coordinates":[[[139.79872941970825,35.66243933363612],[139.7987723350525,35.66243933363612],[139.7987723350525,35.64390523787731],[139.79872941970825,35.64390523787731],[139.79872941970825,35.66243933363612]]]}},{"type":"Feature","properties":{},"geometry":{"type":"Polygon","coordinates":[[[139.79606866836548,35.66242190000739],[139.7960901260376,35.66242190000739],[139.7960901260376,35.64390523787731],[139.79606866836548,35.64390523787731],[139.79606866836548,35.66242190000739]]]}},{"type":"Feature","properties":{},"geometry":{"type":"Polygon","coordinates":[[[139.7967767715454,35.66242190000739],[139.79679822921753,35.66242190000739],[139.79679822921753,35.66198605805202],[139.7967767715454,35.66198605805202],[139.7967767715454,35.66242190000739]]]}},{"type":"Feature","properties":{},"geometry":{"type":"Polygon","coordinates":[[[139.79795694351196,35.66242190000739],[139.7979998588562,35.66242190000739],[139.7979998588562,35.662230129840125],[139.79795694351196,35.662230129840125],[139.79795694351196,35.66242190000739]]]}},{"type":"Feature","properties":{},"geometry":{"type":"Polygon","coordinates":[[[139.79870796203613,35.66242190000739],[139.79872941970825,35.66242190000739],[139.79872941970825,35.64390523787731],[139.79870796203613,35.64390523787731],[139.79870796203613,35.66242190000739]]]}},{"type":"Feature","properties":{},"geometry":{"type":"Polygon","coordinates":[[[139.7960901260376,35.66240446637486],[139.79611158370972,35.66240446637486],[139.79611158370972,35.64390523787731],[139.7960901260376,35.64390523787731],[139.7960901260376,35.66240446637486]]]}},{"type":"Feature","properties":{},"geometry":{"type":"Polygon","coordinates":[[[139.79793548583984,35.66240446637486],[139.79795694351196,35.66240446637486],[139.79795694351196,35.662195262487494],[139.79793548583984,35.662195262487494],[139.79793548583984,35.66240446637486]]]}},{"type":"Feature","properties":{},"geometry":{"type":"Polygon","coordinates":[[[139.798686504364,35.66240446637486],[139.79870796203613,35.66240446637486],[139.79870796203613,35.64390523787731],[139.798686504364,35.64390523787731],[139.798686504364,35.66240446637486]]]}},{"type":"Feature","properties":{},"geometry":{"type":"Polygon","coordinates":[[[139.79679822921753,35.6623870327385],[139.79681968688965,35.6623870327385],[139.79681968688965,35.66195119059282],[139.79679822921753,35.66195119059282],[139.79679822921753,35.6623870327385]]]}},{"type":"Feature","properties":{},"geometry":{"type":"Polygon","coordinates":[[[139.79791402816772,35.6623870327385],[139.79793548583984,35.6623870327385],[139.79793548583984,35.66217782880548],[139.79791402816772,35.66217782880548],[139.79791402816772,35.6623870327385]]]}},{"type":"Feature","properties":{},"geometry":{"type":"Polygon","coordinates":[[[139.79864358901978,35.6623870327385],[139.798686504364,35.6623870327385],[139.798686504364,35.64390523787731],[139.79864358901978,35.64390523787731],[139.79864358901978,35.6623870327385]]]}},{"type":"Feature","properties":{},"geometry":{"type":"Polygon","coordinates":[[[139.79611158370972,35.66236959909837],[139.79613304138184,35.66236959909837],[139.79613304138184,35.64390523787731],[139.79611158370972,35.64390523787731],[139.79611158370972,35.66236959909837]]]}},{"type":"Feature","properties":{},"geometry":{"type":"Polygon","coordinates":[[[139.7978711128235,35.66236959909837],[139.79791402816772,35.66236959909837],[139.79791402816772,35.66216039511965],[139.7978711128235,35.66216039511965],[139.7978711128235,35.66236959909837]]]}},{"type":"Feature","properties":{},"geometry":{"type":"Polygon","coordinates":[[[139.79817152023315,35.66236959909837],[139.79819297790527,35.66236959909837],[139.79819297790527,35.662352165454394],[139.79817152023315,35.662352165454394],[139.79817152023315,35.66236959909837]]]}},{"type":"Feature","properties":{},"geometry":{"type":"Polygon","coordinates":[[[139.79862213134766,35.66236959909837],[139.79864358901978,35.66236959909837],[139.79864358901978,35.64390523787731],[139.79862213134766,35.64390523787731],[139.79862213134766,35.66236959909837]]]}},{"type":"Feature","properties":{},"geometry":{"type":"Polygon","coordinates":[[[139.79613304138184,35.662352165454394],[139.79615449905396,35.662352165454394],[139.79615449905396,35.64390523787731],[139.79613304138184,35.64390523787731],[139.79613304138184,35.662352165454394]]]}},{"type":"Feature","properties":{},"geometry":{"type":"Polygon","coordinates":[[[139.79681968688965,35.662352165454394],[139.79684114456177,35.662352165454394],[139.79684114456177,35.6619163231184],[139.79681968688965,35.6619163231184],[139.79681968688965,35.662352165454394]]]}},{"type":"Feature","properties":{},"geometry":{"type":"Polygon","coordinates":[[[139.79784965515137,35.662352165454394],[139.7978711128235,35.662352165454394],[139.7978711128235,35.66214296143003],[139.79784965515137,35.66214296143003],[139.79784965515137,35.662352165454394]]]}},{"type":"Feature","properties":{},"geometry":{"type":"Polygon","coordinates":[[[139.79860067367554,35.662352165454394],[139.79862213134766,35.662352165454394],[139.79862213134766,35.64390523787731],[139.79860067367554,35.64390523787731],[139.79860067367554,35.662352165454394]]]}},{"type":"Feature","properties":{},"geometry":{"type":"Polygon","coordinates":[[[139.79615449905396,35.662334731806624],[139.79617595672607,35.662334731806624],[139.79617595672607,35.64390523787731],[139.79615449905396,35.64390523787731],[139.79615449905396,35.662334731806624]]]}},{"type":"Feature","properties":{},"geometry":{"type":"Polygon","coordinates":[[[139.79782819747925,35.662334731806624],[139.79784965515137,35.662334731806624],[139.79784965515137,35.66212552773658],[139.79782819747925,35.66212552773658],[139.79782819747925,35.662334731806624]]]}},{"type":"Feature","properties":{},"geometry":{"type":"Polygon","coordinates":[[[139.79857921600342,35.662334731806624],[139.79860067367554,35.662334731806624],[139.79860067367554,35.64390523787731],[139.79857921600342,35.64390523787731],[139.79857921600342,35.662334731806624]]]}},{"type":"Feature","properties":{},"geometry":{"type":"Polygon","coordinates":[[[139.79684114456177,35.66231729815507],[139.7968626022339,35.66231729815507],[139.7968626022339,35.66189888937546],[139.79684114456177,35.66189888937546],[139.79684114456177,35.66231729815507]]]}},{"type":"Feature","properties":{},"geometry":{"type":"Polygon","coordinates":[[[139.79780673980713,35.66231729815507],[139.79782819747925,35.66231729815507],[139.79782819747925,35.66210809403934],[139.79780673980713,35.66210809403934],[139.79780673980713,35.66231729815507]]]}},{"type":"Feature","properties":{},"geometry":{"type":"Polygon","coordinates":[[[139.79853630065918,35.66231729815507],[139.79857921600342,35.66231729815507],[139.79857921600342,35.64390523787731],[139.79853630065918,35.64390523787731],[139.79853630065918,35.66231729815507]]]}},{"type":"Feature","properties":{},"geometry":{"type":"Polygon","coordinates":[[[139.79617595672607,35.66229986449969],[139.7961974143982,35.66229986449969],[139.7961974143982,35.64390523787731],[139.79617595672607,35.64390523787731],[139.79617595672607,35.66229986449969]]]}},{"type":"Feature","properties":{},"geometry":{"type":"Polygon","coordinates":[[[139.7968626022339,35.66229986449969],[139.796884059906,35.66229986449969],[139.796884059906,35.661864021878195],[139.7968626022339,35.661864021878195],[139.7968626022339,35.66229986449969]]]}},{"type":"Feature","properties":{},"geometry":{"type":"Polygon","coordinates":[[[139.7977638244629,35.66229986449969],[139.79780673980713,35.66229986449969],[139.79780673980713,35.66209066033828],[139.7977638244629,35.66209066033828],[139.7977638244629,35.66229986449969]]]}},{"type":"Feature","properties":{},"geometry":{"type":"Polygon","coordinates":[[[139.79806423187256,35.66229986449969],[139.79808568954468,35.66229986449969],[139.79808568954468,35.66228243084051],[139.79806423187256,35.66228243084051],[139.79806423187256,35.66229986449969]]]}},{"type":"Feature","properties":{},"geometry":{"type":"Polygon","coordinates":[[[139.79851484298706,35.66229986449969],[139.79853630065918,35.66229986449969],[139.79853630065918,35.64390523787731],[139.79851484298706,35.64390523787731],[139.79851484298706,35.66229986449969]]]}},{"type":"Feature","properties":{},"geometry":{"type":"Polygon","coordinates":[[[139.7961974143982,35.66228243084051],[139.7962188720703,35.66228243084051],[139.7962188720703,35.64390523787731],[139.7961974143982,35.64390523787731],[139.7961974143982,35.66228243084051]]]}},{"type":"Feature","properties":{},"geometry":{"type":"Polygon","coordinates":[[[139.79774236679077,35.66228243084051],[139.7977638244629,35.66228243084051],[139.7977638244629,35.662055792924754],[139.79774236679077,35.662055792924754],[139.79774236679077,35.66228243084051]]]}},{"type":"Feature","properties":{},"geometry":{"type":"Polygon","coordinates":[[[139.79849338531494,35.66228243084051],[139.79851484298706,35.66228243084051],[139.79851484298706,35.64390523787731],[139.79849338531494,35.64390523787731],[139.79849338531494,35.66228243084051]]]}},{"type":"Feature","properties":{},"geometry":{"type":"Polygon","coordinates":[[[139.7962188720703,35.662264997177516],[139.79624032974243,35.662264997177516],[139.79624032974243,35.64390523787731],[139.7962188720703,35.64390523787731],[139.7962188720703,35.662264997177516]]]}},{"type":"Feature","properties":{},"geometry":{"type":"Polygon","coordinates":[[[139.796884059906,35.662264997177516],[139.79690551757812,35.662264997177516],[139.79690551757812,35.661829154365705],[139.796884059906,35.661829154365705],[139.796884059906,35.662264997177516]]]}},{"type":"Feature","properties":{},"geometry":{"type":"Polygon","coordinates":[[[139.79772090911865,35.662264997177516],[139.79774236679077,35.662264997177516],[139.79774236679077,35.66203835921227],[139.79772090911865,35.66203835921227],[139.79772090911865,35.662264997177516]]]}},{"type":"Feature","properties":{},"geometry":{"type":"Polygon","coordinates":[[[139.79847192764282,35.662264997177516],[139.79849338531494,35.662264997177516],[139.79849338531494,35.64390523787731],[139.79847192764282,35.64390523787731],[139.79847192764282,35.662264997177516]]]}},{"type":"Feature","properties":{},"geometry":{"type":"Polygon","coordinates":[[[139.79769945144653,35.66224756351073],[139.79772090911865,35.66224756351073],[139.79772090911865,35.662020925496],[139.79769945144653,35.662020925496],[139.79769945144653,35.66224756351073]]]}},{"type":"Feature","properties":{},"geometry":{"type":"Polygon","coordinates":[[[139.79842901229858,35.66224756351073],[139.79847192764282,35.66224756351073],[139.79847192764282,35.64390523787731],[139.79842901229858,35.64390523787731],[139.79842901229858,35.66224756351073]]]}},{"type":"Feature","properties":{},"geometry":{"type":"Polygon","coordinates":[[[139.79624032974243,35.662230129840125],[139.79626178741455,35.662230129840125],[139.79626178741455,35.64390523787731],[139.79624032974243,35.64390523787731],[139.79624032974243,35.662230129840125]]]}},{"type":"Feature","properties":{},"geometry":{"type":"Polygon","coordinates":[[[139.79690551757812,35.662230129840125],[139.79692697525024,35.662230129840125],[139.79692697525024,35.66181172060376],[139.79690551757812,35.66181172060376],[139.79690551757812,35.662230129840125]]]}},{"type":"Feature","properties":{},"geometry":{"type":"Polygon","coordinates":[[[139.7976565361023,35.662230129840125],[139.79769945144653,35.662230129840125],[139.79769945144653,35.66200349177591],[139.7976565361023,35.66200349177591],[139.7976565361023,35.662230129840125]]]}},{"type":"Feature","properties":{},"geometry":{"type":"Polygon","coordinates":[[[139.79795694351196,35.662230129840125],[139.79797840118408,35.662230129840125],[139.79797840118408,35.66221269616572],[139.79795694351196,35.66221269616572],[139.79795694351196,35.662230129840125]]]}},{"type":"Feature","properties":{},"geometry":{"type":"Polygon","coordinates":[[[139.79840755462646,35.662230129840125],[139.79842901229858,35.662230129840125],[139.79842901229858,35.64390523787731],[139.79840755462646,35.64390523787731],[139.79840755462646,35.662230129840125]]]}},{"type":"Feature","properties":{},"geometry":{"type":"Polygon","coordinates":[[[139.79626178741455,35.66221269616572],[139.79628324508667,35.66221269616572],[139.79628324508667,35.64390523787731],[139.79626178741455,35.64390523787731],[139.79626178741455,35.66221269616572]]]}},{"type":"Feature","properties":{},"geometry":{"type":"Polygon","coordinates":[[[139.79763507843018,35.66221269616572],[139.7976565361023,35.66221269616572],[139.7976565361023,35.66196862432432],[139.79763507843018,35.66196862432432],[139.79763507843018,35.66221269616572]]]}},{"type":"Feature","properties":{},"geometry":{"type":"Polygon","coordinates":[[[139.79838609695435,35.66221269616572],[139.79840755462646,35.66221269616572],[139.79840755462646,35.64390523787731],[139.79838609695435,35.64390523787731],[139.79838609695435,35.66221269616572]]]}},{"type":"Feature","properties":{},"geometry":{"type":"Polygon","coordinates":[[[139.79628324508667,35.662195262487494],[139.7963047027588,35.662195262487494],[139.7963047027588,35.64390523787731],[139.79628324508667,35.64390523787731],[139.79628324508667,35.662195262487494]]]}},{"type":"Feature","properties":{},"geometry":{"type":"Polygon","coordinates":[[[139.79692697525024,35.662195262487494],[139.79694843292236,35.662195262487494],[139.79694843292236,35.66177685306841],[139.79692697525024,35.66177685306841],[139.79692697525024,35.662195262487494]]]}},{"type":"Feature","properties":{},"geometry":{"type":"Polygon","coordinates":[[[139.79761362075806,35.662195262487494],[139.79763507843018,35.662195262487494],[139.79763507843018,35.66196862432432],[139.79761362075806,35.66196862432432],[139.79761362075806,35.662195262487494]]]}},{"type":"Feature","properties":{},"geometry":{"type":"Polygon","coordinates":[[[139.79836463928223,35.662195262487494],[139.79838609695435,35.662195262487494],[139.79838609695435,35.64390523787731],[139.79836463928223,35.64390523787731],[139.79836463928223,35.662195262487494]]]}},{"type":"Feature","properties":{},"geometry":{"type":"Polygon","coordinates":[[[139.79759216308594,35.66217782880548],[139.79761362075806,35.66217782880548],[139.79761362075806,35.66195119059282],[139.79759216308594,35.66195119059282],[139.79759216308594,35.66217782880548]]]}},{"type":"Feature","properties":{},"geometry":{"type":"Polygon","coordinates":[[[139.798321723938,35.66217782880548],[139.79836463928223,35.66217782880548],[139.79836463928223,35.64390523787731],[139.798321723938,35.64390523787731],[139.798321723938,35.66217782880548]]]}},{"type":"Feature","properties":{},"geometry":{"type":"Polygon","coordinates":[[[139.7963047027588,35.66216039511965],[139.7963261604309,35.66216039511965],[139.7963261604309,35.64390523787731],[139.7963047027588,35.64390523787731],[139.7963047027588,35.66216039511965]]]}},{"type":"Feature","properties":{},"geometry":{"type":"Polygon","coordinates":[[[139.79694843292236,35.66216039511965],[139.79696989059448,35.66216039511965],[139.79696989059448,35.66174198551786],[139.79694843292236,35.66174198551786],[139.79694843292236,35.66216039511965]]]}},{"type":"Feature","properties":{},"geometry":{"type":"Polygon","coordinates":[[[139.7975492477417,35.66216039511965],[139.79759216308594,35.66216039511965],[139.79759216308594,35.6619337568575],[139.7975492477417,35.6619337568575],[139.7975492477417,35.66216039511965]]]}},{"type":"Feature","properties":{},"geometry":{"type":"Polygon","coordinates":[[[139.7978711128235,35.66216039511965],[139.7978925704956,35.66216039511965],[139.7978925704956,35.66214296143003],[139.7978711128235,35.66214296143003],[139.7978711128235,35.66216039511965]]]}},{"type":"Feature","properties":{},"geometry":{"type":"Polygon","coordinates":[[[139.79830026626587,35.66216039511965],[139.798321723938,35.66216039511965],[139.798321723938,35.64390523787731],[139.79830026626587,35.64390523787731],[139.79830026626587,35.66216039511965]]]}},{"type":"Feature","properties":{},"geometry":{"type":"Polygon","coordinates":[[[139.7963261604309,35.66214296143003],[139.79634761810303,35.66214296143003],[139.79634761810303,35.64390523787731],[139.7963261604309,35.64390523787731],[139.7963261604309,35.66214296143003]]]}},{"type":"Feature","properties":{},"geometry":{"type":"Polygon","coordinates":[[[139.79752779006958,35.66214296143003],[139.7975492477417,35.66214296143003],[139.7975492477417,35.66189888937546],[139.79752779006958,35.66189888937546],[139.79752779006958,35.66214296143003]]]}},{"type":"Feature","properties":{},"geometry":{"type":"Polygon","coordinates":[[[139.79827880859375,35.66214296143003],[139.79830026626587,35.66214296143003],[139.79830026626587,35.64390523787731],[139.79827880859375,35.64390523787731],[139.79827880859375,35.66214296143003]]]}},{"type":"Feature","properties":{},"geometry":{"type":"Polygon","coordinates":[[[139.79634761810303,35.66212552773658],[139.79636907577515,35.66212552773658],[139.79636907577515,35.64390523787731],[139.79634761810303,35.64390523787731],[139.79634761810303,35.66212552773658]]]}},{"type":"Feature","properties":{},"geometry":{"type":"Polygon","coordinates":[[[139.79696989059448,35.66212552773658],[139.7969913482666,35.66212552773658],[139.7969913482666,35.66172455173687],[139.79696989059448,35.66172455173687],[139.79696989059448,35.66212552773658]]]}},{"type":"Feature","properties":{},"geometry":{"type":"Polygon","coordinates":[[[139.79750633239746,35.66212552773658],[139.79752779006958,35.66212552773658],[139.79752779006958,35.661881455628745],[139.79750633239746,35.661881455628745],[139.79750633239746,35.66212552773658]]]}},{"type":"Feature","properties":{},"geometry":{"type":"Polygon","coordinates":[[[139.79825735092163,35.66212552773658],[139.79827880859375,35.66212552773658],[139.79827880859375,35.64390523787731],[139.79825735092163,35.64390523787731],[139.79825735092163,35.66212552773658]]]}},{"type":"Feature","properties":{},"geometry":{"type":"Polygon","coordinates":[[[139.79748487472534,35.66210809403934],[139.79750633239746,35.66210809403934],[139.79750633239746,35.661864021878195],[139.79748487472534,35.661864021878195],[139.79748487472534,35.66210809403934]]]}},{"type":"Feature","properties":{},"geometry":{"type":"Polygon","coordinates":[[[139.7982144355774,35.66210809403934],[139.79825735092163,35.66210809403934],[139.79825735092163,35.64390523787731],[139.7982144355774,35.64390523787731],[139.7982144355774,35.66210809403934]]]}},{"type":"Feature","properties":{},"geometry":{"type":"Polygon","coordinates":[[[139.79636907577515,35.66209066033828],[139.79639053344727,35.66209066033828],[139.79639053344727,35.64390523787731],[139.79636907577515,35.64390523787731],[139.79636907577515,35.66209066033828]]]}},{"type":"Feature","properties":{},"geometry":{"type":"Polygon","coordinates":[[[139.7969913482666,35.66209066033828],[139.79701280593872,35.66209066033828],[139.79701280593872,35.66174198551786],[139.7969913482666,35.66174198551786],[139.7969913482666,35.66209066033828]]]}},{"type":"Feature","properties":{},"geometry":{"type":"Polygon","coordinates":[[[139.7974419593811,35.66209066033828],[139.79748487472534,35.66209066033828],[139.79748487472534,35.661846588123865],[139.7974419593811,35.661846588123865],[139.7974419593811,35.66209066033828]]]}},{"type":"Feature","properties":{},"geometry":{"type":"Polygon","coordinates":[[[139.7977638244629,35.66209066033828],[139.797785282135,35.66209066033828],[139.797785282135,35.662073226633424],[139.7977638244629,35.662073226633424],[139.7977638244629,35.66209066033828]]]}},{"type":"Feature","properties":{},"geometry":{"type":"Polygon","coordinates":[[[139.79819297790527,35.66209066033828],[139.7982144355774,35.66209066033828],[139.7982144355774,35.64390523787731],[139.79819297790527,35.64390523787731],[139.79819297790527,35.66209066033828]]]}},{"type":"Feature","properties":{},"geometry":{"type":"Polygon","coordinates":[[[139.79639053344727,35.662073226633424],[139.79641199111938,35.662073226633424],[139.79641199111938,35.64390523787731],[139.79639053344727,35.64390523787731],[139.79639053344727,35.662073226633424]]]}},{"type":"Feature","properties":{},"geometry":{"type":"Polygon","coordinates":[[[139.79739904403687,35.662073226633424],[139.7974419593811,35.662073226633424],[139.7974419593811,35.661829154365705],[139.79739904403687,35.661829154365705],[139.79739904403687,35.662073226633424]]]}},{"type":"Feature","properties":{},"geometry":{"type":"Polygon","coordinates":[[[139.79817152023315,35.662073226633424],[139.79819297790527,35.662073226633424],[139.79819297790527,35.64390523787731],[139.79817152023315,35.64390523787731],[139.79817152023315,35.662073226633424]]]}},{"type":"Feature","properties":{},"geometry":{"type":"Polygon","coordinates":[[[139.79641199111938,35.662055792924754],[139.7964334487915,35.662055792924754],[139.7964334487915,35.64390523787731],[139.79641199111938,35.64390523787731],[139.79641199111938,35.662055792924754]]]}},{"type":"Feature","properties":{},"geometry":{"type":"Polygon","coordinates":[[[139.79701280593872,35.662055792924754],[139.79703426361084,35.662055792924754],[139.79703426361084,35.66174198551786],[139.79701280593872,35.66174198551786],[139.79701280593872,35.662055792924754]]]}},{"type":"Feature","properties":{},"geometry":{"type":"Polygon","coordinates":[[[139.79735612869263,35.662055792924754],[139.79739904403687,35.662055792924754],[139.79739904403687,35.66181172060376],[139.79735612869263,35.66181172060376],[139.79735612869263,35.662055792924754]]]}},{"type":"Feature","properties":{},"geometry":{"type":"Polygon","coordinates":[[[139.79815006256104,35.662055792924754],[139.79817152023315,35.662055792924754],[139.79817152023315,35.64390523787731],[139.79815006256104,35.64390523787731],[139.79815006256104,35.662055792924754]]]}},{"type":"Feature","properties":{},"geometry":{"type":"Polygon","coordinates":[[[139.7964334487915,35.66203835921227],[139.79645490646362,35.66203835921227],[139.79645490646362,35.64390523787731],[139.7964334487915,35.64390523787731],[139.7964334487915,35.66203835921227]]]}},{"type":"Feature","properties":{},"geometry":{"type":"Polygon","coordinates":[[[139.79703426361084,35.66203835921227],[139.79707717895508,35.66203835921227],[139.79707717895508,35.66174198551786],[139.79703426361084,35.66174198551786],[139.79703426361084,35.66203835921227]]]}},{"type":"Feature","properties":{},"geometry":{"type":"Polygon","coordinates":[[[139.7973132133484,35.66203835921227],[139.79735612869263,35.66203835921227],[139.79735612869263,35.66181172060376],[139.7973132133484,35.66181172060376],[139.7973132133484,35.66203835921227]]]}},{"type":"Feature","properties":{},"geometry":{"type":"Polygon","coordinates":[[[139.7981071472168,35.66203835921227],[139.79815006256104,35.66203835921227],[139.79815006256104,35.64390523787731],[139.7981071472168,35.64390523787731],[139.7981071472168,35.66203835921227]]]}},{"type":"Feature","properties":{},"geometry":{"type":"Polygon","coordinates":[[[139.79707717895508,35.662020925496],[139.79712009429932,35.662020925496],[139.79712009429932,35.66175941929504],[139.79707717895508,35.66175941929504],[139.79707717895508,35.662020925496]]]}},{"type":"Feature","properties":{},"geometry":{"type":"Polygon","coordinates":[[[139.79727029800415,35.662020925496],[139.7973132133484,35.662020925496],[139.7973132133484,35.66179428683798],[139.79727029800415,35.66179428683798],[139.79727029800415,35.662020925496]]]}},{"type":"Feature","properties":{},"geometry":{"type":"Polygon","coordinates":[[[139.79808568954468,35.662020925496],[139.7981071472168,35.662020925496],[139.7981071472168,35.64390523787731],[139.79808568954468,35.64390523787731],[139.79808568954468,35.662020925496]]]}},{"type":"Feature","properties":{},"geometry":{"type":"Polygon","coordinates":[[[139.79645490646362,35.66200349177591],[139.79647636413574,35.66200349177591],[139.79647636413574,35.64390523787731],[139.79645490646362,35.64390523787731],[139.79645490646362,35.66200349177591]]]}},{"type":"Feature","properties":{},"geometry":{"type":"Polygon","coordinates":[[[139.79712009429932,35.66200349177591],[139.79716300964355,35.66200349177591],[139.79716300964355,35.66177685306841],[139.79712009429932,35.66177685306841],[139.79712009429932,35.66200349177591]]]}},{"type":"Feature","properties":{},"geometry":{"type":"Polygon","coordinates":[[[139.7972059249878,35.66200349177591],[139.79727029800415,35.66200349177591],[139.79727029800415,35.66179428683798],[139.7972059249878,35.66179428683798],[139.7972059249878,35.66200349177591]]]}},{"type":"Feature","properties":{},"geometry":{"type":"Polygon","coordinates":[[[139.7976565361023,35.66200349177591],[139.7976779937744,35.66200349177591],[139.7976779937744,35.66198605805202],[139.7976565361023,35.66198605805202],[139.7976565361023,35.66200349177591]]]}},{"type":"Feature","properties":{},"geometry":{"type":"Polygon","coordinates":[[[139.79806423187256,35.66200349177591],[139.79808568954468,35.66200349177591],[139.79808568954468,35.64390523787731],[139.79806423187256,35.64390523787731],[139.79806423187256,35.66200349177591]]]}},{"type":"Feature","properties":{},"geometry":{"type":"Polygon","coordinates":[[[139.79647636413574,35.66198605805202],[139.79649782180786,35.66198605805202],[139.79649782180786,35.64390523787731],[139.79647636413574,35.64390523787731],[139.79647636413574,35.66198605805202]]]}},{"type":"Feature","properties":{},"geometry":{"type":"Polygon","coordinates":[[[139.79716300964355,35.66198605805202],[139.7972059249878,35.66198605805202],[139.7972059249878,35.66177685306841],[139.79716300964355,35.66177685306841],[139.79716300964355,35.66198605805202]]]}},{"type":"Feature","properties":{},"geometry":{"type":"Polygon","coordinates":[[[139.79804277420044,35.66198605805202],[139.79806423187256,35.66198605805202],[139.79806423187256,35.64390523787731],[139.79804277420044,35.64390523787731],[139.79804277420044,35.66198605805202]]]}},{"type":"Feature","properties":{},"geometry":{"type":"Polygon","coordinates":[[[139.79649782180786,35.66196862432432],[139.79651927947998,35.66196862432432],[139.79651927947998,35.64390523787731],[139.79649782180786,35.64390523787731],[139.79649782180786,35.66196862432432]]]}},{"type":"Feature","properties":{},"geometry":{"type":"Polygon","coordinates":[[[139.7979998588562,35.66196862432432],[139.79804277420044,35.66196862432432],[139.79804277420044,35.64390523787731],[139.7979998588562,35.64390523787731],[139.7979998588562,35.66196862432432]]]}},{"type":"Feature","properties":{},"geometry":{"type":"Polygon","coordinates":[[[139.79797840118408,35.66195119059282],[139.7979998588562,35.66195119059282],[139.7979998588562,35.64390523787731],[139.79797840118408,35.64390523787731],[139.79797840118408,35.66195119059282]]]}},{"type":"Feature","properties":{},"geometry":{"type":"Polygon","coordinates":[[[139.79651927947998,35.6619337568575],[139.7965407371521,35.6619337568575],[139.7965407371521,35.64390523787731],[139.79651927947998,35.64390523787731],[139.79651927947998,35.6619337568575]]]}},{"type":"Feature","properties":{},"geometry":{"type":"Polygon","coordinates":[[[139.7975492477417,35.6619337568575],[139.79757070541382,35.6619337568575],[139.79757070541382,35.6619163231184],[139.7975492477417,35.6619163231184],[139.7975492477417,35.6619337568575]]]}},{"type":"Feature","properties":{},"geometry":{"type":"Polygon","coordinates":[[[139.79795694351196,35.6619337568575],[139.79797840118408,35.6619337568575],[139.79797840118408,35.64390523787731],[139.79795694351196,35.64390523787731],[139.79795694351196,35.6619337568575]]]}},{"type":"Feature","properties":{},"geometry":{"type":"Polygon","coordinates":[[[139.7965407371521,35.6619163231184],[139.79656219482422,35.6619163231184],[139.79656219482422,35.64390523787731],[139.7965407371521,35.64390523787731],[139.7965407371521,35.6619163231184]]]}},{"type":"Feature","properties":{},"geometry":{"type":"Polygon","coordinates":[[[139.79793548583984,35.6619163231184],[139.79795694351196,35.6619163231184],[139.79795694351196,35.64390523787731],[139.79793548583984,35.64390523787731],[139.79793548583984,35.6619163231184]]]}},{"type":"Feature","properties":{},"geometry":{"type":"Polygon","coordinates":[[[139.79656219482422,35.66189888937546],[139.79658365249634,35.66189888937546],[139.79658365249634,35.64390523787731],[139.79656219482422,35.64390523787731],[139.79656219482422,35.66189888937546]]]}},{"type":"Feature","properties":{},"geometry":{"type":"Polygon","coordinates":[[[139.79791402816772,35.66189888937546],[139.79793548583984,35.66189888937546],[139.79793548583984,35.64390523787731],[139.79791402816772,35.64390523787731],[139.79791402816772,35.66189888937546]]]}},{"type":"Feature","properties":{},"geometry":{"type":"Polygon","coordinates":[[[139.7978711128235,35.661881455628745],[139.79791402816772,35.661881455628745],[139.79791402816772,35.64390523787731],[139.7978711128235,35.64390523787731],[139.7978711128235,35.661881455628745]]]}},{"type":"Feature","properties":{},"geometry":{"type":"Polygon","coordinates":[[[139.79658365249634,35.661864021878195],[139.79660511016846,35.661864021878195],[139.79660511016846,35.64390523787731],[139.79658365249634,35.64390523787731],[139.79658365249634,35.661864021878195]]]}},{"type":"Feature","properties":{},"geometry":{"type":"Polygon","coordinates":[[[139.79784965515137,35.661864021878195],[139.7978711128235,35.661864021878195],[139.7978711128235,35.64390523787731],[139.79784965515137,35.64390523787731],[139.79784965515137,35.661864021878195]]]}},{"type":"Feature","properties":{},"geometry":{"type":"Polygon","coordinates":[[[139.79660511016846,35.661846588123865],[139.79662656784058,35.661846588123865],[139.79662656784058,35.64390523787731],[139.79660511016846,35.64390523787731],[139.79660511016846,35.661846588123865]]]}},{"type":"Feature","properties":{},"geometry":{"type":"Polygon","coordinates":[[[139.7974419593811,35.661846588123865],[139.79746341705322,35.661846588123865],[139.79746341705322,35.661829154365705],[139.7974419593811,35.661829154365705],[139.7974419593811,35.661846588123865]]]}},{"type":"Feature","properties":{},"geometry":{"type":"Polygon","coordinates":[[[139.79782819747925,35.661846588123865],[139.79784965515137,35.661846588123865],[139.79784965515137,35.64390523787731],[139.79782819747925,35.64390523787731],[139.79782819747925,35.661846588123865]]]}},{"type":"Feature","properties":{},"geometry":{"type":"Polygon","coordinates":[[[139.79780673980713,35.661829154365705],[139.79782819747925,35.661829154365705],[139.79782819747925,35.64390523787731],[139.79780673980713,35.64390523787731],[139.79780673980713,35.661829154365705]]]}},{"type":"Feature","properties":{},"geometry":{"type":"Polygon","coordinates":[[[139.79662656784058,35.66181172060376],[139.7966480255127,35.66181172060376],[139.7966480255127,35.64390523787731],[139.79662656784058,35.64390523787731],[139.79662656784058,35.66181172060376]]]}},{"type":"Feature","properties":{},"geometry":{"type":"Polygon","coordinates":[[[139.7977638244629,35.66181172060376],[139.79780673980713,35.66181172060376],[139.79780673980713,35.64390523787731],[139.7977638244629,35.64390523787731],[139.7977638244629,35.66181172060376]]]}},{"type":"Feature","properties":{},"geometry":{"type":"Polygon","coordinates":[[[139.7972059249878,35.66179428683798],[139.7972273826599,35.66179428683798],[139.7972273826599,35.66177685306841],[139.7972059249878,35.66177685306841],[139.7972059249878,35.66179428683798]]]}},{"type":"Feature","properties":{},"geometry":{"type":"Polygon","coordinates":[[[139.79774236679077,35.66179428683798],[139.7977638244629,35.66179428683798],[139.7977638244629,35.64390523787731],[139.79774236679077,35.64390523787731],[139.79774236679077,35.66179428683798]]]}},{"type":"Feature","properties":{},"geometry":{"type":"Polygon","coordinates":[[[139.7966480255127,35.66177685306841],[139.79666948318481,35.66177685306841],[139.79666948318481,35.64390523787731],[139.7966480255127,35.64390523787731],[139.7966480255127,35.66177685306841]]]}},{"type":"Feature","properties":{},"geometry":{"type":"Polygon","coordinates":[[[139.79712009429932,35.66177685306841],[139.79714155197144,35.66177685306841],[139.79714155197144,35.66175941929504],[139.79712009429932,35.66175941929504],[139.79712009429932,35.66177685306841]]]}},{"type":"Feature","properties":{},"geometry":{"type":"Polygon","coordinates":[[[139.79772090911865,35.66177685306841],[139.79774236679077,35.66177685306841],[139.79774236679077,35.64390523787731],[139.79772090911865,35.64390523787731],[139.79772090911865,35.66177685306841]]]}},{"type":"Feature","properties":{},"geometry":{"type":"Polygon","coordinates":[[[139.79769945144653,35.66175941929504],[139.79772090911865,35.66175941929504],[139.79772090911865,35.64390523787731],[139.79769945144653,35.64390523787731],[139.79769945144653,35.66175941929504]]]}},{"type":"Feature","properties":{},"geometry":{"type":"Polygon","coordinates":[[[139.79666948318481,35.66174198551786],[139.79669094085693,35.66174198551786],[139.79669094085693,35.64390523787731],[139.79666948318481,35.64390523787731],[139.79666948318481,35.66174198551786]]]}},{"type":"Feature","properties":{},"geometry":{"type":"Polygon","coordinates":[[[139.7976565361023,35.66174198551786],[139.79769945144653,35.66174198551786],[139.79769945144653,35.64390523787731],[139.7976565361023,35.64390523787731],[139.7976565361023,35.66174198551786]]]}},{"type":"Feature","properties":{},"geometry":{"type":"Polygon","coordinates":[[[139.79763507843018,35.66172455173687],[139.7976565361023,35.66172455173687],[139.7976565361023,35.64390523787731],[139.79763507843018,35.64390523787731],[139.79763507843018,35.66172455173687]]]}},{"type":"Feature","properties":{},"geometry":{"type":"Polygon","coordinates":[[[139.79761362075806,35.66170711795207],[139.79763507843018,35.66170711795207],[139.79763507843018,35.64390523787731],[139.79761362075806,35.64390523787731],[139.79761362075806,35.66170711795207]]]}},{"type":"Feature","properties":{},"geometry":{"type":"Polygon","coordinates":[[[139.79669094085693,35.66168968416348],[139.79671239852905,35.66168968416348],[139.79671239852905,35.64390523787731],[139.79669094085693,35.64390523787731],[139.79669094085693,35.66168968416348]]]}},{"type":"Feature","properties":{},"geometry":{"type":"Polygon","coordinates":[[[139.79759216308594,35.66168968416348],[139.79761362075806,35.66168968416348],[139.79761362075806,35.64390523787731],[139.79759216308594,35.64390523787731],[139.79759216308594,35.66168968416348]]]}},{"type":"Feature","properties":{},"geometry":{"type":"Polygon","coordinates":[[[139.7975492477417,35.661672250371055],[139.79759216308594,35.661672250371055],[139.79759216308594,35.64390523787731],[139.7975492477417,35.64390523787731],[139.7975492477417,35.661672250371055]]]}},{"type":"Feature","properties":{},"geometry":{"type":"Polygon","coordinates":[[[139.79671239852905,35.66165481657485],[139.79673385620117,35.66165481657485],[139.79673385620117,35.64390523787731],[139.79671239852905,35.64390523787731],[139.79671239852905,35.66165481657485]]]}},{"type":"Feature","properties":{},"geometry":{"type":"Polygon","coordinates":[[[139.79752779006958,35.66165481657485],[139.7975492477417,35.66165481657485],[139.7975492477417,35.64390523787731],[139.79752779006958,35.64390523787731],[139.79752779006958,35.66165481657485]]]}},{"type":"Feature","properties":{},"geometry":{"type":"Polygon","coordinates":[[[139.79750633239746,35.66163738277483],[139.79752779006958,35.66163738277483],[139.79752779006958,35.64390523787731],[139.79750633239746,35.64390523787731],[139.79750633239746,35.66163738277483]]]}},{"type":"Feature","properties":{},"geometry":{"type":"Polygon","coordinates":[[[139.79748487472534,35.661619948971],[139.79750633239746,35.661619948971],[139.79750633239746,35.64390523787731],[139.79748487472534,35.64390523787731],[139.79748487472534,35.661619948971]]]}},{"type":"Feature","properties":{},"geometry":{"type":"Polygon","coordinates":[[[139.79673385620117,35.661602515163366],[139.7967553138733,35.661602515163366],[139.7967553138733,35.64390523787731],[139.79673385620117,35.64390523787731],[139.79673385620117,35.661602515163366]]]}},{"type":"Feature","properties":{},"geometry":{"type":"Polygon","coordinates":[[[139.7974419593811,35.661602515163366],[139.79748487472534,35.661602515163366],[139.79748487472534,35.64390523787731],[139.7974419593811,35.64390523787731],[139.7974419593811,35.661602515163366]]]}},{"type":"Feature","properties":{},"geometry":{"type":"Polygon","coordinates":[[[139.7967553138733,35.66158508135194],[139.7967767715454,35.66158508135194],[139.7967767715454,35.64390523787731],[139.7967553138733,35.64390523787731],[139.7967553138733,35.66158508135194]]]}},{"type":"Feature","properties":{},"geometry":{"type":"Polygon","coordinates":[[[139.79742050170898,35.66158508135194],[139.7974419593811,35.66158508135194],[139.7974419593811,35.64390523787731],[139.79742050170898,35.64390523787731],[139.79742050170898,35.66158508135194]]]}},{"type":"Feature","properties":{},"geometry":{"type":"Polygon","coordinates":[[[139.7967767715454,35.66156764753668],[139.79679822921753,35.66156764753668],[139.79679822921753,35.64390523787731],[139.7967767715454,35.64390523787731],[139.7967767715454,35.66156764753668]]]}},{"type":"Feature","properties":{},"geometry":{"type":"Polygon","coordinates":[[[139.79739904403687,35.66156764753668],[139.79742050170898,35.66156764753668],[139.79742050170898,35.64390523787731],[139.79739904403687,35.64390523787731],[139.79739904403687,35.66156764753668]]]}},{"type":"Feature","properties":{},"geometry":{"type":"Polygon","coordinates":[[[139.79679822921753,35.66155021371764],[139.79684114456177,35.66155021371764],[139.79684114456177,35.64390523787731],[139.79679822921753,35.64390523787731],[139.79679822921753,35.66155021371764]]]}},{"type":"Feature","properties":{},"geometry":{"type":"Polygon","coordinates":[[[139.79737758636475,35.66155021371764],[139.79739904403687,35.66155021371764],[139.79739904403687,35.64390523787731],[139.79737758636475,35.64390523787731],[139.79737758636475,35.66155021371764]]]}},{"type":"Feature","properties":{},"geometry":{"type":"Polygon","coordinates":[[[139.79684114456177,35.66153277989476],[139.796884059906,35.66153277989476],[139.796884059906,35.64390523787731],[139.79684114456177,35.64390523787731],[139.79684114456177,35.66153277989476]]]}},{"type":"Feature","properties":{},"geometry":{"type":"Polygon","coordinates":[[[139.7973346710205,35.66153277989476],[139.79737758636475,35.66153277989476],[139.79737758636475,35.64390523787731],[139.7973346710205,35.64390523787731],[139.7973346710205,35.66153277989476]]]}},{"type":"Feature","properties":{},"geometry":{"type":"Polygon","coordinates":[[[139.796884059906,35.661515346068086],[139.79690551757812,35.661515346068086],[139.79690551757812,35.64390523787731],[139.796884059906,35.64390523787731],[139.796884059906,35.661515346068086]]]}},{"type":"Feature","properties":{},"geometry":{"type":"Polygon","coordinates":[[[139.7973132133484,35.661515346068086],[139.7973346710205,35.661515346068086],[139.7973346710205,35.64390523787731],[139.7973132133484,35.64390523787731],[139.7973132133484,35.661515346068086]]]}},{"type":"Feature","properties":{},"geometry":{"type":"Polygon","coordinates":[[[139.79690551757812,35.66149791223763],[139.79694843292236,35.66149791223763],[139.79694843292236,35.64390523787731],[139.79690551757812,35.64390523787731],[139.79690551757812,35.66149791223763]]]}},{"type":"Feature","properties":{},"geometry":{"type":"Polygon","coordinates":[[[139.79729175567627,35.66149791223763],[139.7973132133484,35.66149791223763],[139.7973132133484,35.64390523787731],[139.79729175567627,35.64390523787731],[139.79729175567627,35.66149791223763]]]}},{"type":"Feature","properties":{},"geometry":{"type":"Polygon","coordinates":[[[139.79694843292236,35.66148047840334],[139.7969913482666,35.66148047840334],[139.7969913482666,35.64390523787731],[139.79694843292236,35.64390523787731],[139.79694843292236,35.66148047840334]]]}},{"type":"Feature","properties":{},"geometry":{"type":"Polygon","coordinates":[[[139.79727029800415,35.66148047840334],[139.79729175567627,35.66148047840334],[139.79729175567627,35.64390523787731],[139.79727029800415,35.64390523787731],[139.79727029800415,35.66148047840334]]]}},{"type":"Feature","properties":{},"geometry":{"type":"Polygon","coordinates":[[[139.7969913482666,35.66146304456527],[139.79703426361084,35.66146304456527],[139.79703426361084,35.64390523787731],[139.7969913482666,35.64390523787731],[139.7969913482666,35.66146304456527]]]}},{"type":"Feature","properties":{},"geometry":{"type":"Polygon","coordinates":[[[139.79712009429932,35.66146304456527],[139.79727029800415,35.66146304456527],[139.79727029800415,35.64390523787731],[139.79712009429932,35.64390523787731],[139.79712009429932,35.66146304456527]]]}},{"type":"Feature","properties":{},"geometry":{"type":"Polygon","coordinates":[[[139.79703426361084,35.66144561072336],[139.79712009429932,35.66144561072336],[139.79712009429932,35.64390523787731],[139.79703426361084,35.64390523787731],[139.79703426361084,35.66144561072336]]]}}]}